STT,Thể loại,Số ký hiệu,Năm ban hành,Ngày ban hành,Trích yếu / Tiêu đề văn bản,Lĩnh vực công tác,Vấn đề trọng tâm cần giải quyết (Vấn đề),Nội dung chỉ đạo & Yêu cầu triển khai (Nội dung),Tình trạng tệp,Ghi chú đối soát,Tên tệp,Dung lượng (KB)
1,BÁO CÁO,1-BC/ĐU,2025,Năm 2025,Báo Cáo số 1 năm 2025,Công tác Đảng & Quản lý điều hành,"Lãnh đạo, chỉ đạo và triển khai các nhiệm vụ chính trị trọng tâm theo Báo Cáo số 1 năm 2025.","Tổ chức phân công nhiệm vụ cụ thể cho các cơ quan, đơn vị liên quan; theo dõi, đôn đốc tiến độ và báo cáo Thường trực, Ban Thường vụ Đảng uỷ định kỳ.",Bản scan đóng dấu / Ký số,,A32.65-ĐU-BC-0001-2025.pdf,496.5
2,BÁO CÁO,2-BC/ĐU,2025,Năm 2025,Báo Cáo số 2 năm 2025,Công tác Đảng & Quản lý điều hành,"Lãnh đạo, chỉ đạo và triển khai các nhiệm vụ chính trị trọng tâm theo Báo Cáo số 2 năm 2025.","Tổ chức phân công nhiệm vụ cụ thể cho các cơ quan, đơn vị liên quan; theo dõi, đôn đốc tiến độ và báo cáo Thường trực, Ban Thường vụ Đảng uỷ định kỳ.",Bản scan đóng dấu / Ký số,,A32.65-ĐU-BC-0002-2025.pdf,357.8
3,BÁO CÁO,3-BC/ĐU,2025,Năm 2025,Báo Cáo số 3 năm 2025,Công tác Đảng & Quản lý điều hành,"Lãnh đạo, chỉ đạo và triển khai các nhiệm vụ chính trị trọng tâm theo Báo Cáo số 3 năm 2025.","Tổ chức phân công nhiệm vụ cụ thể cho các cơ quan, đơn vị liên quan; theo dõi, đôn đốc tiến độ và báo cáo Thường trực, Ban Thường vụ Đảng uỷ định kỳ.",Bản scan đóng dấu / Ký số,,A32.65-ĐU-BC-0003-2025.pdf,845.2
4,BÁO CÁO,4-BC/ĐU,2025,Năm 2025,Báo Cáo số 4 năm 2025,Công tác Đảng & Quản lý điều hành,"Lãnh đạo, chỉ đạo và triển khai các nhiệm vụ chính trị trọng tâm theo Báo Cáo số 4 năm 2025.","Tổ chức phân công nhiệm vụ cụ thể cho các cơ quan, đơn vị liên quan; theo dõi, đôn đốc tiến độ và báo cáo Thường trực, Ban Thường vụ Đảng uỷ định kỳ.",Bản scan đóng dấu / Ký số,,A32.65-ĐU-BC-0004-2025.pdf,182.1
5,BÁO CÁO,5-BC/ĐU,2025,Năm 2025,Báo Cáo số 5 năm 2025,Công tác Đảng & Quản lý điều hành,"Lãnh đạo, chỉ đạo và triển khai các nhiệm vụ chính trị trọng tâm theo Báo Cáo số 5 năm 2025.","Tổ chức phân công nhiệm vụ cụ thể cho các cơ quan, đơn vị liên quan; theo dõi, đôn đốc tiến độ và báo cáo Thường trực, Ban Thường vụ Đảng uỷ định kỳ.",Bản scan đóng dấu / Ký số,,A32.65-ĐU-BC-0005-2025.pdf,485.4
6,BÁO CÁO,6-BC/ĐU,2025,ngày 01/7/2025,"BÁO CÁO tình hình, kết quả triển khai thực hiện các văn bản chỉ đạo, kết luận của Bộ Chính trị, Ban Bí thư về sắp xếp tổ chức bộ máy của hệ thống chính trị và vận hành mô hình chính quyền địa phương 02 cấp (Kể từ ngày 01/7/2025 đến nay)",Công tác Tổ chức - Đảng viên,"Củng cố tổ chức cơ sở đảng, nâng cao năng lực lãnh đạo, chất lượng sinh hoạt chi bộ và hoàn thành chỉ tiêu phát triển đảng viên mới.","tình hình, kết quả triển khai thực hiện các văn bản chỉ đạo, kết luận của Bộ | Chính trị, Ban Bí thư về sắp xếp tổ chức bộ máy của hệ thống chính trị và | vận hành mô hình chính quyền địa phương 02 cấp",Văn bản số (Digital Text đầy đủ),,A32.65-ĐU-BC-0006-2025.pdf,1071.9
7,BÁO CÁO,7-BC/ĐU,2025,Năm 2025,Báo Cáo số 7 năm 2025,Công tác Đảng & Quản lý điều hành,"Lãnh đạo, chỉ đạo và triển khai các nhiệm vụ chính trị trọng tâm theo Báo Cáo số 7 năm 2025.","Tổ chức phân công nhiệm vụ cụ thể cho các cơ quan, đơn vị liên quan; theo dõi, đôn đốc tiến độ và báo cáo Thường trực, Ban Thường vụ Đảng uỷ định kỳ.",Bản scan đóng dấu / Ký số,,A32.65-ĐU-BC-0007-2025.pdf,586.9
8,BÁO CÁO,8-BC/ĐU,2025,27/08/2025,Báo Cáo số 8 năm 2025,Công tác Đảng & Quản lý điều hành,"Lãnh đạo, chỉ đạo và triển khai các nhiệm vụ chính trị trọng tâm theo Báo Cáo số 8 năm 2025.","Tổ chức phân công nhiệm vụ cụ thể cho các cơ quan, đơn vị liên quan; theo dõi, đôn đốc tiến độ và báo cáo Thường trực, Ban Thường vụ Đảng uỷ định kỳ.",Bản scan đóng dấu / Ký số,,A32.65-ĐU-BC-0008-2025.pdf,626.5
9,BÁO CÁO,9-BC/ĐU,2025,27/08/2025,Báo Cáo số 9 năm 2025,Công tác Đảng & Quản lý điều hành,"Lãnh đạo, chỉ đạo và triển khai các nhiệm vụ chính trị trọng tâm theo Báo Cáo số 9 năm 2025.","Tổ chức phân công nhiệm vụ cụ thể cho các cơ quan, đơn vị liên quan; theo dõi, đôn đốc tiến độ và báo cáo Thường trực, Ban Thường vụ Đảng uỷ định kỳ.",Bản scan đóng dấu / Ký số,,A32.65-ĐU-BC-0009-2025.pdf,1052.1
10,BÁO CÁO,10-BC/ĐU,2025,Năm 2025,Báo Cáo số 10 năm 2025,Công tác Đảng & Quản lý điều hành,"Lãnh đạo, chỉ đạo và triển khai các nhiệm vụ chính trị trọng tâm theo Báo Cáo số 10 năm 2025.","Tổ chức phân công nhiệm vụ cụ thể cho các cơ quan, đơn vị liên quan; theo dõi, đôn đốc tiến độ và báo cáo Thường trực, Ban Thường vụ Đảng uỷ định kỳ.",Bản scan đóng dấu / Ký số,,A32.65-ĐU-BC-0010-2025.pdf,821.6
11,BÁO CÁO,12-BC/ĐU,2025,29/08/2025,Báo Cáo số 12 năm 2025,Công tác Đảng & Quản lý điều hành,"Lãnh đạo, chỉ đạo và triển khai các nhiệm vụ chính trị trọng tâm theo Báo Cáo số 12 năm 2025.","Tổ chức phân công nhiệm vụ cụ thể cho các cơ quan, đơn vị liên quan; theo dõi, đôn đốc tiến độ và báo cáo Thường trực, Ban Thường vụ Đảng uỷ định kỳ.",Bản scan đóng dấu / Ký số,,A32.65-ĐU-BC-0012-2025.pdf,1632.8
12,BÁO CÁO,13-BC/ĐU,2025,03/09/2025,Báo Cáo số 13 năm 2025,Công tác Đảng & Quản lý điều hành,"Lãnh đạo, chỉ đạo và triển khai các nhiệm vụ chính trị trọng tâm theo Báo Cáo số 13 năm 2025.","Tổ chức phân công nhiệm vụ cụ thể cho các cơ quan, đơn vị liên quan; theo dõi, đôn đốc tiến độ và báo cáo Thường trực, Ban Thường vụ Đảng uỷ định kỳ.",Bản scan đóng dấu / Ký số,,A32.65-ĐU-BC-0013-2025.pdf,846.4
13,BÁO CÁO,14-BC/ĐU,2025,03/09/2025,Báo Cáo số 14 năm 2025,Công tác Đảng & Quản lý điều hành,"Lãnh đạo, chỉ đạo và triển khai các nhiệm vụ chính trị trọng tâm theo Báo Cáo số 14 năm 2025.","Tổ chức phân công nhiệm vụ cụ thể cho các cơ quan, đơn vị liên quan; theo dõi, đôn đốc tiến độ và báo cáo Thường trực, Ban Thường vụ Đảng uỷ định kỳ.",Bản scan đóng dấu / Ký số,,A32.65-ĐU-BC-0014-2025.pdf,923.2
14,BÁO CÁO,15-BC/ĐU,2025,03/09/2025,Báo Cáo số 15 năm 2025,Công tác Đảng & Quản lý điều hành,"Lãnh đạo, chỉ đạo và triển khai các nhiệm vụ chính trị trọng tâm theo Báo Cáo số 15 năm 2025.","Tổ chức phân công nhiệm vụ cụ thể cho các cơ quan, đơn vị liên quan; theo dõi, đôn đốc tiến độ và báo cáo Thường trực, Ban Thường vụ Đảng uỷ định kỳ.",Bản scan đóng dấu / Ký số,,A32.65-ĐU-BC-0015-2025.pdf,1631.5
15,BÁO CÁO,16-BC/ĐU,2025,08/09/2025,Báo Cáo số 16 năm 2025,Công tác Đảng & Quản lý điều hành,"Lãnh đạo, chỉ đạo và triển khai các nhiệm vụ chính trị trọng tâm theo Báo Cáo số 16 năm 2025.","Tổ chức phân công nhiệm vụ cụ thể cho các cơ quan, đơn vị liên quan; theo dõi, đôn đốc tiến độ và báo cáo Thường trực, Ban Thường vụ Đảng uỷ định kỳ.",Bản scan đóng dấu / Ký số,,A32.65-ĐU-BC-0016-2025.pdf,1632.5
16,BÁO CÁO,17-BC/ĐU,2025,Năm 2025,Báo Cáo số 17 năm 2025,Công tác Đảng & Quản lý điều hành,"Lãnh đạo, chỉ đạo và triển khai các nhiệm vụ chính trị trọng tâm theo Báo Cáo số 17 năm 2025.","Tổ chức phân công nhiệm vụ cụ thể cho các cơ quan, đơn vị liên quan; theo dõi, đôn đốc tiến độ và báo cáo Thường trực, Ban Thường vụ Đảng uỷ định kỳ.",Bản scan đóng dấu / Ký số,,A32.65-ĐU-BC-0017-2025.pdf,384.9
17,BÁO CÁO,18-BC/ĐU,2025,Năm 2025,Báo Cáo số 18 năm 2025,Công tác Đảng & Quản lý điều hành,"Lãnh đạo, chỉ đạo và triển khai các nhiệm vụ chính trị trọng tâm theo Báo Cáo số 18 năm 2025.","Tổ chức phân công nhiệm vụ cụ thể cho các cơ quan, đơn vị liên quan; theo dõi, đôn đốc tiến độ và báo cáo Thường trực, Ban Thường vụ Đảng uỷ định kỳ.",Bản scan đóng dấu / Ký số,,A32.65-ĐU-BC-0018-2025.pdf,332.6
18,BÁO CÁO,19-BC/ĐU,2025,ngày 05/9/2025,"BÁO CÁO Tình hình công tác tổ chức, xây dựng đảng quý III, năm 2025",Công tác Tổ chức - Đảng viên,"Củng cố tổ chức cơ sở đảng, nâng cao năng lực lãnh đạo, chất lượng sinh hoạt chi bộ và hoàn thành chỉ tiêu phát triển đảng viên mới.","Tình hình công tác tổ chức, xây dựng đảng quý III, năm 2025 | Thực hiện Công văn số484-CV/BTCTU, ngày 05/9/2025 của Ban Tổ | chức Tỉnh ủy vềviệc xây dựng báo cáo quý III, Đảng ủy xã Công Hải báo cáo",Văn bản số (Digital Text đầy đủ),,A32.65-ĐU-BC-0019-2025.pdf,1263.4
19,BÁO CÁO,20-BC/ĐU,2025,12/09/2025,Báo Cáo số 20 năm 2025,Công tác Đảng & Quản lý điều hành,"Lãnh đạo, chỉ đạo và triển khai các nhiệm vụ chính trị trọng tâm theo Báo Cáo số 20 năm 2025.","Tổ chức phân công nhiệm vụ cụ thể cho các cơ quan, đơn vị liên quan; theo dõi, đôn đốc tiến độ và báo cáo Thường trực, Ban Thường vụ Đảng uỷ định kỳ.",Bản scan đóng dấu / Ký số,,A32.65-ĐU-BC-0020-2025.pdf,1682.6
20,BÁO CÁO,21-BC/ĐU,2025,15/09/2025,Báo Cáo số 21 năm 2025,Công tác Đảng & Quản lý điều hành,"Lãnh đạo, chỉ đạo và triển khai các nhiệm vụ chính trị trọng tâm theo Báo Cáo số 21 năm 2025.","Tổ chức phân công nhiệm vụ cụ thể cho các cơ quan, đơn vị liên quan; theo dõi, đôn đốc tiến độ và báo cáo Thường trực, Ban Thường vụ Đảng uỷ định kỳ.",Bản scan đóng dấu / Ký số,,A32.65-ĐU-BC-0021-2025.pdf,2101.7
21,BÁO CÁO,22-BC/ĐU,2025,15/09/2025,Báo Cáo số 22 năm 2025,Công tác Đảng & Quản lý điều hành,"Lãnh đạo, chỉ đạo và triển khai các nhiệm vụ chính trị trọng tâm theo Báo Cáo số 22 năm 2025.","Tổ chức phân công nhiệm vụ cụ thể cho các cơ quan, đơn vị liên quan; theo dõi, đôn đốc tiến độ và báo cáo Thường trực, Ban Thường vụ Đảng uỷ định kỳ.",Bản scan đóng dấu / Ký số,,A32.65-ĐU-BC-0022-2025.pdf,1037.9
22,BÁO CÁO,25-BC/ĐU,2025,18/09/2025,Báo Cáo số 25 năm 2025,Công tác Đảng & Quản lý điều hành,"Lãnh đạo, chỉ đạo và triển khai các nhiệm vụ chính trị trọng tâm theo Báo Cáo số 25 năm 2025.","Tổ chức phân công nhiệm vụ cụ thể cho các cơ quan, đơn vị liên quan; theo dõi, đôn đốc tiến độ và báo cáo Thường trực, Ban Thường vụ Đảng uỷ định kỳ.",Bản scan đóng dấu / Ký số,,A32.65-ĐU-BC-0025-2025.pdf,1066.2
23,BÁO CÁO,26-BC/ĐU,2025,25/09/2025,Báo Cáo số 26 năm 2025,Công tác Đảng & Quản lý điều hành,"Lãnh đạo, chỉ đạo và triển khai các nhiệm vụ chính trị trọng tâm theo Báo Cáo số 26 năm 2025.","Tổ chức phân công nhiệm vụ cụ thể cho các cơ quan, đơn vị liên quan; theo dõi, đôn đốc tiến độ và báo cáo Thường trực, Ban Thường vụ Đảng uỷ định kỳ.",Bản scan đóng dấu / Ký số,,A32.65-ĐU-BC-0026-2025.pdf,963.4
24,BÁO CÁO,27-BC/ĐU,2025,25/09/2025,Báo Cáo số 27 năm 2025,Công tác Đảng & Quản lý điều hành,"Lãnh đạo, chỉ đạo và triển khai các nhiệm vụ chính trị trọng tâm theo Báo Cáo số 27 năm 2025.","Tổ chức phân công nhiệm vụ cụ thể cho các cơ quan, đơn vị liên quan; theo dõi, đôn đốc tiến độ và báo cáo Thường trực, Ban Thường vụ Đảng uỷ định kỳ.",Bản scan đóng dấu / Ký số,,A32.65-ĐU-BC-0027-2025.pdf,1729.4
25,BÁO CÁO,28-BC/ĐU,2025,25/09/2025,Báo Cáo số 28 năm 2025,Công tác Đảng & Quản lý điều hành,"Lãnh đạo, chỉ đạo và triển khai các nhiệm vụ chính trị trọng tâm theo Báo Cáo số 28 năm 2025.","Tổ chức phân công nhiệm vụ cụ thể cho các cơ quan, đơn vị liên quan; theo dõi, đôn đốc tiến độ và báo cáo Thường trực, Ban Thường vụ Đảng uỷ định kỳ.",Bản scan đóng dấu / Ký số,,A32.65-ĐU-BC-0028-2025.pdf,1043.9
26,BÁO CÁO,29-BC/ĐU,2025,25/09/2025,Báo Cáo số 29 năm 2025,Công tác Đảng & Quản lý điều hành,"Lãnh đạo, chỉ đạo và triển khai các nhiệm vụ chính trị trọng tâm theo Báo Cáo số 29 năm 2025.","Tổ chức phân công nhiệm vụ cụ thể cho các cơ quan, đơn vị liên quan; theo dõi, đôn đốc tiến độ và báo cáo Thường trực, Ban Thường vụ Đảng uỷ định kỳ.",Bản scan đóng dấu / Ký số,,A32.65-ĐU-BC-0029-2025.pdf,1048.0
27,BÁO CÁO,30-BC/ĐU,2025,26/09/2025,Báo Cáo số 30 năm 2025,Công tác Đảng & Quản lý điều hành,"Lãnh đạo, chỉ đạo và triển khai các nhiệm vụ chính trị trọng tâm theo Báo Cáo số 30 năm 2025.","Tổ chức phân công nhiệm vụ cụ thể cho các cơ quan, đơn vị liên quan; theo dõi, đôn đốc tiến độ và báo cáo Thường trực, Ban Thường vụ Đảng uỷ định kỳ.",Văn bản số (Digital Text đầy đủ),,A32.65-ĐU-BC-0030-2025.pdf,3064.8
28,BÁO CÁO,32-BC/ĐU,2025,29/09/2025,Báo Cáo số 32 năm 2025,Công tác Đảng & Quản lý điều hành,"Lãnh đạo, chỉ đạo và triển khai các nhiệm vụ chính trị trọng tâm theo Báo Cáo số 32 năm 2025.","Tổ chức phân công nhiệm vụ cụ thể cho các cơ quan, đơn vị liên quan; theo dõi, đôn đốc tiến độ và báo cáo Thường trực, Ban Thường vụ Đảng uỷ định kỳ.",Bản scan đóng dấu / Ký số,,A32.65-ĐU-BC-0032-2025.pdf,1384.6
29,BÁO CÁO,33-BC/ĐU,2025,30/09/2025,Báo Cáo số 33 năm 2025,Công tác Đảng & Quản lý điều hành,"Lãnh đạo, chỉ đạo và triển khai các nhiệm vụ chính trị trọng tâm theo Báo Cáo số 33 năm 2025.","Tổ chức phân công nhiệm vụ cụ thể cho các cơ quan, đơn vị liên quan; theo dõi, đôn đốc tiến độ và báo cáo Thường trực, Ban Thường vụ Đảng uỷ định kỳ.",Bản scan đóng dấu / Ký số,,A32.65-ĐU-BC-0033-2025.pdf,1268.4
30,BÁO CÁO,34-BC/ĐU,2025,01/10/2025,Báo Cáo số 34 năm 2025,Công tác Đảng & Quản lý điều hành,"Lãnh đạo, chỉ đạo và triển khai các nhiệm vụ chính trị trọng tâm theo Báo Cáo số 34 năm 2025.","Tổ chức phân công nhiệm vụ cụ thể cho các cơ quan, đơn vị liên quan; theo dõi, đôn đốc tiến độ và báo cáo Thường trực, Ban Thường vụ Đảng uỷ định kỳ.",Bản scan đóng dấu / Ký số,,A32.65-ĐU-BC-0034-2025.pdf,2380.4
31,BÁO CÁO,35-BC/ĐU,2025,01/10/2025,Báo Cáo số 35 năm 2025,Công tác Đảng & Quản lý điều hành,"Lãnh đạo, chỉ đạo và triển khai các nhiệm vụ chính trị trọng tâm theo Báo Cáo số 35 năm 2025.","Tổ chức phân công nhiệm vụ cụ thể cho các cơ quan, đơn vị liên quan; theo dõi, đôn đốc tiến độ và báo cáo Thường trực, Ban Thường vụ Đảng uỷ định kỳ.",Bản scan đóng dấu / Ký số,,A32.65-ĐU-BC-0035-2025.pdf,1000.6
32,BÁO CÁO,36-BC/ĐU,2025,06/10/2025,Báo Cáo số 36 năm 2025,Công tác Đảng & Quản lý điều hành,"Lãnh đạo, chỉ đạo và triển khai các nhiệm vụ chính trị trọng tâm theo Báo Cáo số 36 năm 2025.","Tổ chức phân công nhiệm vụ cụ thể cho các cơ quan, đơn vị liên quan; theo dõi, đôn đốc tiến độ và báo cáo Thường trực, Ban Thường vụ Đảng uỷ định kỳ.",Bản scan đóng dấu / Ký số,,A32.65-ĐU-BC-0036-2025.pdf,986.2
33,BÁO CÁO,37-BC/ĐU,2025,06/10/2025,Báo Cáo số 37 năm 2025,Công tác Đảng & Quản lý điều hành,"Lãnh đạo, chỉ đạo và triển khai các nhiệm vụ chính trị trọng tâm theo Báo Cáo số 37 năm 2025.","Tổ chức phân công nhiệm vụ cụ thể cho các cơ quan, đơn vị liên quan; theo dõi, đôn đốc tiến độ và báo cáo Thường trực, Ban Thường vụ Đảng uỷ định kỳ.",Bản scan đóng dấu / Ký số,,A32.65-ĐU-BC-0037-2025.pdf,1345.2
34,BÁO CÁO,38-BC/ĐU,2025,08/10/2025,Báo Cáo số 38 năm 2025,Công tác Đảng & Quản lý điều hành,"Lãnh đạo, chỉ đạo và triển khai các nhiệm vụ chính trị trọng tâm theo Báo Cáo số 38 năm 2025.","Tổ chức phân công nhiệm vụ cụ thể cho các cơ quan, đơn vị liên quan; theo dõi, đôn đốc tiến độ và báo cáo Thường trực, Ban Thường vụ Đảng uỷ định kỳ.",Bản scan đóng dấu / Ký số,,A32.65-ĐU-BC-0038-2025.pdf,1006.9
35,BÁO CÁO,39-BC/ĐU,2025,ngày 07/10/2025,"BÁO CÁO tình hình, kết quả hoạt động của hệ thống chính trị và vận hành mô hình chính quyền địa phương 02 cấp",Công tác Tổ chức - Đảng viên,"Củng cố tổ chức cơ sở đảng, nâng cao năng lực lãnh đạo, chất lượng sinh hoạt chi bộ và hoàn thành chỉ tiêu phát triển đảng viên mới.","tình hình, kết quả hoạt động của hệ thống chính trị và | vận hành mô hình chính quyền địa phương 02 cấp | Thực hiện Công văn số63-CV/TU, ngày 07/10/2025 của Ban Thường vụTỉnh",Văn bản số (Digital Text đầy đủ),,A32.65-ĐU-BC-0039-2025.pdf,1083.2
36,BÁO CÁO,40-BC/ĐU,2025,13/10/2025,Báo Cáo số 40 năm 2025,Công tác Đảng & Quản lý điều hành,"Lãnh đạo, chỉ đạo và triển khai các nhiệm vụ chính trị trọng tâm theo Báo Cáo số 40 năm 2025.","Tổ chức phân công nhiệm vụ cụ thể cho các cơ quan, đơn vị liên quan; theo dõi, đôn đốc tiến độ và báo cáo Thường trực, Ban Thường vụ Đảng uỷ định kỳ.",Bản scan đóng dấu / Ký số,,A32.65-ĐU-BC-0040-2025.pdf,911.3
37,BÁO CÁO,41-BC/ĐU,2025,13/10/2025,Báo Cáo số 41 năm 2025,Công tác Đảng & Quản lý điều hành,"Lãnh đạo, chỉ đạo và triển khai các nhiệm vụ chính trị trọng tâm theo Báo Cáo số 41 năm 2025.","Tổ chức phân công nhiệm vụ cụ thể cho các cơ quan, đơn vị liên quan; theo dõi, đôn đốc tiến độ và báo cáo Thường trực, Ban Thường vụ Đảng uỷ định kỳ.",Bản scan đóng dấu / Ký số,,A32.65-ĐU-BC-0041-2025.pdf,1161.4
38,BÁO CÁO,43-BC/ĐU,2025,ngày 07/10/2025,BÁO CÁO Tình hình thực hiện công tác tuần (từ ngày 08/10/2025 - 15/10/2025) và một số nhiệm vụ trọng tâm tuần tới,Công tác Tổ chức - Đảng viên,"Củng cố tổ chức cơ sở đảng, nâng cao năng lực lãnh đạo, chất lượng sinh hoạt chi bộ và hoàn thành chỉ tiêu phát triển đảng viên mới.","1 Đảng uỷchỉđạo vềcông tác phòng, chống ma tuý trên địa bàn xã; chỉđạo Đảng uỷUBND | xã, các cơ quan tham mưu, giúp việc Đảng uỷ, Mặt trận TQVN và các tổchức chính trị- xã hội xã | tham mưu Ban Thường trực Đảng uỷbáo cáo kết quả, tình hình hoạt động của hệthống chính trị",Văn bản số (Digital Text đầy đủ),,A32.65-ĐU-BC-0043-2025.pdf,1323.0
39,BÁO CÁO,44-BC/ĐU,2025,ngày 01/7/2025,BÁO CÁO tình hình thực hiện nhiệm vụ quý III và nhiệm vụ trọng tâm quý IV năm 2025,Kinh tế - Ngân sách,"Chỉ đạo phát triển kinh tế địa phương, duy trì tốc độ tăng trưởng hai con số, đẩy mạnh thu ngân sách và huy động vốn đầu tư toàn xã hội.","Từngày 01/7/2025, xã Công Hải chính thức được thành lập và đi vào hoạt | động trên cơ sởsáp nhập hai xã Công Hải và Phước Chiến theo Nghịquyết số | 1667/NQ-UBTVQH15 của Ủy ban Thường vụQuốc hội vềviệc sắp xếp các đơn vị",Văn bản số (Digital Text đầy đủ),,A32.65-ĐU-BC-0044-2025.pdf,1422.1
40,BÁO CÁO,45-BC/ĐU,2025,20/10/2025,Báo Cáo số 45 năm 2025,Công tác Đảng & Quản lý điều hành,"Lãnh đạo, chỉ đạo và triển khai các nhiệm vụ chính trị trọng tâm theo Báo Cáo số 45 năm 2025.","Tổ chức phân công nhiệm vụ cụ thể cho các cơ quan, đơn vị liên quan; theo dõi, đôn đốc tiến độ và báo cáo Thường trực, Ban Thường vụ Đảng uỷ định kỳ.",Bản scan đóng dấu / Ký số,,A32.65-ĐU-BC-0045-2025.pdf,1107.6
41,BÁO CÁO,46-BC/ĐU,2025,20/10/2025,Báo Cáo số 46 năm 2025,Công tác Đảng & Quản lý điều hành,"Lãnh đạo, chỉ đạo và triển khai các nhiệm vụ chính trị trọng tâm theo Báo Cáo số 46 năm 2025.","Tổ chức phân công nhiệm vụ cụ thể cho các cơ quan, đơn vị liên quan; theo dõi, đôn đốc tiến độ và báo cáo Thường trực, Ban Thường vụ Đảng uỷ định kỳ.",Bản scan đóng dấu / Ký số,,A32.65-ĐU-BC-0046-2025.pdf,900.0
42,BÁO CÁO,47-BC/ĐU,2025,ngày 03/10/2025,BÁO CÁO Tình hình thực hiện công tác tuần (từ ngày 15/10/2025 - 22/10/2025) và một số nhiệm vụ trọng tâm tuần tới,Kiểm tra - Giám sát Đảng,"Giữ vững kỷ cương, kỷ luật Đảng, phòng ngừa vi phạm và chủ động phát hiện dấu hiệu vi phạm ngay từ cơ sở chi bộ thôn/trường học.","1 Chỉđạo triển khai thực hiện Thông báo Kết luận số244/TB-UBND, ngày 03/10/2025 của UBND tỉnh; Triển | khai Hướng dẫn số03-HD/BTGDV, ngày 09/10/2025 của Ban Tuyên giáo và Dân vận Tỉnh uỷvềtuyên truyền Đại | hội Thi đua yêu nước tỉnh Khánh Hoà lần thứI (2025-2030) tiến tới Đại hội Thi đua yêu nước toàn quốc lần thứXI;",Văn bản số (Digital Text đầy đủ),,A32.65-ĐU-BC-0047-2025.pdf,1333.1
43,BÁO CÁO,48-BC/ĐU,2025,24/10/2025,Báo Cáo số 48 năm 2025,Công tác Đảng & Quản lý điều hành,"Lãnh đạo, chỉ đạo và triển khai các nhiệm vụ chính trị trọng tâm theo Báo Cáo số 48 năm 2025.","Tổ chức phân công nhiệm vụ cụ thể cho các cơ quan, đơn vị liên quan; theo dõi, đôn đốc tiến độ và báo cáo Thường trực, Ban Thường vụ Đảng uỷ định kỳ.",Bản scan đóng dấu / Ký số,,A32.65-ĐU-BC-0048-2025.pdf,1446.2
44,BÁO CÁO,49-BC/ĐU,2025,27/10/2025,Báo Cáo số 49 năm 2025,Công tác Đảng & Quản lý điều hành,"Lãnh đạo, chỉ đạo và triển khai các nhiệm vụ chính trị trọng tâm theo Báo Cáo số 49 năm 2025.","Tổ chức phân công nhiệm vụ cụ thể cho các cơ quan, đơn vị liên quan; theo dõi, đôn đốc tiến độ và báo cáo Thường trực, Ban Thường vụ Đảng uỷ định kỳ.",Bản scan đóng dấu / Ký số,,A32.65-ĐU-BC-0049-2025.pdf,1320.9
45,BÁO CÁO,50-BC/ĐU,2025,28/10/2025,Báo Cáo số 50 năm 2025,Công tác Đảng & Quản lý điều hành,"Lãnh đạo, chỉ đạo và triển khai các nhiệm vụ chính trị trọng tâm theo Báo Cáo số 50 năm 2025.","Tổ chức phân công nhiệm vụ cụ thể cho các cơ quan, đơn vị liên quan; theo dõi, đôn đốc tiến độ và báo cáo Thường trực, Ban Thường vụ Đảng uỷ định kỳ.",Bản scan đóng dấu / Ký số,,A32.65-ĐU-BC-0050-2025.pdf,900.8
46,BÁO CÁO,51-BC/ĐU,2025,28/10/2025,Báo Cáo số 51 năm 2025,Công tác Đảng & Quản lý điều hành,"Lãnh đạo, chỉ đạo và triển khai các nhiệm vụ chính trị trọng tâm theo Báo Cáo số 51 năm 2025.","Tổ chức phân công nhiệm vụ cụ thể cho các cơ quan, đơn vị liên quan; theo dõi, đôn đốc tiến độ và báo cáo Thường trực, Ban Thường vụ Đảng uỷ định kỳ.",Bản scan đóng dấu / Ký số,,A32.65-ĐU-BC-0051-2025.pdf,1129.4
47,BÁO CÁO,52-BC/ĐU,2025,Năm 2025,Báo Cáo số 52 năm 2025,Công tác Đảng & Quản lý điều hành,"Lãnh đạo, chỉ đạo và triển khai các nhiệm vụ chính trị trọng tâm theo Báo Cáo số 52 năm 2025.","Tổ chức phân công nhiệm vụ cụ thể cho các cơ quan, đơn vị liên quan; theo dõi, đôn đốc tiến độ và báo cáo Thường trực, Ban Thường vụ Đảng uỷ định kỳ.",Bản scan đóng dấu / Ký số,,A32.65-ĐU-BC-0052-2025.pdf,722.0
48,BÁO CÁO,53-BC/ĐU,2025,Năm 2025,Báo Cáo số 53 năm 2025,Công tác Đảng & Quản lý điều hành,"Lãnh đạo, chỉ đạo và triển khai các nhiệm vụ chính trị trọng tâm theo Báo Cáo số 53 năm 2025.","Tổ chức phân công nhiệm vụ cụ thể cho các cơ quan, đơn vị liên quan; theo dõi, đôn đốc tiến độ và báo cáo Thường trực, Ban Thường vụ Đảng uỷ định kỳ.",Bản scan đóng dấu / Ký số,,A32.65-ĐU-BC-0053-2025.pdf,452.6
49,BÁO CÁO,54-BC/ĐU,2025,31/10/2025,Báo Cáo số 54 năm 2025,Công tác Đảng & Quản lý điều hành,"Lãnh đạo, chỉ đạo và triển khai các nhiệm vụ chính trị trọng tâm theo Báo Cáo số 54 năm 2025.","Tổ chức phân công nhiệm vụ cụ thể cho các cơ quan, đơn vị liên quan; theo dõi, đôn đốc tiến độ và báo cáo Thường trực, Ban Thường vụ Đảng uỷ định kỳ.",Bản scan đóng dấu / Ký số,,A32.65-ĐU-BC-0054-2025.pdf,847.5
50,BÁO CÁO,55-BC/ĐU,2025,04/11/2025,Báo Cáo số 55 năm 2025,Công tác Đảng & Quản lý điều hành,"Lãnh đạo, chỉ đạo và triển khai các nhiệm vụ chính trị trọng tâm theo Báo Cáo số 55 năm 2025.","Tổ chức phân công nhiệm vụ cụ thể cho các cơ quan, đơn vị liên quan; theo dõi, đôn đốc tiến độ và báo cáo Thường trực, Ban Thường vụ Đảng uỷ định kỳ.",Bản scan đóng dấu / Ký số,,A32.65-ĐU-BC-0055-2025.pdf,1121.6
51,BÁO CÁO,56-BC/ĐU,2025,04/11/2025,Báo Cáo số 56 năm 2025,Công tác Đảng & Quản lý điều hành,"Lãnh đạo, chỉ đạo và triển khai các nhiệm vụ chính trị trọng tâm theo Báo Cáo số 56 năm 2025.","Tổ chức phân công nhiệm vụ cụ thể cho các cơ quan, đơn vị liên quan; theo dõi, đôn đốc tiến độ và báo cáo Thường trực, Ban Thường vụ Đảng uỷ định kỳ.",Bản scan đóng dấu / Ký số,,A32.65-ĐU-BC-0056-2025.pdf,856.2
52,BÁO CÁO,57-BC/ĐU,2025,05/11/2025,Báo Cáo số 57 năm 2025,Công tác Đảng & Quản lý điều hành,"Lãnh đạo, chỉ đạo và triển khai các nhiệm vụ chính trị trọng tâm theo Báo Cáo số 57 năm 2025.","Tổ chức phân công nhiệm vụ cụ thể cho các cơ quan, đơn vị liên quan; theo dõi, đôn đốc tiến độ và báo cáo Thường trực, Ban Thường vụ Đảng uỷ định kỳ.",Bản scan đóng dấu / Ký số,,A32.65-ĐU-BC-0057-2025.pdf,1629.2
53,BÁO CÁO,58-BC/ĐU,2025,ngày 31/10/2025,BÁO CÁO Tình hình chấn chỉnh lề lối làm việc và chuẩn hoá hoạt động trong hệ thống chính trị,Bầu cử Quốc hội & HĐND,các văn bản ban hành luôn tập trung vào việc cụ,"Tình hình chấn chỉnh lề lối làm việc và chuẩn hoá hoạt động | Thực hiện Công văn số199-CV/TU, ngày 31/10/2025 của Thường trực | Tỉnh ủy vềbáo cáo tình hình chấn chỉnh lềlối làm việc và chuẩn hoá hoạt động",Văn bản số (Digital Text đầy đủ),,A32.65-ĐU-BC-0058-2025.pdf,1020.9
54,BÁO CÁO,59-BC/ĐU,2025,05/11/2025,Báo Cáo số 59 năm 2025,Công tác Đảng & Quản lý điều hành,"Lãnh đạo, chỉ đạo và triển khai các nhiệm vụ chính trị trọng tâm theo Báo Cáo số 59 năm 2025.","Tổ chức phân công nhiệm vụ cụ thể cho các cơ quan, đơn vị liên quan; theo dõi, đôn đốc tiến độ và báo cáo Thường trực, Ban Thường vụ Đảng uỷ định kỳ.",Bản scan đóng dấu / Ký số,,A32.65-ĐU-BC-0059-2025.pdf,1122.6
55,BÁO CÁO,60-BC/ĐU,2025,Năm 2025,Báo Cáo số 60 năm 2025,Công tác Đảng & Quản lý điều hành,"Lãnh đạo, chỉ đạo và triển khai các nhiệm vụ chính trị trọng tâm theo Báo Cáo số 60 năm 2025.","Tổ chức phân công nhiệm vụ cụ thể cho các cơ quan, đơn vị liên quan; theo dõi, đôn đốc tiến độ và báo cáo Thường trực, Ban Thường vụ Đảng uỷ định kỳ.",Bản scan đóng dấu / Ký số,,A32.65-ĐU-BC-0060-2025.pdf,230.6
56,BÁO CÁO,61-BC/ĐU,2025,Năm 2025,Báo Cáo số 61 năm 2025,Công tác Đảng & Quản lý điều hành,"Lãnh đạo, chỉ đạo và triển khai các nhiệm vụ chính trị trọng tâm theo Báo Cáo số 61 năm 2025.","Tổ chức phân công nhiệm vụ cụ thể cho các cơ quan, đơn vị liên quan; theo dõi, đôn đốc tiến độ và báo cáo Thường trực, Ban Thường vụ Đảng uỷ định kỳ.",Bản scan đóng dấu / Ký số,,A32.65-ĐU-BC-0061-2025.pdf,125.0
57,BÁO CÁO,62-BC/ĐU,2025,Năm 2025,Báo Cáo số 62 năm 2025,Công tác Đảng & Quản lý điều hành,"Lãnh đạo, chỉ đạo và triển khai các nhiệm vụ chính trị trọng tâm theo Báo Cáo số 62 năm 2025.","Tổ chức phân công nhiệm vụ cụ thể cho các cơ quan, đơn vị liên quan; theo dõi, đôn đốc tiến độ và báo cáo Thường trực, Ban Thường vụ Đảng uỷ định kỳ.",Bản scan đóng dấu / Ký số,,A32.65-ĐU-BC-0062-2025.pdf,175.6
58,BÁO CÁO,63-BC/ĐU,2025,10/11/2025,Báo Cáo số 63 năm 2025,Công tác Đảng & Quản lý điều hành,"Lãnh đạo, chỉ đạo và triển khai các nhiệm vụ chính trị trọng tâm theo Báo Cáo số 63 năm 2025.","Tổ chức phân công nhiệm vụ cụ thể cho các cơ quan, đơn vị liên quan; theo dõi, đôn đốc tiến độ và báo cáo Thường trực, Ban Thường vụ Đảng uỷ định kỳ.",Bản scan đóng dấu / Ký số,,A32.65-ĐU-BC-0063-2025.pdf,910.7
59,BÁO CÁO,64-BC/ĐU,2025,10/11/2025,Báo Cáo số 64 năm 2025,Công tác Đảng & Quản lý điều hành,"Lãnh đạo, chỉ đạo và triển khai các nhiệm vụ chính trị trọng tâm theo Báo Cáo số 64 năm 2025.","Tổ chức phân công nhiệm vụ cụ thể cho các cơ quan, đơn vị liên quan; theo dõi, đôn đốc tiến độ và báo cáo Thường trực, Ban Thường vụ Đảng uỷ định kỳ.",Bản scan đóng dấu / Ký số,,A32.65-ĐU-BC-0064-2025.pdf,1139.8
60,BÁO CÁO,65-BC/ĐU,2025,ngày 28/10/2025,"Báo cáo số60-BC/ĐU, ngày 06/11/2025 Công tác nghiên cứu, biên soạn lịch sửĐảng năm 2025; Báo cáo số61- BC/ĐU, ngày 06/11/2025 kết quả03 năm triển khai thực hiện Quy chế06-QC/TU, ngày 09/12/2022 của Tỉnh uỷvề phối hợp giữa các cơ quan đảng, chính quyền, đoàn thểtrong công tác chỉđạo, quản lý báo chí trên địa bàn tỉnh; Báo cáo số62-BC/ĐU, ngày 06/11/2025 công tác ứng phó với bão KALMAEGI trên địa bàn xã công Hải; Báo cáo số 63-BC/ĐU, ngày 10/11/2025 chuyên đềvềviệc thực hiện Kếhoạch số02-KH/BCĐTW, ngày 19/6/2025 vềthúc đẩy chuyển đổi sốliên thông, đồng bộ, nhanh, hiệu quảđáp ứng yêu cầu sắp xếp tổchức bộmáy của hệthống chính trị",Công tác Tổ chức - Đảng viên,"Củng cố tổ chức cơ sở đảng, nâng cao năng lực lãnh đạo, chất lượng sinh hoạt chi bộ và hoàn thành chỉ tiêu phát triển đảng viên mới.","1 Đảng uỷtập trung chỉđạo triển khai công tác phòng, chống và ứng phó với cơn bão số13 (KALMAEGI ); | chỉđạo triển khai thực hiện Đềán 04-ĐA/TU, ngày 28/10/2025 của Tỉnh uỷvềxây dựng nâng cao chất lượng đội ngũ | giáo viên và cán bộquản lý giáo dục giai đoạn 2025 – 2030; đôn đốc việc triển khai thực hiện Nghịquyết 57-NQ/TW;",Văn bản số (Digital Text đầy đủ),,A32.65-ĐU-BC-0065-2025.pdf,1237.1
61,BÁO CÁO,66-BC/ĐU,2025,18/11/2025,Báo Cáo số 66 năm 2025,Công tác Đảng & Quản lý điều hành,"Lãnh đạo, chỉ đạo và triển khai các nhiệm vụ chính trị trọng tâm theo Báo Cáo số 66 năm 2025.","Tổ chức phân công nhiệm vụ cụ thể cho các cơ quan, đơn vị liên quan; theo dõi, đôn đốc tiến độ và báo cáo Thường trực, Ban Thường vụ Đảng uỷ định kỳ.",Bản scan đóng dấu / Ký số,,A32.65-ĐU-BC-0066-2025.pdf,2425.3
62,BÁO CÁO,67-BC/ĐU,2025,14/11/2025,Báo Cáo số 67 năm 2025,Công tác Đảng & Quản lý điều hành,"Lãnh đạo, chỉ đạo và triển khai các nhiệm vụ chính trị trọng tâm theo Báo Cáo số 67 năm 2025.","Tổ chức phân công nhiệm vụ cụ thể cho các cơ quan, đơn vị liên quan; theo dõi, đôn đốc tiến độ và báo cáo Thường trực, Ban Thường vụ Đảng uỷ định kỳ.",Bản scan đóng dấu / Ký số,,A32.65-ĐU-BC-0067-2025.pdf,1264.1
63,BÁO CÁO,68-BC/ĐU,2025,14/11/2025,Báo Cáo số 68 năm 2025,Công tác Đảng & Quản lý điều hành,"Lãnh đạo, chỉ đạo và triển khai các nhiệm vụ chính trị trọng tâm theo Báo Cáo số 68 năm 2025.","Tổ chức phân công nhiệm vụ cụ thể cho các cơ quan, đơn vị liên quan; theo dõi, đôn đốc tiến độ và báo cáo Thường trực, Ban Thường vụ Đảng uỷ định kỳ.",Bản scan đóng dấu / Ký số,,A32.65-ĐU-BC-0068-2025.pdf,943.5
64,BÁO CÁO,69-BC/ĐU,2025,ngày 17 tháng 11 năm 2025,"BÁO CÁO Về công tác nội chính, phòng chống tham nhũng, tiêu cực, lãng phí và cải cách tư pháp (Ngày 17/11/2025)",Kinh tế - Ngân sách,"Chỉ đạo phát triển kinh tế địa phương, duy trì tốc độ tăng trưởng hai con số, đẩy mạnh thu ngân sách và huy động vốn đầu tư toàn xã hội.","Về công tác nội chính, phòng chống tham nhũng, tiêu cực, lãng phí và cải cách tư pháp | Vụ, việc nổi cộm, phức tạp về an ninh nông | + Số vụ, việc mới phát sinh trong ngày(2)",Văn bản số (Digital Text đầy đủ),,A32.65-ĐU-BC-0069-2025.pdf,463.6
65,BÁO CÁO,70-BC/ĐU,2025,ngày 17 tháng 11 năm 2025,"BÁO CÁO Tình hình mưa, lũ, công tác bảo đảm phòng chống thiên tai trên địa bàn xã Công Hải (Ngày 17/11/2025)",Kiểm tra - Giám sát Đảng,"Giữ vững kỷ cương, kỷ luật Đảng, phòng ngừa vi phạm và chủ động phát hiện dấu hiệu vi phạm ngay từ cơ sở chi bộ thôn/trường học.","Tình hình mưa, lũ, công tác bảo đảm phòng chống thiên tai | Ngày 17/11, trên địa bàn xã Công Hải lượng mưa phổ biến từ 100-150mm, | có nơi trên 150mm; Mưa lớn có khả năng gây ra tình trạng ngập úng tại các",Văn bản số (Digital Text đầy đủ),,A32.65-ĐU-BC-0070-2025.pdf,269.7
66,BÁO CÁO,72-BC/ĐU,2025,18/11/2025,Báo Cáo số 72 năm 2025,Công tác Đảng & Quản lý điều hành,"Lãnh đạo, chỉ đạo và triển khai các nhiệm vụ chính trị trọng tâm theo Báo Cáo số 72 năm 2025.","Tổ chức phân công nhiệm vụ cụ thể cho các cơ quan, đơn vị liên quan; theo dõi, đôn đốc tiến độ và báo cáo Thường trực, Ban Thường vụ Đảng uỷ định kỳ.",Bản scan đóng dấu / Ký số,,A32.65-ĐU-BC-0072-2025.pdf,902.1
67,BÁO CÁO,73-BC/ĐU,2025,18/11/2025,Báo Cáo số 73 năm 2025,Công tác Đảng & Quản lý điều hành,"Lãnh đạo, chỉ đạo và triển khai các nhiệm vụ chính trị trọng tâm theo Báo Cáo số 73 năm 2025.","Tổ chức phân công nhiệm vụ cụ thể cho các cơ quan, đơn vị liên quan; theo dõi, đôn đốc tiến độ và báo cáo Thường trực, Ban Thường vụ Đảng uỷ định kỳ.",Bản scan đóng dấu / Ký số,,A32.65-ĐU-BC-0073-2025.pdf,1135.2
68,BÁO CÁO,74-BC/ĐU,2025,ngày 19/11/2025,"BÁO CÁO Tình hình mưa, lũ, công tác bảo đảm phòng chống thiên tai trên địa bàn xã Công Hải (Tính đến 15h00 ngày 19/11/2025)",Kiểm tra - Giám sát Đảng,"Giữ vững kỷ cương, kỷ luật Đảng, phòng ngừa vi phạm và chủ động phát hiện dấu hiệu vi phạm ngay từ cơ sở chi bộ thôn/trường học.","Tình hình mưa, lũ, công tác bảo đảm phòng chống thiên tai | Thực hiện Công văn số272-CV/TU ngày 17/11/2025 của Thường trực Tỉnh uỷ | vềchủđộng ứng phó tình hình mưa lũ và Công điện số04/CĐ-UBND ngày",Văn bản số (Digital Text đầy đủ),,A32.65-ĐU-BC-0074-2025.pdf,1232.1
69,BÁO CÁO,75-BC/ĐU,2025,Năm 2025,Báo Cáo số 75 năm 2025,Công tác Đảng & Quản lý điều hành,"Lãnh đạo, chỉ đạo và triển khai các nhiệm vụ chính trị trọng tâm theo Báo Cáo số 75 năm 2025.","Tổ chức phân công nhiệm vụ cụ thể cho các cơ quan, đơn vị liên quan; theo dõi, đôn đốc tiến độ và báo cáo Thường trực, Ban Thường vụ Đảng uỷ định kỳ.",Bản scan đóng dấu / Ký số,,A32.65-ĐU-BC-0075-2025.pdf,494.4
70,BÁO CÁO,76-BC/ĐU,2025,Năm 2025,Báo Cáo số 76 năm 2025,Công tác Đảng & Quản lý điều hành,"Lãnh đạo, chỉ đạo và triển khai các nhiệm vụ chính trị trọng tâm theo Báo Cáo số 76 năm 2025.","Tổ chức phân công nhiệm vụ cụ thể cho các cơ quan, đơn vị liên quan; theo dõi, đôn đốc tiến độ và báo cáo Thường trực, Ban Thường vụ Đảng uỷ định kỳ.",Bản scan đóng dấu / Ký số,,A32.65-ĐU-BC-0076-2025.pdf,204.7
71,BÁO CÁO,77-BC/ĐU,2025,ngày 21/11/2025,"BÁO CÁO Tình hình mưa, lũ, công tác bảo đảm phòng chống thiên tai trên địa bàn xã Công Hải (Tính đến 15h00 ngày 21/11/2025)",Kiểm tra - Giám sát Đảng,"Giữ vững kỷ cương, kỷ luật Đảng, phòng ngừa vi phạm và chủ động phát hiện dấu hiệu vi phạm ngay từ cơ sở chi bộ thôn/trường học.","Tình hình mưa, lũ, công tác bảo đảm phòng chống thiên tai | Thực hiện Công văn số272-CV/TU ngày 17/11/2025 của Thường trực Tỉnh uỷ | vềchủđộng ứng phó tình hình mưa lũ và Công điện số04/CĐ-UBND ngày",Văn bản số (Digital Text đầy đủ),,A32.65-ĐU-BC-0077-2025.pdf,1212.6
72,BÁO CÁO,78-BC/ĐU,2025,25/11/2025,Báo Cáo số 78 năm 2025,Công tác Đảng & Quản lý điều hành,"Lãnh đạo, chỉ đạo và triển khai các nhiệm vụ chính trị trọng tâm theo Báo Cáo số 78 năm 2025.","Tổ chức phân công nhiệm vụ cụ thể cho các cơ quan, đơn vị liên quan; theo dõi, đôn đốc tiến độ và báo cáo Thường trực, Ban Thường vụ Đảng uỷ định kỳ.",Bản scan đóng dấu / Ký số,,A32.65-ĐU-BC-0078-2025.pdf,899.0
73,BÁO CÁO,79-BC/ĐU,2025,25/11/2025,Báo Cáo số 79 năm 2025,Công tác Đảng & Quản lý điều hành,"Lãnh đạo, chỉ đạo và triển khai các nhiệm vụ chính trị trọng tâm theo Báo Cáo số 79 năm 2025.","Tổ chức phân công nhiệm vụ cụ thể cho các cơ quan, đơn vị liên quan; theo dõi, đôn đốc tiến độ và báo cáo Thường trực, Ban Thường vụ Đảng uỷ định kỳ.",Bản scan đóng dấu / Ký số,,A32.65-ĐU-BC-0079-2025.pdf,1128.2
74,BÁO CÁO,80-BC/ĐU,2025,ngày 14/11/2025,"Thông báo số58-TB/TU của Ban Thường vụTỉnh uỷvềcông tác khắc phục thiệt hại do mưa lũ; chỉđạo các cơ quan, đơn vịđánh giá tình hình thực hiện nhiệm vụnăm 2025; chỉđạo triển khai thực hiện Thông báo Kết luận số 357/TB-UBND ngày 14/11/2025 của UBND tỉnh tại cuộc họp UBND tỉnh thường kỳtháng 11 năm 2025; triển khai tuyên truyền kết quả Hội nghị lần thứ 14 Ban Chấp hành Trung ương Đảng khóa XIII. 2 Kếhoạch số27-KH/ĐU, ngày 19/11/2025 Tuyên truyền Nghịquyết số72-NQ/TW của BộChính trịvềmột số giải pháp đột phá, tăng cường bảo vệ, chăm sóc và nâng cao sức khỏe Nhân dân; Kếhoạch số28-KH/ĐU, ngày",Công tác Tổ chức - Đảng viên,"Củng cố tổ chức cơ sở đảng, nâng cao năng lực lãnh đạo, chất lượng sinh hoạt chi bộ và hoàn thành chỉ tiêu phát triển đảng viên mới.","1 Tiếp tục tập trung chỉđạo triển khai công tác ứng phó tình hình mưa, lũ trên địa bàn xã; chỉđạo, triển khai | Thông báo số58-TB/TU của Ban Thường vụTỉnh uỷvềcông tác khắc phục thiệt hại do mưa lũ; chỉđạo các cơ | quan, đơn vịđánh giá tình hình thực hiện nhiệm vụnăm 2025; chỉđạo triển khai thực hiện Thông báo Kết luận số",Văn bản số (Digital Text đầy đủ),,A32.65-ĐU-BC-0080-2025.pdf,1349.7
75,BÁO CÁO,81-BC/ĐU,2025,01/12/2025,Báo Cáo số 81 năm 2025,Công tác Đảng & Quản lý điều hành,"Lãnh đạo, chỉ đạo và triển khai các nhiệm vụ chính trị trọng tâm theo Báo Cáo số 81 năm 2025.","Tổ chức phân công nhiệm vụ cụ thể cho các cơ quan, đơn vị liên quan; theo dõi, đôn đốc tiến độ và báo cáo Thường trực, Ban Thường vụ Đảng uỷ định kỳ.",Bản scan đóng dấu / Ký số,,A32.65-ĐU-BC-0081-2025.pdf,1127.9
76,BÁO CÁO,82-BC/ĐU,2025,01/12/2025,Báo Cáo số 82 năm 2025,Công tác Đảng & Quản lý điều hành,"Lãnh đạo, chỉ đạo và triển khai các nhiệm vụ chính trị trọng tâm theo Báo Cáo số 82 năm 2025.","Tổ chức phân công nhiệm vụ cụ thể cho các cơ quan, đơn vị liên quan; theo dõi, đôn đốc tiến độ và báo cáo Thường trực, Ban Thường vụ Đảng uỷ định kỳ.",Bản scan đóng dấu / Ký số,,A32.65-ĐU-BC-0082-2025.pdf,875.9
77,BÁO CÁO,83-BC/ĐU,2025,02/12/2025,Báo Cáo số 83 năm 2025,Công tác Đảng & Quản lý điều hành,"Lãnh đạo, chỉ đạo và triển khai các nhiệm vụ chính trị trọng tâm theo Báo Cáo số 83 năm 2025.","Tổ chức phân công nhiệm vụ cụ thể cho các cơ quan, đơn vị liên quan; theo dõi, đôn đốc tiến độ và báo cáo Thường trực, Ban Thường vụ Đảng uỷ định kỳ.",Bản scan đóng dấu / Ký số,,A32.65-ĐU-BC-0083-2025.pdf,782.1
78,BÁO CÁO,84-BC/ĐU,2025,03/12/2025,Báo Cáo số 84 năm 2025,Công tác Đảng & Quản lý điều hành,"Lãnh đạo, chỉ đạo và triển khai các nhiệm vụ chính trị trọng tâm theo Báo Cáo số 84 năm 2025.","Tổ chức phân công nhiệm vụ cụ thể cho các cơ quan, đơn vị liên quan; theo dõi, đôn đốc tiến độ và báo cáo Thường trực, Ban Thường vụ Đảng uỷ định kỳ.",Bản scan đóng dấu / Ký số,,A32.65-ĐU-BC-0084-2025.pdf,1423.2
79,BÁO CÁO,85-BC/ĐU,2025,05/12/2025,Báo Cáo số 85 năm 2025,Kinh tế - Ngân sách,"Chỉ đạo phát triển kinh tế địa phương, duy trì tốc độ tăng trưởng hai con số, đẩy mạnh thu ngân sách và huy động vốn đầu tư toàn xã hội.","Trong tháng 11, Đảng uỷ quán triệt, triển khai tuyên truyền các nội dung | Đảng uỷ quán triệt, tuyên truyền Nghị quyết số 70-NQ/TW của Bộ Chính trị về | đảm bảo an ninh năng lượng quốc gia đến năm 2030, tầm nhìn đến năm 2045; tuyên",Văn bản số (Digital Text đầy đủ),,A32.65-ĐU-BC-0085-2025.pdf,1563.7
80,BÁO CÁO,87-BC/ĐU,2025,12/12/2025,Báo Cáo số 87 năm 2025,Công tác Đảng & Quản lý điều hành,"Lãnh đạo, chỉ đạo và triển khai các nhiệm vụ chính trị trọng tâm theo Báo Cáo số 87 năm 2025.","Tổ chức phân công nhiệm vụ cụ thể cho các cơ quan, đơn vị liên quan; theo dõi, đôn đốc tiến độ và báo cáo Thường trực, Ban Thường vụ Đảng uỷ định kỳ.",Bản scan đóng dấu / Ký số,,A32.65-ĐU-BC-0087-2025.pdf,1130.1
81,BÁO CÁO,88-BC/ĐU,2025,12/12/2025,Báo Cáo số 88 năm 2025,Công tác Đảng & Quản lý điều hành,"Lãnh đạo, chỉ đạo và triển khai các nhiệm vụ chính trị trọng tâm theo Báo Cáo số 88 năm 2025.","Tổ chức phân công nhiệm vụ cụ thể cho các cơ quan, đơn vị liên quan; theo dõi, đôn đốc tiến độ và báo cáo Thường trực, Ban Thường vụ Đảng uỷ định kỳ.",Bản scan đóng dấu / Ký số,,A32.65-ĐU-BC-0088-2025.pdf,1121.7
82,BÁO CÁO,89-BC/ĐU,2025,12/12/2025,Báo Cáo số 89 năm 2025,Công tác Đảng & Quản lý điều hành,"Lãnh đạo, chỉ đạo và triển khai các nhiệm vụ chính trị trọng tâm theo Báo Cáo số 89 năm 2025.","Tổ chức phân công nhiệm vụ cụ thể cho các cơ quan, đơn vị liên quan; theo dõi, đôn đốc tiến độ và báo cáo Thường trực, Ban Thường vụ Đảng uỷ định kỳ.",Bản scan đóng dấu / Ký số,,A32.65-ĐU-BC-0089-2025.pdf,889.5
83,BÁO CÁO,90-BC/ĐU,2025,15/12/2025,Báo Cáo số 90 năm 2025,Công tác Đảng & Quản lý điều hành,"Lãnh đạo, chỉ đạo và triển khai các nhiệm vụ chính trị trọng tâm theo Báo Cáo số 90 năm 2025.","Tổ chức phân công nhiệm vụ cụ thể cho các cơ quan, đơn vị liên quan; theo dõi, đôn đốc tiến độ và báo cáo Thường trực, Ban Thường vụ Đảng uỷ định kỳ.",Bản scan đóng dấu / Ký số,,A32.65-ĐU-BC-0090-2025.pdf,1732.3
84,BÁO CÁO,91-BC/ĐU,2025,15/12/2025,Báo Cáo số 91 năm 2025,Công tác Đảng & Quản lý điều hành,"Lãnh đạo, chỉ đạo và triển khai các nhiệm vụ chính trị trọng tâm theo Báo Cáo số 91 năm 2025.","Tổ chức phân công nhiệm vụ cụ thể cho các cơ quan, đơn vị liên quan; theo dõi, đôn đốc tiến độ và báo cáo Thường trực, Ban Thường vụ Đảng uỷ định kỳ.",Bản scan đóng dấu / Ký số,,A32.65-ĐU-BC-0091-2025.pdf,1427.5
85,BÁO CÁO,92-BC/ĐU,2025,ngày 10/12/2025,BÁO CÁO Tổng kết tình hình triển khai thực hiện công tác chuyển đổi số các cơ quan Đảng xã năm 2025 và phương hướng nhiệm vụ năm 2026,Kinh tế - Ngân sách,"Chỉ đạo phát triển kinh tế địa phương, duy trì tốc độ tăng trưởng hai con số, đẩy mạnh thu ngân sách và huy động vốn đầu tư toàn xã hội.",Tổng kết tình hình triển khai thực hiện công tác chuyển đổi số | các cơ quan Đảng xã năm 2025 và phương hướng nhiệm vụ năm 2026 | Căn cứCông văn số605-CV/TU ngày 10/12/2025 của Văn phòng Tỉnh uỷvề,Văn bản số (Digital Text đầy đủ),,A32.65-ĐU-BC-0092-2025.pdf,1168.9
86,BÁO CÁO,93-BC/ĐU,2025,17/12/2025,Báo Cáo số 93 năm 2025,Công tác Đảng & Quản lý điều hành,"Lãnh đạo, chỉ đạo và triển khai các nhiệm vụ chính trị trọng tâm theo Báo Cáo số 93 năm 2025.","Tổ chức phân công nhiệm vụ cụ thể cho các cơ quan, đơn vị liên quan; theo dõi, đôn đốc tiến độ và báo cáo Thường trực, Ban Thường vụ Đảng uỷ định kỳ.",Bản scan đóng dấu / Ký số,,A32.65-ĐU-BC-0093-2025.pdf,1140.2
87,BÁO CÁO,94-BC/ĐU,2025,22/12/2025,Báo Cáo số 94 năm 2025,Công tác Đảng & Quản lý điều hành,"Lãnh đạo, chỉ đạo và triển khai các nhiệm vụ chính trị trọng tâm theo Báo Cáo số 94 năm 2025.","Tổ chức phân công nhiệm vụ cụ thể cho các cơ quan, đơn vị liên quan; theo dõi, đôn đốc tiến độ và báo cáo Thường trực, Ban Thường vụ Đảng uỷ định kỳ.",Bản scan đóng dấu / Ký số,,A32.65-ĐU-BC-0094-2025.pdf,852.7
88,BÁO CÁO,95-BC/ĐU,2025,22/12/2025,Báo Cáo số 95 năm 2025,Công tác Đảng & Quản lý điều hành,"Lãnh đạo, chỉ đạo và triển khai các nhiệm vụ chính trị trọng tâm theo Báo Cáo số 95 năm 2025.","Tổ chức phân công nhiệm vụ cụ thể cho các cơ quan, đơn vị liên quan; theo dõi, đôn đốc tiến độ và báo cáo Thường trực, Ban Thường vụ Đảng uỷ định kỳ.",Bản scan đóng dấu / Ký số,,A32.65-ĐU-BC-0095-2025.pdf,1144.5
89,BÁO CÁO,96-BC/ĐU,2025,24/12/2025,Báo Cáo số 96 năm 2025,Công tác Đảng & Quản lý điều hành,"Lãnh đạo, chỉ đạo và triển khai các nhiệm vụ chính trị trọng tâm theo Báo Cáo số 96 năm 2025.","Tổ chức phân công nhiệm vụ cụ thể cho các cơ quan, đơn vị liên quan; theo dõi, đôn đốc tiến độ và báo cáo Thường trực, Ban Thường vụ Đảng uỷ định kỳ.",Bản scan đóng dấu / Ký số,,A32.65-ĐU-BC-0096-2025.pdf,1120.3
90,BÁO CÁO,97-BC/ĐU,2025,29/12/2025,Báo Cáo số 97 năm 2025,Công tác Đảng & Quản lý điều hành,"Lãnh đạo, chỉ đạo và triển khai các nhiệm vụ chính trị trọng tâm theo Báo Cáo số 97 năm 2025.","Tổ chức phân công nhiệm vụ cụ thể cho các cơ quan, đơn vị liên quan; theo dõi, đôn đốc tiến độ và báo cáo Thường trực, Ban Thường vụ Đảng uỷ định kỳ.",Bản scan đóng dấu / Ký số,,A32.65-ĐU-BC-0097-2025.pdf,1480.1
91,BÁO CÁO,98-BC/ĐU,2025,30/12/2025,Báo Cáo số 98 năm 2025,Công tác Đảng & Quản lý điều hành,"Lãnh đạo, chỉ đạo và triển khai các nhiệm vụ chính trị trọng tâm theo Báo Cáo số 98 năm 2025.","Tổ chức phân công nhiệm vụ cụ thể cho các cơ quan, đơn vị liên quan; theo dõi, đôn đốc tiến độ và báo cáo Thường trực, Ban Thường vụ Đảng uỷ định kỳ.",Bản scan đóng dấu / Ký số,,A32.65-ĐU-BC-0098-2025.pdf,1187.1
92,BÁO CÁO,99-BC/ĐU,2025,30/12/2025,Báo Cáo số 99 năm 2025,Công tác Đảng & Quản lý điều hành,"Lãnh đạo, chỉ đạo và triển khai các nhiệm vụ chính trị trọng tâm theo Báo Cáo số 99 năm 2025.","Tổ chức phân công nhiệm vụ cụ thể cho các cơ quan, đơn vị liên quan; theo dõi, đôn đốc tiến độ và báo cáo Thường trực, Ban Thường vụ Đảng uỷ định kỳ.",Bản scan đóng dấu / Ký số,,A32.65-ĐU-BC-0099-2025.pdf,929.8
93,BÁO CÁO,100-BC/ĐU,2025,ngày 26/12/2025,"Quyết định số35-QĐ/ĐU, ngày 29/12/2025 khen thưởng tổchức đảng và đảng viên; Thông báo số56-TB/ĐU ngày 29/12/2025 Thông báo kết luận của Ban Thường vụĐảng ủy vềmột sốnội dung cuộc họp vào ngày 26/12/2025; Thông báo số57-TB/ĐU ngày 29/12/2025 kết quảđánh giá, xếp loại đối với tập thể, cá nhân thuộc diện Ban Thường vụĐảng uỷquản lý năm 2025; Báo cáo số97-BC/ĐU, ngày 29/12/2025 tình hình thực hiện nhiệm vụnăm 2025; Báo cáo số98-BC/ĐU, ngày 30/12/2025 kết quảtriển khai tăng cường nắm tình hình, giám sát thường xuyên theo Kế hoạch số249-KH/UBKTTW của Uỷban Kiểm tra Trung ương (từngày 22/12-29/12/2025); Báo cáo số99-BC/ĐU,",Công tác Tổ chức - Đảng viên,"Củng cố tổ chức cơ sở đảng, nâng cao năng lực lãnh đạo, chất lượng sinh hoạt chi bộ và hoàn thành chỉ tiêu phát triển đảng viên mới.","1 Nghịquyết số05-NQ/ĐU ngày 26/12/2025 của Ban Chấp hành Đảng bộxã vềphương hướng, nhiệm vụnăm | 2026; Quyết định số34-QĐ/ĐU, ngày 29/12/2025 công nhận đảng viên hoàn thành xuất sắc nhiệm vụnăm 2025; | Quyết định số35-QĐ/ĐU, ngày 29/12/2025 khen thưởng tổchức đảng và đảng viên; Thông báo số56-TB/ĐU ngày",Văn bản số (Digital Text đầy đủ),,A32.65-ĐU-BC-0100-2025.pdf,1263.4
94,BÁO CÁO,101-BC/ĐU,2026,06/01/2026,Báo Cáo số 101 năm 2026,Công tác Đảng & Quản lý điều hành,"Lãnh đạo, chỉ đạo và triển khai các nhiệm vụ chính trị trọng tâm theo Báo Cáo số 101 năm 2026.","Tổ chức phân công nhiệm vụ cụ thể cho các cơ quan, đơn vị liên quan; theo dõi, đôn đốc tiến độ và báo cáo Thường trực, Ban Thường vụ Đảng uỷ định kỳ.",Bản scan đóng dấu / Ký số,,A32.65-ĐU-BC-0101-2026.pdf,1501.3
95,BÁO CÁO,102-BC/ĐU,2026,08/01/2026,Báo Cáo số 102 năm 2026,Công tác Đảng & Quản lý điều hành,"Lãnh đạo, chỉ đạo và triển khai các nhiệm vụ chính trị trọng tâm theo Báo Cáo số 102 năm 2026.","Tổ chức phân công nhiệm vụ cụ thể cho các cơ quan, đơn vị liên quan; theo dõi, đôn đốc tiến độ và báo cáo Thường trực, Ban Thường vụ Đảng uỷ định kỳ.",Bản scan đóng dấu / Ký số,,A32.65-ĐU-BC-0102-2026.pdf,963.3
96,BÁO CÁO,103-BC/ĐU,2026,12/01/2026,Báo Cáo số 103 năm 2026,Công tác Đảng & Quản lý điều hành,"Lãnh đạo, chỉ đạo và triển khai các nhiệm vụ chính trị trọng tâm theo Báo Cáo số 103 năm 2026.","Tổ chức phân công nhiệm vụ cụ thể cho các cơ quan, đơn vị liên quan; theo dõi, đôn đốc tiến độ và báo cáo Thường trực, Ban Thường vụ Đảng uỷ định kỳ.",Bản scan đóng dấu / Ký số,,A32.65-ĐU-BC-0103-2026.pdf,1091.6
97,BÁO CÁO,104-BC/ĐU,2026,19/01/2026,Báo Cáo số 104 năm 2026,Công tác Đảng & Quản lý điều hành,"Lãnh đạo, chỉ đạo và triển khai các nhiệm vụ chính trị trọng tâm theo Báo Cáo số 104 năm 2026.","Tổ chức phân công nhiệm vụ cụ thể cho các cơ quan, đơn vị liên quan; theo dõi, đôn đốc tiến độ và báo cáo Thường trực, Ban Thường vụ Đảng uỷ định kỳ.",Bản scan đóng dấu / Ký số,,A32.65-ĐU-BC-0104-2026.pdf,1230.8
98,BÁO CÁO,105-BC/ĐU,2026,23/01/2026,Báo Cáo số 105 năm 2026,Công tác Đảng & Quản lý điều hành,"Lãnh đạo, chỉ đạo và triển khai các nhiệm vụ chính trị trọng tâm theo Báo Cáo số 105 năm 2026.","Tổ chức phân công nhiệm vụ cụ thể cho các cơ quan, đơn vị liên quan; theo dõi, đôn đốc tiến độ và báo cáo Thường trực, Ban Thường vụ Đảng uỷ định kỳ.",Bản scan đóng dấu / Ký số,,A32.65-ĐU-BC-0105-2026.pdf,1152.3
99,BÁO CÁO,106-BC/ĐU,2026,29/01/2026,Báo Cáo số 106 năm 2026,Công tác Đảng & Quản lý điều hành,"Lãnh đạo, chỉ đạo và triển khai các nhiệm vụ chính trị trọng tâm theo Báo Cáo số 106 năm 2026.","Tổ chức phân công nhiệm vụ cụ thể cho các cơ quan, đơn vị liên quan; theo dõi, đôn đốc tiến độ và báo cáo Thường trực, Ban Thường vụ Đảng uỷ định kỳ.",Bản scan đóng dấu / Ký số,,A32.65-ĐU-BC-0106-2026.pdf,1140.3
100,BÁO CÁO,107-BC/ĐU,2026,02/02/2026,Báo Cáo số 107 năm 2026,Công tác Đảng & Quản lý điều hành,"Lãnh đạo, chỉ đạo và triển khai các nhiệm vụ chính trị trọng tâm theo Báo Cáo số 107 năm 2026.","Tổ chức phân công nhiệm vụ cụ thể cho các cơ quan, đơn vị liên quan; theo dõi, đôn đốc tiến độ và báo cáo Thường trực, Ban Thường vụ Đảng uỷ định kỳ.",Bản scan đóng dấu / Ký số,,A32.65-ĐU-BC-0107-2026.pdf,1198.9
101,BÁO CÁO,109-BC/ĐU,2026,09/02/2026,Báo Cáo số 109 năm 2026,Công tác Đảng & Quản lý điều hành,"Lãnh đạo, chỉ đạo và triển khai các nhiệm vụ chính trị trọng tâm theo Báo Cáo số 109 năm 2026.","Tổ chức phân công nhiệm vụ cụ thể cho các cơ quan, đơn vị liên quan; theo dõi, đôn đốc tiến độ và báo cáo Thường trực, Ban Thường vụ Đảng uỷ định kỳ.",Bản scan đóng dấu / Ký số,,A32.65-ĐU-BC-0109-2026.pdf,1116.4
102,BÁO CÁO,110-BC/ĐU,2026,09/02/2026,Báo Cáo số 110 năm 2026,Công tác Đảng & Quản lý điều hành,"Lãnh đạo, chỉ đạo và triển khai các nhiệm vụ chính trị trọng tâm theo Báo Cáo số 110 năm 2026.","Tổ chức phân công nhiệm vụ cụ thể cho các cơ quan, đơn vị liên quan; theo dõi, đôn đốc tiến độ và báo cáo Thường trực, Ban Thường vụ Đảng uỷ định kỳ.",Bản scan đóng dấu / Ký số,,A32.65-ĐU-BC-0110-2026.pdf,1344.3
103,BÁO CÁO,111-BC/ĐU,2026,ngày 06/02/2026,BÁO CÁO NHANH Công tác chuẩn bị tổ chức chương trình đón Tết Nguyên đán Bính Ngọ năm 2026,Kinh tế - Ngân sách,"Chỉ đạo phát triển kinh tế địa phương, duy trì tốc độ tăng trưởng hai con số, đẩy mạnh thu ngân sách và huy động vốn đầu tư toàn xã hội.",Công tác chuẩn bị tổ chức chương trình đón Tết Nguyên đán | Tiếp nhận Công văn số1020-CV/VPTU ngày 06/02/2026 của Văn phòng Tỉnh | uỷvềbáo cáo tình hình tổchức Tết Nguyên đán Bính Ngọnăm 2026; Thường trực,Văn bản số (Digital Text đầy đủ),,A32.65-ĐU-BC-0111-2026.pdf,1058.6
104,BÁO CÁO,112-BC/ĐU,2026,ngày 14 tháng 02 năm 2026,"BÁO CÁO tình hình an ninh mạng, an toàn thông tin mạng năm 2025 của Đảng uỷ xã Công Hải",Kinh tế - Ngân sách,"là đảm bảo 100% cán bộ, công chức","tình hình an ninh mạng, an toàn thông tin mạng năm 2025 | Thực hiện Kế hoạch số 02-KH/TBANM ngày 11/02/2026 của Tiểu ban An ninh | mạng tỉnh về tổ chức Hội nghị triển khai công tác năm 2026 của Tiểu ban An ninh",Văn bản số (Digital Text đầy đủ),,A32.65-ĐU-BC-0112-2026.pdf,265.8
105,BÁO CÁO,113-BC/ĐU,2026,ngày 05/7/2025,BÁO CÁO tình hình thực hiện nhiệm vụ tháng 02 năm 2026 và nhiệm vụ trọng tâm tháng 3 năm 2026,Công tác Tổ chức - Đảng viên,"Củng cố tổ chức cơ sở đảng, nâng cao năng lực lãnh đạo, chất lượng sinh hoạt chi bộ và hoàn thành chỉ tiêu phát triển đảng viên mới.",tình hình thực hiện nhiệm vụ tháng 02 năm 2026 | Thực hiện Công văn số26-CV/TU ngày 05/7/2025 của Tỉnh ủy vềbáo cáo tình | hình vận hành hệthống chính trịhành chính cấp xã và chuẩn bịnội dung Hội nghị,Văn bản số (Digital Text đầy đủ),,A32.65-ĐU-BC-0113-2026.pdf,1310.6
106,BÁO CÁO,114-BC/ĐU,2026,04/03/2026,Báo Cáo số 114 năm 2026,Công tác Đảng & Quản lý điều hành,"Lãnh đạo, chỉ đạo và triển khai các nhiệm vụ chính trị trọng tâm theo Báo Cáo số 114 năm 2026.","Tổ chức phân công nhiệm vụ cụ thể cho các cơ quan, đơn vị liên quan; theo dõi, đôn đốc tiến độ và báo cáo Thường trực, Ban Thường vụ Đảng uỷ định kỳ.",Bản scan đóng dấu / Ký số,,A32.65-ĐU-BC-0114-2026.pdf,873.6
107,BÁO CÁO,117-BC/ĐU,2026,ngày 02/3/2026,"BÁO CÁO tình hình thực hiện các nhiệm vụ theo Thông báo kết luận của Thường trực, Ban Thường vụ Tỉnh uỷ",Kiểm tra - Giám sát Đảng,"Giữ vững kỷ cương, kỷ luật Đảng, phòng ngừa vi phạm và chủ động phát hiện dấu hiệu vi phạm ngay từ cơ sở chi bộ thôn/trường học.","tình hình thực hiện các nhiệm vụ theo Thông báo kết luận của Thường trực, Ban Thường vụ Tỉnh uỷ | Thực hiện Công văn số 1114-CV/VPTU, ngày 02/3/2026 của Văn phòng Tỉnh uỷ về việc rà soát, báo cáo tình hình thực hiện các | Thông báo kết luận của Thường trực, Ban Thường vụ Tỉnh uỷ; Thường trực Đảng uỷ xã Công Hải báo cáo kết quả, tiến độ thực hiện",Văn bản số (Digital Text đầy đủ),,A32.65-ĐU-BC-0117-2026.pdf,1147.6
108,BÁO CÁO,118-BC/ĐU,2026,09/03/2026,Báo Cáo số 118 năm 2026,Công tác Đảng & Quản lý điều hành,"Lãnh đạo, chỉ đạo và triển khai các nhiệm vụ chính trị trọng tâm theo Báo Cáo số 118 năm 2026.","Tổ chức phân công nhiệm vụ cụ thể cho các cơ quan, đơn vị liên quan; theo dõi, đôn đốc tiến độ và báo cáo Thường trực, Ban Thường vụ Đảng uỷ định kỳ.",Bản scan đóng dấu / Ký số,,A32.65-ĐU-BC-0118-2026.pdf,1089.5
109,BÁO CÁO,119-BC/ĐU,2026,09/03/2026,Báo Cáo số 119 năm 2026,Công tác Đảng & Quản lý điều hành,"Lãnh đạo, chỉ đạo và triển khai các nhiệm vụ chính trị trọng tâm theo Báo Cáo số 119 năm 2026.","Tổ chức phân công nhiệm vụ cụ thể cho các cơ quan, đơn vị liên quan; theo dõi, đôn đốc tiến độ và báo cáo Thường trực, Ban Thường vụ Đảng uỷ định kỳ.",Bản scan đóng dấu / Ký số,,A32.65-ĐU-BC-0119-2026.pdf,1430.6
110,BÁO CÁO,120-BC/ĐU,2026,17/03/2026,Báo Cáo số 120 năm 2026,Công tác Đảng & Quản lý điều hành,"Lãnh đạo, chỉ đạo và triển khai các nhiệm vụ chính trị trọng tâm theo Báo Cáo số 120 năm 2026.","Tổ chức phân công nhiệm vụ cụ thể cho các cơ quan, đơn vị liên quan; theo dõi, đôn đốc tiến độ và báo cáo Thường trực, Ban Thường vụ Đảng uỷ định kỳ.",Bản scan đóng dấu / Ký số,,A32.65-ĐU-BC-0120-2026.pdf,1183.6
111,BÁO CÁO,121-BC/ĐU,2026,17/03/2026,Báo Cáo số 121 năm 2026,Công tác Đảng & Quản lý điều hành,"Lãnh đạo, chỉ đạo và triển khai các nhiệm vụ chính trị trọng tâm theo Báo Cáo số 121 năm 2026.","Tổ chức phân công nhiệm vụ cụ thể cho các cơ quan, đơn vị liên quan; theo dõi, đôn đốc tiến độ và báo cáo Thường trực, Ban Thường vụ Đảng uỷ định kỳ.",Bản scan đóng dấu / Ký số,,A32.65-ĐU-BC-0121-2026.pdf,2164.2
112,BÁO CÁO,122-BC/ĐU,2026,20/03/2026,Báo Cáo số 122 năm 2026,Công tác Đảng & Quản lý điều hành,"Lãnh đạo, chỉ đạo và triển khai các nhiệm vụ chính trị trọng tâm theo Báo Cáo số 122 năm 2026.","Tổ chức phân công nhiệm vụ cụ thể cho các cơ quan, đơn vị liên quan; theo dõi, đôn đốc tiến độ và báo cáo Thường trực, Ban Thường vụ Đảng uỷ định kỳ.",Bản scan đóng dấu / Ký số,,A32.65-ĐU-BC-0122-2026.pdf,627.6
113,BÁO CÁO,123-BC/ĐU,2026,24/03/2026,Báo Cáo số 123 năm 2026,Công tác Đảng & Quản lý điều hành,"Lãnh đạo, chỉ đạo và triển khai các nhiệm vụ chính trị trọng tâm theo Báo Cáo số 123 năm 2026.","Tổ chức phân công nhiệm vụ cụ thể cho các cơ quan, đơn vị liên quan; theo dõi, đôn đốc tiến độ và báo cáo Thường trực, Ban Thường vụ Đảng uỷ định kỳ.",Bản scan đóng dấu / Ký số,,A32.65-ĐU-BC-0123-2026.pdf,527.4
114,BÁO CÁO,124-BC/ĐU,2026,24/03/2026,Báo Cáo số 124 năm 2026,Công tác Đảng & Quản lý điều hành,"Lãnh đạo, chỉ đạo và triển khai các nhiệm vụ chính trị trọng tâm theo Báo Cáo số 124 năm 2026.","Tổ chức phân công nhiệm vụ cụ thể cho các cơ quan, đơn vị liên quan; theo dõi, đôn đốc tiến độ và báo cáo Thường trực, Ban Thường vụ Đảng uỷ định kỳ.",Bản scan đóng dấu / Ký số,,A32.65-ĐU-BC-0124-2026.pdf,727.5
115,BÁO CÁO,125-BC/ĐU,2026,24/03/2026,Báo Cáo số 125 năm 2026,Công tác Đảng & Quản lý điều hành,"Lãnh đạo, chỉ đạo và triển khai các nhiệm vụ chính trị trọng tâm theo Báo Cáo số 125 năm 2026.","Tổ chức phân công nhiệm vụ cụ thể cho các cơ quan, đơn vị liên quan; theo dõi, đôn đốc tiến độ và báo cáo Thường trực, Ban Thường vụ Đảng uỷ định kỳ.",Bản scan đóng dấu / Ký số,,A32.65-ĐU-BC-0125-2026.pdf,504.6
116,BÁO CÁO,128-BC/ĐU,2026,Năm 2026,Báo Cáo số 128 năm 2026,Công tác Đảng & Quản lý điều hành,"Lãnh đạo, chỉ đạo và triển khai các nhiệm vụ chính trị trọng tâm theo Báo Cáo số 128 năm 2026.","Tổ chức phân công nhiệm vụ cụ thể cho các cơ quan, đơn vị liên quan; theo dõi, đôn đốc tiến độ và báo cáo Thường trực, Ban Thường vụ Đảng uỷ định kỳ.",Bản scan đóng dấu / Ký số,,A32.65-ĐU-BC-0128-2026.pdf,165.8
117,BÁO CÁO,129-BC/ĐU,2026,01/04/2026,Báo Cáo số 129 năm 2026,Công tác Đảng & Quản lý điều hành,"Lãnh đạo, chỉ đạo và triển khai các nhiệm vụ chính trị trọng tâm theo Báo Cáo số 129 năm 2026.","Tổ chức phân công nhiệm vụ cụ thể cho các cơ quan, đơn vị liên quan; theo dõi, đôn đốc tiến độ và báo cáo Thường trực, Ban Thường vụ Đảng uỷ định kỳ.",Bản scan đóng dấu / Ký số,,A32.65-ĐU-BC-0129-2026.pdf,3246.8
118,BÁO CÁO,130-BC/ĐU,2026,Năm 2026,Báo Cáo số 130 năm 2026,Công tác Đảng & Quản lý điều hành,"Lãnh đạo, chỉ đạo và triển khai các nhiệm vụ chính trị trọng tâm theo Báo Cáo số 130 năm 2026.","Tổ chức phân công nhiệm vụ cụ thể cho các cơ quan, đơn vị liên quan; theo dõi, đôn đốc tiến độ và báo cáo Thường trực, Ban Thường vụ Đảng uỷ định kỳ.",Bản scan đóng dấu / Ký số,,A32.65-ĐU-BC-0130-2026.pdf,64.5
119,BÁO CÁO,131-BC/ĐU,2026,06/04/2026,Báo Cáo số 131 năm 2026,Công tác Đảng & Quản lý điều hành,"Lãnh đạo, chỉ đạo và triển khai các nhiệm vụ chính trị trọng tâm theo Báo Cáo số 131 năm 2026.","Tổ chức phân công nhiệm vụ cụ thể cho các cơ quan, đơn vị liên quan; theo dõi, đôn đốc tiến độ và báo cáo Thường trực, Ban Thường vụ Đảng uỷ định kỳ.",Bản scan đóng dấu / Ký số,,A32.65-ĐU-BC-0131-2026.pdf,1150.3
120,BÁO CÁO,132-BC/ĐU,2026,06/04/2026,Báo Cáo số 132 năm 2026,Công tác Đảng & Quản lý điều hành,"Lãnh đạo, chỉ đạo và triển khai các nhiệm vụ chính trị trọng tâm theo Báo Cáo số 132 năm 2026.","Tổ chức phân công nhiệm vụ cụ thể cho các cơ quan, đơn vị liên quan; theo dõi, đôn đốc tiến độ và báo cáo Thường trực, Ban Thường vụ Đảng uỷ định kỳ.",Bản scan đóng dấu / Ký số,,A32.65-ĐU-BC-0132-2026.pdf,1307.5
121,BÁO CÁO,133-BC/ĐU,2026,07/04/2026,Báo Cáo số 133 năm 2026,Công tác Đảng & Quản lý điều hành,"Lãnh đạo, chỉ đạo và triển khai các nhiệm vụ chính trị trọng tâm theo Báo Cáo số 133 năm 2026.","Tổ chức phân công nhiệm vụ cụ thể cho các cơ quan, đơn vị liên quan; theo dõi, đôn đốc tiến độ và báo cáo Thường trực, Ban Thường vụ Đảng uỷ định kỳ.",Bản scan đóng dấu / Ký số,,A32.65-ĐU-BC-0133-2026.pdf,1408.4
122,CHƯƠNG TRÌNH,22-CTr/ĐU,2025,13/11/2025,"CHƯƠNG TRÌNH Công tác toàn khóa của Ban Chấp hành, Ban Thường vụ Đảng ủy xã khóa I, nhiệm kỳ 2025 - 2030",Kinh tế - Ngân sách,TRÌNH BAN CHẤP HÀNH ĐẢNG BỘ XÃ,"Công tác toàn khóa của Ban Chấp hành, Ban Thường vụ Đảng ủy xã | - Căn cứ Quy chế làm việc của Ban Chấp hành Đảng bộ xã; | - Trên cơ sởChương trình hành động của Ban Chấp hành Đảng bộxã thực",Văn bản số (Digital Text đầy đủ),⚠️ [Chương trình công tác - Loại trừ],"ĐU-CTr-0022-2025 Chương trình công tác toàn khoá của BCH, BTV Đảng uỷ xã khoá I, nhiệm kỳ 2025-2030.pdf",1077.2
123,CHƯƠNG TRÌNH,23-CTr/ĐU,2025,13/11/2025,"CHƯƠNG TRÌNH HÀNH ĐỘNG CỦA BAN CHẤP HÀNH ĐẢNG BỘ XÃ THỰC HIỆN NGHỊ QUYẾT ĐẠI HỘI ĐẠI BIỂU ĐẢNG BỘ XÃ LẨN THỨ I, NHIỆM KỲ 2025-2030",Kinh tế - Ngân sách,"Chỉ đạo phát triển kinh tế địa phương, duy trì tốc độ tăng trưởng hai con số, đẩy mạnh thu ngân sách và huy động vốn đầu tư toàn xã hội.","THỰC HIỆN  NGHỊ QUYẾT ĐẠI HỘI ĐẠI BIỂU ĐẢNG BỘ XÃ | Nhằm cụthểhóa và thực hiện thắng lợi những mục tiêu, chỉtiêu, nhiệm vụ | Nghịquyết Đại hội đại biểu Đảng bộxã lần thứI, nhiệm kỳ2025-2030 đã đềra,",Văn bản số (Digital Text đầy đủ),🌟 [Tri thức cốt lõi - Chương trình],"ĐU-CTr-0023-2025 Chương trình hành động thực hiện NQĐH Đảng bộ xã lần thứ I, NK 2025-2030.pdf",1125.7
124,CHƯƠNG TRÌNH,24-CTr/ĐU,2025,ngày 30/5/2025,"CHƯƠNG TRÌNH Kiểm tra, giám sát toàn khóa của Ban Chấp hành Đảng bộ xã Công Hải khóa I, nhiệm kỳ 2025-2030",Công tác Tổ chức - Đảng viên,"các tổchức Đảng căn cứtình hình, đặc điểm","Kiểm tra, giám sát toàn khóa của Ban Chấp hành Đảng bộ | Căn cứQuy định số296-QĐ/TW ngày 30/5/2025 của Ban Chấp hành Trung | ương về công tác kiểm tra, giám sát và kỷ luật của Đảng;",Văn bản số (Digital Text đầy đủ),🌟 [Tri thức cốt lõi - Chương trình],ĐU-CTr-0024-2025 CHUONG TRINH KTGS TOAN KHOA BCH 2025-2030.pdf,1079.7
125,CHƯƠNG TRÌNH,35-CTr/ĐU,2025,Năm 2025,"Chương trình kiểm tra, giám sát của Ban Thường vụ Đảng uỷ năm 2026",Kiểm tra - Giám sát Đảng,"Giữ vững kỷ cương, kỷ luật Đảng, phòng ngừa vi phạm và chủ động phát hiện dấu hiệu vi phạm ngay từ cơ sở chi bộ thôn/trường học.","Ban hành và tổ chức thực hiện kế hoạch kiểm tra, giám sát chuyên đề; giám sát thường xuyên người đứng đầu và đảng viên; giải quyết kịp thời đơn thư khiếu nại, tố cáo.",Bản scan đóng dấu / Ký số,🌟 [Bản mới nhất 2026],"ĐU-CTr-0035-2025 Chương trình kiểm tra, giám sát của Ban Thường vụ Đảng uỷ năm 2026.pdf",141.0
126,CHƯƠNG TRÌNH,36-CTr/ĐU,2025,Năm 2025,"Chương trình công tác của Ban Chấp hành, Ban Thường vụ Đảng uỷ năm 2026",Công tác Đảng & Quản lý điều hành,"Lãnh đạo, chỉ đạo và triển khai các nhiệm vụ chính trị trọng tâm theo Chương trình công tác của Ban Chấp hành, Ban Thường vụ Đảng uỷ năm 2026.","Tổ chức phân công nhiệm vụ cụ thể cho các cơ quan, đơn vị liên quan; theo dõi, đôn đốc tiến độ và báo cáo Thường trực, Ban Thường vụ Đảng uỷ định kỳ.",Bản scan đóng dấu / Ký số,⚠️ [Chương trình công tác - Loại trừ],"ĐU-CTr-0036-2025 Chương trình công tác của Ban Chấp hành, Ban Thường vụ Đảng uỷ năm 2026.pdf",407.7
127,CHƯƠNG TRÌNH,38-CTr/ĐU,2025,19/01/2026,"Chương trình triển khai nhiệm vụ trọng tâm, đột phá năm 2026",Công tác Đảng & Quản lý điều hành,"Lãnh đạo, chỉ đạo và triển khai các nhiệm vụ chính trị trọng tâm theo Chương trình triển khai nhiệm vụ trọng tâm, đột phá năm 2026.","Tổ chức phân công nhiệm vụ cụ thể cho các cơ quan, đơn vị liên quan; theo dõi, đôn đốc tiến độ và báo cáo Thường trực, Ban Thường vụ Đảng uỷ định kỳ.",Bản scan đóng dấu / Ký số,🌟 [Bản mới nhất 2026],"ĐU-CTr-0038-2025 Chương trình triển khai nhiệm vụ trọng tâm, đột phá năm 2026.signed.pdf",1317.7
128,CHƯƠNG TRÌNH,64-CTr/ĐU,2026,01/04/2026,"Chương trình kiểm tra, giám sát toàn khóa",Kiểm tra - Giám sát Đảng,"Giữ vững kỷ cương, kỷ luật Đảng, phòng ngừa vi phạm và chủ động phát hiện dấu hiệu vi phạm ngay từ cơ sở chi bộ thôn/trường học.","Ban hành và tổ chức thực hiện kế hoạch kiểm tra, giám sát chuyên đề; giám sát thường xuyên người đứng đầu và đảng viên; giải quyết kịp thời đơn thư khiếu nại, tố cáo.",Bản scan đóng dấu / Ký số,🌟 [Bản mới nhất 2026],"ĐU-CTr-0064-2026 Chương trình kiểm tra, giám sát toàn khóa.signed.pdf",661.1
129,CHỈ THỊ,2-CT/ĐU,2026,27/01/2026,Chỉ thị đẩy mạnh công tác phát triển đảng viên,Công tác Tổ chức - Đảng viên,"Củng cố tổ chức cơ sở đảng, nâng cao năng lực lãnh đạo, chất lượng sinh hoạt chi bộ và hoàn thành chỉ tiêu phát triển đảng viên mới.","Rà soát nguồn bồi dưỡng quần chúng ưu tú, chuẩn hóa thủ tục thẩm tra lý lịch kết nạp đảng; thực hiện quy trình bổ nhiệm, điều động, xếp loại cán bộ công chức theo đúng phân cấp.",Bản scan đóng dấu / Ký số,,ĐU-CT-0002-2026 Chỉ thị đẩy mạnh công tác phát triển đảng viên.signed.pdf,954.8
130,CÔNG VĂN,-/CÔNG VĂN,2026,Năm 2026,ĐU- CV-0406-2026 về việc hỗ trợ thẩm tra lý lịch người xin vào Đảng,Công tác Tổ chức - Đảng viên,"Củng cố tổ chức cơ sở đảng, nâng cao năng lực lãnh đạo, chất lượng sinh hoạt chi bộ và hoàn thành chỉ tiêu phát triển đảng viên mới.","Rà soát nguồn bồi dưỡng quần chúng ưu tú, chuẩn hóa thủ tục thẩm tra lý lịch kết nạp đảng; thực hiện quy trình bổ nhiệm, điều động, xếp loại cán bộ công chức theo đúng phân cấp.",Bản scan đóng dấu / Ký số,,ĐU- CV-0406-2026  về việc hỗ trợ thẩm tra lý lịch người xin vào Đảng.pdf,99.9
131,CÔNG VĂN,1-CV/ĐU,2025,Năm 2025,Công văn tham mưu nội dung thảo luận tại hội thảo tỉnh ủy,Công tác Đảng & Quản lý điều hành,"Lãnh đạo, chỉ đạo và triển khai các nhiệm vụ chính trị trọng tâm theo Công văn tham mưu nội dung thảo luận tại hội thảo tỉnh ủy.","Tổ chức phân công nhiệm vụ cụ thể cho các cơ quan, đơn vị liên quan; theo dõi, đôn đốc tiến độ và báo cáo Thường trực, Ban Thường vụ Đảng uỷ định kỳ.",Bản scan đóng dấu / Ký số,,ĐU-CV-0001-2025 Công văn tham mưu nội dung thảo luận tại hội thảo tỉnh ủy.pdf,66.4
132,CÔNG VĂN,2-CV/ĐU,2025,ngày 14/7/2025,CV CHỈ ĐẠO THAM MƯU THỰC HIỆN NQ-01TU (TĂNG TRƯỞNG 02 CON SỐ),Kinh tế - Ngân sách,"Chỉ đạo phát triển kinh tế địa phương, duy trì tốc độ tăng trưởng hai con số, đẩy mạnh thu ngân sách và huy động vốn đầu tư toàn xã hội.","Thực hiện Nghịquyết số01-NQ/TU ngày 14/7/2025 của Tỉnh uỷvềtăng | trưởng kinh tế02 con sốgiai đoạn 2025 - 2030; Thường trực Đảng ủy có ý kiến như | 1. Giao Ban Xây dựng Đảng chủtrì, phối hợp với các cơ quan có liên quan",Văn bản số (Digital Text đầy đủ),,ĐU-CV-0002-2025 CV CHỈ ĐẠO THAM MƯU THỰC HIỆN NQ-01TU (TĂNG TRƯỞNG 02 CON SỐ).signed.signed.pdf,989.3
133,CÔNG VĂN,3-CV/ĐU,2025,Năm 2025,Công văn tham mưu triển khai thực hiện kế hoạch 11-KHTU,Công tác Đảng & Quản lý điều hành,"Lãnh đạo, chỉ đạo và triển khai các nhiệm vụ chính trị trọng tâm theo Công văn tham mưu triển khai thực hiện kế hoạch 11-KHTU.","Tổ chức phân công nhiệm vụ cụ thể cho các cơ quan, đơn vị liên quan; theo dõi, đôn đốc tiến độ và báo cáo Thường trực, Ban Thường vụ Đảng uỷ định kỳ.",Bản scan đóng dấu / Ký số,,ĐU-CV-0003-2025 Công văn tham mưu triển khai thực hiện kế hoạch 11-KHTU.pdf,67.6
134,CÔNG VĂN,4-CV/ĐU,2025,ngày 19/7/2025,CV triển khai thủ tục hành chính công của Đảng,Kiểm tra - Giám sát Đảng,"Giữ vững kỷ cương, kỷ luật Đảng, phòng ngừa vi phạm và chủ động phát hiện dấu hiệu vi phạm ngay từ cơ sở chi bộ thôn/trường học.",của Ban Bí thư về thủ tục hành chính của Đảng | Thực hiện Công văn số103-CV/TU ngày 19/7/2025 của Thường trực Tỉnh uỷ | vềtriển khai Quy định 338-QĐ/TW ngày 09/7/2025 của Ban Bí thư vềthủtục hành,Văn bản số (Digital Text đầy đủ),,ĐU-CV-0004-2025 CV triển khai thủ tục hành chính công của Đảng.signed.signed.pdf,967.8
135,CÔNG VĂN,6-CV/ĐU,2025,ngày 27/6/2025,Quy định số 337-QĐ/TW; Thường trực Đảng uỷ có ý kiến như sau,Công tác Tổ chức - Đảng viên,"Củng cố tổ chức cơ sở đảng, nâng cao năng lực lãnh đạo, chất lượng sinh hoạt chi bộ và hoàn thành chỉ tiêu phát triển đảng viên mới.","Về triển khai Quy định 337-QĐ/TW của Ban Bí thư | về gửi, nhận văn bản điện tử trên mạng thông tin | - Các cơ quan tham mưu, giúp việc Đảng uỷ,",Văn bản số (Digital Text đầy đủ),,ĐU-CV-0006-2025 CV triển khai QĐ 337 TW (gửi nhận văn bản điện tử).signed.signed.pdf,975.6
136,CÔNG VĂN,7-CV/ĐU,2025,ngày 31/7/2025,CV triển khai KL 01 tại HN BCH Tỉnh lần I,Kinh tế - Ngân sách,"Chỉ đạo phát triển kinh tế địa phương, duy trì tốc độ tăng trưởng hai con số, đẩy mạnh thu ngân sách và huy động vốn đầu tư toàn xã hội.","Về triển khai thực hiện Kết luận số 01-KL/TU | ngày 31/7/2025 của Ban Chấp hành Đảng bộ tỉnh | - Các cơ quan tham mưu, giúp việc Đảng uỷ,",Văn bản số (Digital Text đầy đủ),,ĐU-CV-0007-2025 CV triển khai KL 01 tại HN BCH Tỉnh lần I.signed.signed.pdf,985.9
137,CÔNG VĂN,8-CV/ĐU,2025,ngày 11/8/2025,CV mời dự HN BCV tháng 8.2025,Kiểm tra - Giám sát Đảng,"Giữ vững kỷ cương, kỷ luật Đảng, phòng ngừa vi phạm và chủ động phát hiện dấu hiệu vi phạm ngay từ cơ sở chi bộ thôn/trường học.","Tiếp nhận Công văn số208-CV/BTGDV ngày 11/8/2025 của Ban Tuyên giáo | và Dân vận Tỉnh uỷvềđềnghịmởđiểm cầu trực tuyến Hội nghịBáo cáo viên Trung | ương tháng 8/2025. Ban Thường vụĐảng ủy thông báo thời gian, thành phần và địa",Văn bản số (Digital Text đầy đủ),,ĐU-CV-0008-2025 CV mời dự HN BCV tháng 8.2025.signed.signed.pdf,1213.3
138,CÔNG VĂN,9-CV/ĐU,2025,Năm 2025,Công văn tăng cường sự lãnh đạo của cấp uỷ đ.v tổ chức bộ máy công tác CB Hội phụ nữ,Công tác Đảng & Quản lý điều hành,"Lãnh đạo, chỉ đạo và triển khai các nhiệm vụ chính trị trọng tâm theo Công văn tăng cường sự lãnh đạo của cấp uỷ đ.v tổ chức bộ máy công tác CB Hội phụ nữ.","Tổ chức phân công nhiệm vụ cụ thể cho các cơ quan, đơn vị liên quan; theo dõi, đôn đốc tiến độ và báo cáo Thường trực, Ban Thường vụ Đảng uỷ định kỳ.",Bản scan đóng dấu / Ký số,,ĐU-CV-0009-2025 Công văn tăng cường sự lãnh đạo của cấp uỷ đ.v tổ chức bộ máy công tác CB Hội phụ nữ.pdf,99.9
139,CÔNG VĂN,11-CV/ĐU,2025,Năm 2025,Công văn triển khai Quy định 339-QĐTW về sử dụng ứng dụng sổ tay điện tử,Chuyển đổi số & CCHC,"Đẩy mạnh ứng dụng công nghệ thông tin, bảo đảm an toàn thông tin mạng và số hóa toàn diện quy trình xử lý công việc trong hệ thống chính trị xã.","Triển khai xử lý hồ sơ trên hệ thống E-Office, đưa ứng dụng Sổ tay đảng viên điện tử vào sinh hoạt chi bộ, đẩy mạnh dịch vụ công trực tuyến và chỉ đạo Đề án 06.",Bản scan đóng dấu / Ký số,,ĐU-CV-0011-2025 Công văn triển khai Quy định 339-QĐTW về sử dụng ứng dụng sổ tay điện tử.pdf,103.3
140,CÔNG VĂN,12-CV/ĐU,2025,Năm 2025,Công văn triển khai thực hiện Kết luận 01-KLTU,Công tác Đảng & Quản lý điều hành,"Lãnh đạo, chỉ đạo và triển khai các nhiệm vụ chính trị trọng tâm theo Công văn triển khai thực hiện Kết luận 01-KLTU.","Tổ chức phân công nhiệm vụ cụ thể cho các cơ quan, đơn vị liên quan; theo dõi, đôn đốc tiến độ và báo cáo Thường trực, Ban Thường vụ Đảng uỷ định kỳ.",Bản scan đóng dấu / Ký số,,ĐU-CV-0012-2025 Công văn triển khai thực hiện Kết luận 01-KLTU.pdf,116.9
141,CÔNG VĂN,13-CV/ĐU,2025,ngày 14/8/2025,CV moi hop BTV 14.8.2025,Kinh tế - Ngân sách,1 (từ08 giờ30” – 09 giờ30”): Nghe UBND xã báo cáo các nội,"Kính mời các đồng chí dựhọp Ban Thường vụĐảng ủy cho ý kiến một số | nội dung thuộc thẩm quyền (Đính kèm chương trình, nội dung, thành phần dự | - Đồng chí Vũ Thị Thuỳ Trang - Bí thư Đảng uỷ, Chủ tịch HĐND xã (chủ trì);",Văn bản số (Digital Text đầy đủ),,ĐU-CV-0013-2025 CV moi hop BTV 14.8.2025.signed.signed.pdf,1212.6
142,CÔNG VĂN,14-CV/ĐU,2025,Năm 2025,Công văn tăng cường công tác bảo vệ tài liệu bí mật nhà nước,Công tác Đảng & Quản lý điều hành,"Lãnh đạo, chỉ đạo và triển khai các nhiệm vụ chính trị trọng tâm theo Công văn tăng cường công tác bảo vệ tài liệu bí mật nhà nước.","Tổ chức phân công nhiệm vụ cụ thể cho các cơ quan, đơn vị liên quan; theo dõi, đôn đốc tiến độ và báo cáo Thường trực, Ban Thường vụ Đảng uỷ định kỳ.",Bản scan đóng dấu / Ký số,,ĐU-CV-0014-2025 Công văn tăng cường công tác bảo vệ tài liệu bí mật nhà nước.pdf,104.3
143,CÔNG VĂN,15-CV/ĐU,2025,Năm 2025,Công văn chỉ đạo triển khai thực hiện thông tri 01-TT,Công tác Đảng & Quản lý điều hành,"Lãnh đạo, chỉ đạo và triển khai các nhiệm vụ chính trị trọng tâm theo Công văn chỉ đạo triển khai thực hiện thông tri 01-TT.","Tổ chức phân công nhiệm vụ cụ thể cho các cơ quan, đơn vị liên quan; theo dõi, đôn đốc tiến độ và báo cáo Thường trực, Ban Thường vụ Đảng uỷ định kỳ.",Bản scan đóng dấu / Ký số,,ĐU-CV-0015-2025 Công văn chỉ đạo triển khai thực hiện thông tri 01-TT.pdf,63.3
144,CÔNG VĂN,16-CV/ĐU,2025,Năm 2025,CV tổ chức đợt cao điểm các hoạt động chào mừng kỷ niệm 80 năm cách mạng tháng 8,Công tác Đảng & Quản lý điều hành,"Lãnh đạo, chỉ đạo và triển khai các nhiệm vụ chính trị trọng tâm theo CV tổ chức đợt cao điểm các hoạt động chào mừng kỷ niệm 80 năm cách mạng tháng 8.","Tổ chức phân công nhiệm vụ cụ thể cho các cơ quan, đơn vị liên quan; theo dõi, đôn đốc tiến độ và báo cáo Thường trực, Ban Thường vụ Đảng uỷ định kỳ.",Bản scan đóng dấu / Ký số,,ĐU-CV-0016-2025 CV tổ chức đợt cao điểm các hoạt động chào mừng kỷ niệm 80 năm cách mạng tháng 8.pdf,71.6
145,CÔNG VĂN,17-CV/ĐU,2025,Năm 2025,"Công văn nộp hồ sơ, tài liệu Đại hội Đảng bộ xã lần thứ I",Tuyên giáo - Dân vận,"Định hướng tư tưởng cán bộ, đảng viên, củng cố khối đại đoàn kết toàn dân và tạo sự đồng thuận xã hội trong thực hiện các nhiệm vụ chính trị.","Tổ chức học tập, quán triệt sâu rộng các nghị quyết của Trung ương và Tỉnh uỷ; tuyên truyền các phong trào thi đua yêu nước, kỷ niệm các ngày lễ lớn và hoạt động Mặt trận, đoàn thể.",Bản scan đóng dấu / Ký số,,"ĐU-CV-0017-2025 Công văn nộp hồ sơ, tài liệu Đại hội Đảng bộ xã lần thứ I.pdf",121.0
146,CÔNG VĂN,18-CV/ĐU,2025,Năm 2025,"Công văn về ý kiến thảo luận tại hội thảo Nâng cao hiệu quả công tác giải quyết khiếu nại, tố cáo, phòng chống tham nhũng",Kiểm tra - Giám sát Đảng,"Giữ vững kỷ cương, kỷ luật Đảng, phòng ngừa vi phạm và chủ động phát hiện dấu hiệu vi phạm ngay từ cơ sở chi bộ thôn/trường học.","Ban hành và tổ chức thực hiện kế hoạch kiểm tra, giám sát chuyên đề; giám sát thường xuyên người đứng đầu và đảng viên; giải quyết kịp thời đơn thư khiếu nại, tố cáo.",Bản scan đóng dấu / Ký số,,"ĐU-CV-0018-2025 Công văn về ý kiến thảo luận tại hội thảo Nâng cao hiệu quả công tác giải quyết khiếu nại, tố cáo, phòng chống tham nhũng.pdf",226.8
147,CÔNG VĂN,19-CV/ĐU,2025,Năm 2025,"CV giải quyết chính sách, chế độ theo nghị định 178",Công tác Đảng & Quản lý điều hành,"Lãnh đạo, chỉ đạo và triển khai các nhiệm vụ chính trị trọng tâm theo CV giải quyết chính sách, chế độ theo nghị định 178.","Tổ chức phân công nhiệm vụ cụ thể cho các cơ quan, đơn vị liên quan; theo dõi, đôn đốc tiến độ và báo cáo Thường trực, Ban Thường vụ Đảng uỷ định kỳ.",Bản scan đóng dấu / Ký số,,"ĐU-CV-0019-2025 CV giải quyết chính sách, chế độ theo nghị định 178.pdf",78.7
148,CÔNG VĂN,20-CV/ĐU,2025,Năm 2025,"Công văn đẩy mạnh công tác chính trị, tư tưởng trong quá trình vận hành chính quyền 2 cấp",Tuyên giáo - Dân vận,"Định hướng tư tưởng cán bộ, đảng viên, củng cố khối đại đoàn kết toàn dân và tạo sự đồng thuận xã hội trong thực hiện các nhiệm vụ chính trị.","Tổ chức học tập, quán triệt sâu rộng các nghị quyết của Trung ương và Tỉnh uỷ; tuyên truyền các phong trào thi đua yêu nước, kỷ niệm các ngày lễ lớn và hoạt động Mặt trận, đoàn thể.",Bản scan đóng dấu / Ký số,,"ĐU-CV-0020-2025 Công văn đẩy mạnh công tác chính trị, tư tưởng trong quá trình vận hành chính quyền 2 cấp.pdf",127.8
149,CÔNG VĂN,21-CV/ĐU,2025,Năm 2025,Công văn triển khai thực hiện công điện 134,Công tác Đảng & Quản lý điều hành,"Lãnh đạo, chỉ đạo và triển khai các nhiệm vụ chính trị trọng tâm theo Công văn triển khai thực hiện công điện 134.","Tổ chức phân công nhiệm vụ cụ thể cho các cơ quan, đơn vị liên quan; theo dõi, đôn đốc tiến độ và báo cáo Thường trực, Ban Thường vụ Đảng uỷ định kỳ.",Bản scan đóng dấu / Ký số,,ĐU-CV-0021-2025 Công văn triển khai thực hiện công điện 134.pdf,52.6
150,CÔNG VĂN,22-CV/ĐU,2025,Năm 2025,22-CV tham mưu triển khai t.h Kế hoạch 294-KHTU,Công tác Đảng & Quản lý điều hành,"Lãnh đạo, chỉ đạo và triển khai các nhiệm vụ chính trị trọng tâm theo 22-CV tham mưu triển khai t.h Kế hoạch 294-KHTU.","Tổ chức phân công nhiệm vụ cụ thể cho các cơ quan, đơn vị liên quan; theo dõi, đôn đốc tiến độ và báo cáo Thường trực, Ban Thường vụ Đảng uỷ định kỳ.",Bản scan đóng dấu / Ký số,,ĐU-CV-0022-202522-CV tham mưu triển khai t.h Kế hoạch 294-KHTU.pdf,67.9
151,CÔNG VĂN,23-CV/ĐU,2025,Năm 2025,"Công văn yều cầu điều chuyển cán bộ, cc(Khoa, Tim)",Công tác Đảng & Quản lý điều hành,"Lãnh đạo, chỉ đạo và triển khai các nhiệm vụ chính trị trọng tâm theo Công văn yều cầu điều chuyển cán bộ, cc(Khoa, Tim).","Tổ chức phân công nhiệm vụ cụ thể cho các cơ quan, đơn vị liên quan; theo dõi, đôn đốc tiến độ và báo cáo Thường trực, Ban Thường vụ Đảng uỷ định kỳ.",Bản scan đóng dấu / Ký số,,"ĐU-CV-0023-2025 Công văn yều cầu điều chuyển cán bộ, cc(Khoa, Tim).pdf",626.4
152,CÔNG VĂN,24-CV/ĐU,2025,Năm 2025,Công văn xin nghỉ việc theo nguyện vọng cá nhân (Pi năng Vô),Công tác Tổ chức - Đảng viên,"Củng cố tổ chức cơ sở đảng, nâng cao năng lực lãnh đạo, chất lượng sinh hoạt chi bộ và hoàn thành chỉ tiêu phát triển đảng viên mới.","Rà soát nguồn bồi dưỡng quần chúng ưu tú, chuẩn hóa thủ tục thẩm tra lý lịch kết nạp đảng; thực hiện quy trình bổ nhiệm, điều động, xếp loại cán bộ công chức theo đúng phân cấp.",Bản scan đóng dấu / Ký số,,ĐU-CV-0024-2025 Công văn xin nghỉ việc theo nguyện vọng cá nhân (Pi năng Vô).pdf,126.7
153,CÔNG VĂN,26-CV/ĐU,2026,Năm 2026,Công văn cho ý kiến thành lập tổ giám sát kết quả thực hiện kết luận 174 (1),Kiểm tra - Giám sát Đảng,"Giữ vững kỷ cương, kỷ luật Đảng, phòng ngừa vi phạm và chủ động phát hiện dấu hiệu vi phạm ngay từ cơ sở chi bộ thôn/trường học.","Ban hành và tổ chức thực hiện kế hoạch kiểm tra, giám sát chuyên đề; giám sát thường xuyên người đứng đầu và đảng viên; giải quyết kịp thời đơn thư khiếu nại, tố cáo.",Bản scan đóng dấu / Ký số,,ĐU-CV-0026-2026 Công văn cho ý kiến thành lập tổ giám sát kết quả thực hiện kết luận 174 (1).pdf,55.5
154,CÔNG VĂN,27-CV/ĐU,2026,Năm 2026,CV Công văn xin nghỉ việc theo nguyện vọng cá nhân,Công tác Tổ chức - Đảng viên,"Củng cố tổ chức cơ sở đảng, nâng cao năng lực lãnh đạo, chất lượng sinh hoạt chi bộ và hoàn thành chỉ tiêu phát triển đảng viên mới.","Rà soát nguồn bồi dưỡng quần chúng ưu tú, chuẩn hóa thủ tục thẩm tra lý lịch kết nạp đảng; thực hiện quy trình bổ nhiệm, điều động, xếp loại cán bộ công chức theo đúng phân cấp.",Bản scan đóng dấu / Ký số,,ĐU-CV-0027-2026 CV Công văn xin nghỉ việc theo nguyện vọng cá nhân.pdf,514.3
155,CÔNG VĂN,28-CV/ĐU,2025,Năm 2025,Công văn triển khai thực hiện TBKL 89-TB (1),Công tác Đảng & Quản lý điều hành,"Lãnh đạo, chỉ đạo và triển khai các nhiệm vụ chính trị trọng tâm theo Công văn triển khai thực hiện TBKL 89-TB (1).","Tổ chức phân công nhiệm vụ cụ thể cho các cơ quan, đơn vị liên quan; theo dõi, đôn đốc tiến độ và báo cáo Thường trực, Ban Thường vụ Đảng uỷ định kỳ.",Bản scan đóng dấu / Ký số,,ĐU-CV-0028-2025 Công văn triển khai thực hiện TBKL 89-TB (1).pdf,64.7
156,CÔNG VĂN,29-CV/ĐU,2025,ngày 01/8/2025,CV chỉ đạo triển khai xử lý công việc trên Hệ thống E-Office,Công tác Tổ chức - Đảng viên,"các cấp ủy, chi bộ, các cơ quan, đơn vịtrong toàn xã nghiêm túc,","Về triển khai xử lý công việc trên Hệ thống quản lý | - Các cơ quan tham mưu giúp việc Đảng uỷ xã, | Nhằm triển khai có hiệu quảcông tác lãnh đạo, chỉđạo của Thường trực, Ban",Văn bản số (Digital Text đầy đủ),,ĐU-CV-0029-2025 CV chỉ đạo triển khai xử lý công việc trên Hệ thống E-Office.signed.signed.pdf,989.4
157,CÔNG VĂN,30-CV/ĐU,2025,ngày 16/7/2025,"báo cáo 9 tháng và báo cáo năm vềcông tác nội chính, phòng, chống tham nhũng, lãng phí, tiêu cực và cải cách tư pháp (Báo cáo tháng 3 được lồng ghép váo báo cáo quý I; báo cáo tháng 6 được lồng ghép vào báo cáo 6 tháng; báo cáo tháng 9 được lồng ghép vào báo cáo 9 tháng; báo cáo tháng 12 được lồng ghép vào báo cáo năm). - Báo cáo tháng: Phản ánh những vấn đềnổi lên vềan ninh quốc gia, trật tự an toàn xã hội; báo cáo tóm tắt công tác lãnh đạo, chỉđạo và kết quảchủyếu về",Công tác Tổ chức - Đảng viên,"Củng cố tổ chức cơ sở đảng, nâng cao năng lực lãnh đạo, chất lượng sinh hoạt chi bộ và hoàn thành chỉ tiêu phát triển đảng viên mới.","Thực hiện chế độ thông tin, báo cáo công tác | Nội chính, phòng, chống tham nhũng, lãng phí, | Thực hiện Công văn số84-CV/BNCTU ngày 16/7/2025 của Ban Nội chính",Văn bản số (Digital Text đầy đủ),,ĐU-CV-0030-2025 CV chỉ đạo báo cáo công tác Nội chính.signed.signed.pdf,1493.5
158,CÔNG VĂN,31-CV/ĐU,2025,ngày 22/8/2025,CV CHỈ ĐẠO THAM MƯU CÁC NỘI DUNG SAU ĐẠI HỘI,Kinh tế - Ngân sách,đềxuất cần nêu rõ: Thểloại văn bản ban hành,"- Uỷ ban MTTQVN và các tổ chức chính trị - xã hội xã, | - Các cơ quan tham mưu, giúp việc Đảng uỷ, | Đểthực hiện thắng lợi các mục tiêu, chỉtiêu, nhiệm vụNghịquyết Đại hội",Văn bản số (Digital Text đầy đủ),,ĐU-CV-0031-2025 CV CHỈ ĐẠO THAM MƯU CÁC NỘI DUNG SAU ĐẠI HỘI.signed.signed.pdf,1040.9
159,CÔNG VĂN,32-CV/ĐU,2025,Năm 2025,công văn triển khai thông báo KL của đc Phó Bí thư TT tỉnh ủy,Công tác Đảng & Quản lý điều hành,"Lãnh đạo, chỉ đạo và triển khai các nhiệm vụ chính trị trọng tâm theo công văn triển khai thông báo KL của đc Phó Bí thư TT tỉnh ủy.","Tổ chức phân công nhiệm vụ cụ thể cho các cơ quan, đơn vị liên quan; theo dõi, đôn đốc tiến độ và báo cáo Thường trực, Ban Thường vụ Đảng uỷ định kỳ.",Bản scan đóng dấu / Ký số,,ĐU-CV-0032-2025 công văn triển khai thông báo KL của đc Phó Bí thư TT tỉnh ủy.pdf,71.9
160,CÔNG VĂN,33-CV/ĐU,2025,Năm 2025,Công văn chỉ đạo thực hiện Nghị quyết 68,Tuyên giáo - Dân vận,"Định hướng tư tưởng cán bộ, đảng viên, củng cố khối đại đoàn kết toàn dân và tạo sự đồng thuận xã hội trong thực hiện các nhiệm vụ chính trị.","Tổ chức học tập, quán triệt sâu rộng các nghị quyết của Trung ương và Tỉnh uỷ; tuyên truyền các phong trào thi đua yêu nước, kỷ niệm các ngày lễ lớn và hoạt động Mặt trận, đoàn thể.",Bản scan đóng dấu / Ký số,,ĐU-CV-0033-2025 Công văn chỉ đạo thực hiện Nghị quyết 68.pdf,61.9
161,CÔNG VĂN,35-CV/ĐU,2025,Năm 2025,Công văn góp ý dự thảo do BTV Trung ương xây dựng,Công tác Đảng & Quản lý điều hành,"Lãnh đạo, chỉ đạo và triển khai các nhiệm vụ chính trị trọng tâm theo Công văn góp ý dự thảo do BTV Trung ương xây dựng.","Tổ chức phân công nhiệm vụ cụ thể cho các cơ quan, đơn vị liên quan; theo dõi, đôn đốc tiến độ và báo cáo Thường trực, Ban Thường vụ Đảng uỷ định kỳ.",Bản scan đóng dấu / Ký số,,ĐU-CV-0035-2025 Công văn góp ý dự thảo do BTV Trung ương xây dựng.pdf,49.3
162,CÔNG VĂN,36-CV/ĐU,2025,Năm 2025,Góp ý dự thảo quyết định và quy chế phối hợp giữa ĐU công an tỉnh và Đảng uỷ xã,Công tác Đảng & Quản lý điều hành,"Lãnh đạo, chỉ đạo và triển khai các nhiệm vụ chính trị trọng tâm theo Góp ý dự thảo quyết định và quy chế phối hợp giữa ĐU công an tỉnh và Đảng uỷ xã.","Tổ chức phân công nhiệm vụ cụ thể cho các cơ quan, đơn vị liên quan; theo dõi, đôn đốc tiến độ và báo cáo Thường trực, Ban Thường vụ Đảng uỷ định kỳ.",Bản scan đóng dấu / Ký số,,ĐU-CV-0036-2025 Góp ý dự thảo quyết định và quy chế phối hợp giữa ĐU công an tỉnh và Đảng uỷ xã.pdf,58.9
163,CÔNG VĂN,38-CV/ĐU,2025,ngày 08/8/2025,CV giới thiệu danh sách cán bộ tham gia đội ngũ giảng viên kiêm nhiệm,Kinh tế - Ngân sách,"Chỉ đạo phát triển kinh tế địa phương, duy trì tốc độ tăng trưởng hai con số, đẩy mạnh thu ngân sách và huy động vốn đầu tư toàn xã hội.","Tiếp nhận Công văn số02-CV/TTCT, ngày 08/8/2025 của Trung tâm | Chính trịxã Thuận Bắc vềviệc giới thiệu cán bộtham gia đội ngũ giảng viên | Ban Thường vụĐảng ủy xã Công Hải giới thiệu cán bộtham gia đội ngũ",Văn bản số (Digital Text đầy đủ),,ĐU-CV-0038-2025 CV giới thiệu danh sách cán bộ tham gia đội ngũ giảng viên kiêm nhiệm.signed.signed.pdf,971.7
164,CÔNG VĂN,39-CV/ĐU,2025,ngày 21/8/2025,"kế hoạch được giao trong năm 2025 Đây là nội dung quan trọng, ảnh hưởng trực tiếp đến việc đo lường, đánh giá kết quả, hiệu quảhoạt động của các cơ quan, đơn vịvà người đứng đầu. Do đó, Thường trực Đảng uỷđềnghịcác cơ quan, đơn vịquan tâm cửcán bộtham gia đầy đủ, đúng thành phần, thời gian nêu trên, bảo đảm đạt hiệu quả./. Nơi nhận",Kinh tế - Ngân sách,"tập huấn trực tiếp hướng dẫn rà soát, thống kê nhiệm vụ, chỉtiêu,","Mời dự tập huấn trực tuyến hướng dẫn rà soát, | Thực hiện Công văn số367-CV/BTCTU, ngày 21/8/2025 của Ban Tổchức | Tỉnh uỷvềtổchức tập huấn trực tiếp hướng dẫn rà soát, thống kê nhiệm vụ, chỉtiêu,",Văn bản số (Digital Text đầy đủ),,ĐU-CV-0039-2025 GM HN tập huấn ngày 22-8.signed.signed.pdf,1186.7
165,CÔNG VĂN,40-CV/ĐU,2025,Năm 2025,Công văn báo cáo theo đề cương cv 265,Kinh tế - Ngân sách,"nhiệm vụ, giải pháp, yêu cầu cơ bản","Rà soát, sửa đổi Luật Đầu tư theo phương thức đối tác công tư và các văn bản | hướng dẫn thi hành đểđa dạng hóa, nâng cao hiệu quảcác hình thức hợp tác giữa | Nhà nước và tư nhân thông qua các mô hình hợp tác công tư (PPP), lãnh đạo công -",Văn bản số (Digital Text đầy đủ),,ĐU-CV-0040-2025 Công văn báo cáo theo đề cương cv 265.pdf,1399.7
166,CÔNG VĂN,41-CV/ĐU,2025,Năm 2025,CV tuyên truyền miệng Đại hội Đảng bộ các cấp,Tuyên giáo - Dân vận,"Định hướng tư tưởng cán bộ, đảng viên, củng cố khối đại đoàn kết toàn dân và tạo sự đồng thuận xã hội trong thực hiện các nhiệm vụ chính trị.","Tổ chức học tập, quán triệt sâu rộng các nghị quyết của Trung ương và Tỉnh uỷ; tuyên truyền các phong trào thi đua yêu nước, kỷ niệm các ngày lễ lớn và hoạt động Mặt trận, đoàn thể.",Bản scan đóng dấu / Ký số,,ĐU-CV-0041-2025 CV  tuyên truyền miệng Đại hội Đảng bộ các cấp.pdf,106.5
167,CÔNG VĂN,42-CV/ĐU,2025,Năm 2025,CV đẩy mạnh tuyên truyền tham gia Giải báo chí về Xây dựng đảng,Tuyên giáo - Dân vận,"Định hướng tư tưởng cán bộ, đảng viên, củng cố khối đại đoàn kết toàn dân và tạo sự đồng thuận xã hội trong thực hiện các nhiệm vụ chính trị.","Tổ chức học tập, quán triệt sâu rộng các nghị quyết của Trung ương và Tỉnh uỷ; tuyên truyền các phong trào thi đua yêu nước, kỷ niệm các ngày lễ lớn và hoạt động Mặt trận, đoàn thể.",Bản scan đóng dấu / Ký số,,ĐU-CV-0042-2025 CV đẩy mạnh tuyên truyền tham gia Giải báo chí về Xây dựng đảng.pdf,67.9
168,CÔNG VĂN,43-CV/ĐU,2025,Năm 2025,CV lãnh đạo ĐH MTTQVN,Công tác Đảng & Quản lý điều hành,"Lãnh đạo, chỉ đạo và triển khai các nhiệm vụ chính trị trọng tâm theo CV lãnh đạo ĐH MTTQVN.","Tổ chức phân công nhiệm vụ cụ thể cho các cơ quan, đơn vị liên quan; theo dõi, đôn đốc tiến độ và báo cáo Thường trực, Ban Thường vụ Đảng uỷ định kỳ.",Bản scan đóng dấu / Ký số,,ĐU-CV-0043-2025 CV lãnh đạo ĐH MTTQVN.pdf,249.1
169,CÔNG VĂN,45-CV/ĐU,2025,Năm 2025,"Cv rà soát, thống kê nhiệm vụ, chỉ tiêu, kế hoạch được giao trong năm 2025",Công tác Đảng & Quản lý điều hành,"Lãnh đạo, chỉ đạo và triển khai các nhiệm vụ chính trị trọng tâm theo Cv rà soát, thống kê nhiệm vụ, chỉ tiêu, kế hoạch được giao trong năm 2025.","Tổ chức phân công nhiệm vụ cụ thể cho các cơ quan, đơn vị liên quan; theo dõi, đôn đốc tiến độ và báo cáo Thường trực, Ban Thường vụ Đảng uỷ định kỳ.",Bản scan đóng dấu / Ký số,,"ĐU-CV-0045-2025 Cv rà soát, thống kê nhiệm vụ, chỉ tiêu, kế hoạch được giao trong năm 2025.pdf",85.9
170,CÔNG VĂN,46-CV/ĐU,2025,Năm 2025,CV thống nhất chủ trương vận động nhân dân Cu Ba,Công tác Đảng & Quản lý điều hành,"Lãnh đạo, chỉ đạo và triển khai các nhiệm vụ chính trị trọng tâm theo CV thống nhất chủ trương vận động nhân dân Cu Ba.","Tổ chức phân công nhiệm vụ cụ thể cho các cơ quan, đơn vị liên quan; theo dõi, đôn đốc tiến độ và báo cáo Thường trực, Ban Thường vụ Đảng uỷ định kỳ.",Bản scan đóng dấu / Ký số,,ĐU-CV-0046-2025 CV thống nhất chủ trương vận động nhân dân Cu Ba.pdf,68.2
171,CÔNG VĂN,47-CV/ĐU,2025,ngày 26/8/2025,mời HỌP TTĐU. TUẦN 9 - 26.8.2025,Kinh tế - Ngân sách,1 (từ14 giờ00” – 15 giờ30”): Nghe báo cáo và cho ý kiến các,"Thực hiện Chương trình công tác của Thường trực Đảng ủy tuần thứ9/2025; | kính mời các đồng chí dựhọp Thường trực Đảng ủy nghe báo cáo và cho ý kiến | các nội dung theo Chương trình công tác (Đính kèm Chương trình, nội dung,",Văn bản số (Digital Text đầy đủ),,ĐU-CV-0047-2025 mời HỌP TTĐU. TUẦN 9 - 26.8.2025.signed.signed.pdf,1216.5
172,CÔNG VĂN,48-CV/ĐU,2025,Năm 2025,CV triển khai thông báo kết luận 02-TBBCĐ,Công tác Đảng & Quản lý điều hành,"Lãnh đạo, chỉ đạo và triển khai các nhiệm vụ chính trị trọng tâm theo CV triển khai thông báo kết luận 02-TBBCĐ.","Tổ chức phân công nhiệm vụ cụ thể cho các cơ quan, đơn vị liên quan; theo dõi, đôn đốc tiến độ và báo cáo Thường trực, Ban Thường vụ Đảng uỷ định kỳ.",Bản scan đóng dấu / Ký số,,ĐU-CV-0048-2025 CV triển khai thông báo kết luận 02-TBBCĐ.pdf,169.8
173,CÔNG VĂN,49-CV/ĐU,2025,Năm 2025,CV đẩy mạnh tuyên truyền trực quan,Tuyên giáo - Dân vận,"Định hướng tư tưởng cán bộ, đảng viên, củng cố khối đại đoàn kết toàn dân và tạo sự đồng thuận xã hội trong thực hiện các nhiệm vụ chính trị.","Tổ chức học tập, quán triệt sâu rộng các nghị quyết của Trung ương và Tỉnh uỷ; tuyên truyền các phong trào thi đua yêu nước, kỷ niệm các ngày lễ lớn và hoạt động Mặt trận, đoàn thể.",Bản scan đóng dấu / Ký số,,ĐU-CV-0049-2025 CV đẩy mạnh tuyên truyền trực quan.pdf,96.5
174,CÔNG VĂN,50-CV/ĐU,2025,Năm 2025,CV cử cán bộ đào tạo cao cấp LLCT hệ KTT năm 2025,Công tác Đảng & Quản lý điều hành,"Lãnh đạo, chỉ đạo và triển khai các nhiệm vụ chính trị trọng tâm theo CV cử cán bộ đào tạo cao cấp LLCT hệ KTT năm 2025.","Tổ chức phân công nhiệm vụ cụ thể cho các cơ quan, đơn vị liên quan; theo dõi, đôn đốc tiến độ và báo cáo Thường trực, Ban Thường vụ Đảng uỷ định kỳ.",Bản scan đóng dấu / Ký số,,ĐU-CV-0050-2025 CV cử cán bộ đào tạo cao cấp LLCT hệ KTT năm 2025.pdf,60.5
175,CÔNG VĂN,51-CV/ĐU,2025,Năm 2025,"Công văn mời dự hội nghị nghiên cứu, học tập quán triệt các Nghị quyết của tỉnh ủy, Đảng ủy",Tuyên giáo - Dân vận,"Định hướng tư tưởng cán bộ, đảng viên, củng cố khối đại đoàn kết toàn dân và tạo sự đồng thuận xã hội trong thực hiện các nhiệm vụ chính trị.","Tổ chức học tập, quán triệt sâu rộng các nghị quyết của Trung ương và Tỉnh uỷ; tuyên truyền các phong trào thi đua yêu nước, kỷ niệm các ngày lễ lớn và hoạt động Mặt trận, đoàn thể.",Bản scan đóng dấu / Ký số,,"ĐU-CV-0051-2025 Công văn mời dự hội nghị nghiên cứu, học tập quán triệt các Nghị quyết của tỉnh ủy, Đảng ủy.pdf",127.4
176,CÔNG VĂN,52-CV/ĐU,2025,Năm 2025,Công văn có ý kiến đối với việc đào tạo cao cấp LLCT,Công tác Đảng & Quản lý điều hành,"Lãnh đạo, chỉ đạo và triển khai các nhiệm vụ chính trị trọng tâm theo Công văn có ý kiến đối với việc đào tạo cao cấp LLCT.","Tổ chức phân công nhiệm vụ cụ thể cho các cơ quan, đơn vị liên quan; theo dõi, đôn đốc tiến độ và báo cáo Thường trực, Ban Thường vụ Đảng uỷ định kỳ.",Bản scan đóng dấu / Ký số,,ĐU-CV-0052-2025 Công văn có ý kiến đối với việc đào tạo cao cấp LLCT.pdf,68.4
177,CÔNG VĂN,53-CV/ĐU,2025,ngày 29/8/2025,GM hop mat 02.9,Công tác Tổ chức - Đảng viên,"Củng cố tổ chức cơ sở đảng, nâng cao năng lực lãnh đạo, chất lượng sinh hoạt chi bộ và hoàn thành chỉ tiêu phát triển đảng viên mới.","- Các đ/c Bí thư các tổ chức Đảng trực thuộc, | - Các đ/c đảng viên được trao Huy hiệu Đảng đợt 02/9, | Đảng ủy tổchức Họp mặt kỷniệm 80 năm Quốc khánh nước Công hoà",Văn bản số (Digital Text đầy đủ),,ĐU-CV-0053-2025 GM hop mat 02.9.signed.signed.pdf,1218.3
178,CÔNG VĂN,56-CV/ĐU,2025,ngày 02/9/2025,"báo cáo Thường trực Đảng ủy lãnh đạo, chỉ đạo. 5. Thủtrưởng các cơ quan, đơn vịtổchức phân công cán bộ, công chức trực cơ quan trong thời gian nghỉLễ; báo cáo nhanh vềVăn phòng Đảng ủy trước 14 giờ00” hàng ngày và tổng hợp báo cáo 04 ngày nghỉLễgửi vềVăn phòng Đảng ủy trước 11 giờ 00” ngày 02/9/2025 để tổng hợp báo cáo Thường trực Đảng ủy. Đối với những vấn đề phát sinh xảy ra (nếu có) kịp thời báo cáo qua điện thoại.",Công tác Tổ chức - Đảng viên,"Đảng uỷUBND xã, các cơ quan, đơn vịnghiêm túc triển khai thực","Đểđảm bảo tình hình an ninh chính trị, trật tựan toàn xã hội trên địa bàn dịp | LễQuốc khánh (02/9). Thường trực Đảng ủy yêu cầu cấp ủy, chính quyền, các cơ | quan, đơn vịliên quan tập trung lãnh đạo, chỉđạo thực hiện tốt một sốnhiệm vụ",Văn bản số (Digital Text đầy đủ),,ĐU-CV-0056-2025 CV TĂNG CƯƠNG ĐẢM BẢO ANTT DỊP LỄ 02.9.signed.signed.pdf,997.4
179,CÔNG VĂN,57-CV/ĐU,2025,03/09/2025,Công văn cung cấp danh sách các đc được tặng lịch Tết,Công tác Đảng & Quản lý điều hành,"Lãnh đạo, chỉ đạo và triển khai các nhiệm vụ chính trị trọng tâm theo Công văn cung cấp danh sách các đc được tặng lịch Tết.","Tổ chức phân công nhiệm vụ cụ thể cho các cơ quan, đơn vị liên quan; theo dõi, đôn đốc tiến độ và báo cáo Thường trực, Ban Thường vụ Đảng uỷ định kỳ.",Bản scan đóng dấu / Ký số,,ĐU-CV-0057-2025 Công văn cung cấp danh sách các đc được tặng lịch Tết.signed.pdf,771.2
180,CÔNG VĂN,58-CV/ĐU,2025,04/09/2025,Công văn tham mưu triển khai thực hiện Kế hoạch số 20-KHTU,Công tác Đảng & Quản lý điều hành,"Lãnh đạo, chỉ đạo và triển khai các nhiệm vụ chính trị trọng tâm theo Công văn tham mưu triển khai thực hiện Kế hoạch số 20-KHTU.","Tổ chức phân công nhiệm vụ cụ thể cho các cơ quan, đơn vị liên quan; theo dõi, đôn đốc tiến độ và báo cáo Thường trực, Ban Thường vụ Đảng uỷ định kỳ.",Bản scan đóng dấu / Ký số,,ĐU-CV-0058-2025 Công văn tham mưu triển khai thực hiện Kế hoạch số 20-KHTU.signed.pdf,700.6
181,CÔNG VĂN,59-CV/ĐU,2025,04/09/2025,"Mời dự lớp bồi dưỡng, cập nhật kiến thức kỹ năng đối với cb lãnh đạo",Công tác Đảng & Quản lý điều hành,"Lãnh đạo, chỉ đạo và triển khai các nhiệm vụ chính trị trọng tâm theo Mời dự lớp bồi dưỡng, cập nhật kiến thức kỹ năng đối với cb lãnh đạo.","Tổ chức phân công nhiệm vụ cụ thể cho các cơ quan, đơn vị liên quan; theo dõi, đôn đốc tiến độ và báo cáo Thường trực, Ban Thường vụ Đảng uỷ định kỳ.",Bản scan đóng dấu / Ký số,,"ĐU-CV-0059-2025 Mời dự lớp bồi dưỡng, cập nhật kiến thức kỹ năng đối với cb lãnh đạo.signed.pdf",697.0
182,CÔNG VĂN,60-CV/ĐU,2025,04/09/2025,Công văn hưởng ứng cuộc thi tìm hiểu các Nghị quyết của Đảng,Tuyên giáo - Dân vận,"Định hướng tư tưởng cán bộ, đảng viên, củng cố khối đại đoàn kết toàn dân và tạo sự đồng thuận xã hội trong thực hiện các nhiệm vụ chính trị.","Tổ chức học tập, quán triệt sâu rộng các nghị quyết của Trung ương và Tỉnh uỷ; tuyên truyền các phong trào thi đua yêu nước, kỷ niệm các ngày lễ lớn và hoạt động Mặt trận, đoàn thể.",Bản scan đóng dấu / Ký số,,ĐU-CV-0060-2025 Công văn hưởng ứng cuộc thi tìm hiểu các Nghị quyết của Đảng.signed.pdf,825.7
183,CÔNG VĂN,61-CV/ĐU,2025,ngày 15/8/2025,"Báo cáo kết quả rà soát, thống kê nhiệm vụ, chỉ tiêu, kế hoạch được cấp có thẩm quyền giao trong năm 2025 ĐẢNG CỘNG SẢN VIỆT NAM",Công tác Đảng & Quản lý điều hành,"Lãnh đạo, chỉ đạo và triển khai các nhiệm vụ chính trị trọng tâm theo Báo cáo kết quả rà soát, thống kê nhiệm vụ, chỉ tiêu, kế hoạch được cấp có thẩm quyền giao trong năm 2025 ĐẢNG CỘNG SẢN VIỆT NAM.","Báo cáo kết quả rà soát, thống kê nhiệm vụ, | chỉ tiêu, kế hoạch được cấp có thẩm quyền giao | Thực hiện Công văn số328-CV/BTCTU, ngày 15/8/2025 của Ban Tổchức",Văn bản số (Digital Text đầy đủ),,"ĐU-CV-0061-2025CV báo cáo kết quả rà soát, thống kê nhiệm vụ, chỉ tiêu, kế hoạch được giao trong năm 2025.signed.signed.pdf",961.0
184,CÔNG VĂN,62-CV/ĐU,2025,ngày 29/8/2025,CV mời tham dự tập huấn AI,Công tác Đảng & Quản lý điều hành,"Lãnh đạo, chỉ đạo và triển khai các nhiệm vụ chính trị trọng tâm theo CV mời tham dự tập huấn AI.","Mời dự Hội nghị tập huấn ứng dụng trí tuệ nhân | - Các cơ quan tham mưu, giúp việc Đảng uỷ, | Thực hiện Công văn số561-CV/VPTU ngày 29/8/2025 của Văn phòng Tỉnh",Văn bản số (Digital Text đầy đủ),,ĐU-CV-0062-2025 CV mời tham dự tập huấn AI.signed.signed.pdf,1184.8
185,CÔNG VĂN,63-CV/ĐU,2025,ngày 08/9/2025,Trao quyêt định về công tác cán bộ,Kinh tế - Ngân sách,"Chỉ đạo phát triển kinh tế địa phương, duy trì tốc độ tăng trưởng hai con số, đẩy mạnh thu ngân sách và huy động vốn đầu tư toàn xã hội.","- Lãnh đạo và cán bộ, công chức các cơ quan: Ban Xây dựng | Thường trực Đảng ủy tổchức Hội nghịcông bốQuyết định của Ban Thường vụ | Đảng uỷ, UBND xã về công tác cán bộ; thời gian, thành phần, địa điểm cụ thể sau:",Văn bản số (Digital Text đầy đủ),,ĐU-CV-0063-2025 Trao quyêt định về công tác cán bộ.signed.signed.pdf,1777.2
186,CÔNG VĂN,64-CV/ĐU,2025,08/09/2025,gửi báo cáo đánh giá tình hình thực hiện nhiệm vụ quý III,Công tác Đảng & Quản lý điều hành,"Lãnh đạo, chỉ đạo và triển khai các nhiệm vụ chính trị trọng tâm theo gửi báo cáo đánh giá tình hình thực hiện nhiệm vụ quý III.","Tổ chức phân công nhiệm vụ cụ thể cho các cơ quan, đơn vị liên quan; theo dõi, đôn đốc tiến độ và báo cáo Thường trực, Ban Thường vụ Đảng uỷ định kỳ.",Bản scan đóng dấu / Ký số,,ĐU-CV-0064-2025 gửi báo cáo đánh giá tình hình thực hiện nhiệm vụ quý III.signed.pdf,933.7
187,CÔNG VĂN,65-CV/ĐU,2025,Năm 2025,Đăng ký chỉ tiêu phát triển đảng viên nhiệm kỳ 2025- 2030,Công tác Tổ chức - Đảng viên,"Củng cố tổ chức cơ sở đảng, nâng cao năng lực lãnh đạo, chất lượng sinh hoạt chi bộ và hoàn thành chỉ tiêu phát triển đảng viên mới.","Rà soát nguồn bồi dưỡng quần chúng ưu tú, chuẩn hóa thủ tục thẩm tra lý lịch kết nạp đảng; thực hiện quy trình bổ nhiệm, điều động, xếp loại cán bộ công chức theo đúng phân cấp.",Bản scan đóng dấu / Ký số,,ĐU-CV-0065-2025 Đăng ký chỉ tiêu phát triển đảng viên nhiệm kỳ 2025- 2030.pdf,62.4
188,CÔNG VĂN,68-CV/ĐU,2025,12/09/2025,Công văn chỉ đạo triển khai thực hiện kế hoạch số 16KH-UBMTTQVN,Công tác Đảng & Quản lý điều hành,"Lãnh đạo, chỉ đạo và triển khai các nhiệm vụ chính trị trọng tâm theo Công văn chỉ đạo triển khai thực hiện kế hoạch số 16KH-UBMTTQVN.","Tổ chức phân công nhiệm vụ cụ thể cho các cơ quan, đơn vị liên quan; theo dõi, đôn đốc tiến độ và báo cáo Thường trực, Ban Thường vụ Đảng uỷ định kỳ.",Bản scan đóng dấu / Ký số,,ĐU-CV-0068-2025 Công văn chỉ đạo triển khai thực hiện kế hoạch số 16KH-UBMTTQVN.signed.pdf,704.5
189,CÔNG VĂN,69-CV/ĐU,2025,12/09/2025,Công văn chỉ đạo quán triệt Hướng dẫn 19,Tuyên giáo - Dân vận,"Định hướng tư tưởng cán bộ, đảng viên, củng cố khối đại đoàn kết toàn dân và tạo sự đồng thuận xã hội trong thực hiện các nhiệm vụ chính trị.","Tổ chức học tập, quán triệt sâu rộng các nghị quyết của Trung ương và Tỉnh uỷ; tuyên truyền các phong trào thi đua yêu nước, kỷ niệm các ngày lễ lớn và hoạt động Mặt trận, đoàn thể.",Bản scan đóng dấu / Ký số,,ĐU-CV-0069-2025 Công văn chỉ đạo quán triệt Hướng dẫn 19.signed.pdf,766.1
190,CÔNG VĂN,70-CV/ĐU,2025,12/09/2025,Công văn Hướng dẫn tuyên truyền 80 năm tổng tuyển cử,Tuyên giáo - Dân vận,"Định hướng tư tưởng cán bộ, đảng viên, củng cố khối đại đoàn kết toàn dân và tạo sự đồng thuận xã hội trong thực hiện các nhiệm vụ chính trị.","Tổ chức học tập, quán triệt sâu rộng các nghị quyết của Trung ương và Tỉnh uỷ; tuyên truyền các phong trào thi đua yêu nước, kỷ niệm các ngày lễ lớn và hoạt động Mặt trận, đoàn thể.",Bản scan đóng dấu / Ký số,,ĐU-CV-0070-2025Công văn Hướng dẫn tuyên truyền 80 năm tổng tuyển cử.signed.pdf,725.4
191,CÔNG VĂN,71-CV/ĐU,2025,12/09/2025,Công văn lùi thời gian thi trực tuyến tìm hiểu các Nghị quyết của Đảng,Tuyên giáo - Dân vận,"Định hướng tư tưởng cán bộ, đảng viên, củng cố khối đại đoàn kết toàn dân và tạo sự đồng thuận xã hội trong thực hiện các nhiệm vụ chính trị.","Tổ chức học tập, quán triệt sâu rộng các nghị quyết của Trung ương và Tỉnh uỷ; tuyên truyền các phong trào thi đua yêu nước, kỷ niệm các ngày lễ lớn và hoạt động Mặt trận, đoàn thể.",Bản scan đóng dấu / Ký số,,ĐU-CV-0071-2025Công văn lùi thời gian thi trực tuyến tìm hiểu các Nghị quyết của Đảng.signed.pdf,713.8
192,CÔNG VĂN,72-CV/ĐU,2025,12/09/2025,Công văn triển khai thực hiện một số nhiệm vụ trọng tâm tháng 9 năm 2025,Công tác Đảng & Quản lý điều hành,"Lãnh đạo, chỉ đạo và triển khai các nhiệm vụ chính trị trọng tâm theo Công văn triển khai thực hiện một số nhiệm vụ trọng tâm tháng 9 năm 2025.","Tổ chức phân công nhiệm vụ cụ thể cho các cơ quan, đơn vị liên quan; theo dõi, đôn đốc tiến độ và báo cáo Thường trực, Ban Thường vụ Đảng uỷ định kỳ.",Bản scan đóng dấu / Ký số,,ĐU-CV-0072-2025 Công văn triển khai thực hiện một số nhiệm vụ trọng tâm tháng 9 năm 2025.signed.pdf,755.6
193,CÔNG VĂN,73-CV/ĐU,2025,15/09/2025,Mời dự tổng kết công tác tổ chức Đại hội,Tuyên giáo - Dân vận,"Định hướng tư tưởng cán bộ, đảng viên, củng cố khối đại đoàn kết toàn dân và tạo sự đồng thuận xã hội trong thực hiện các nhiệm vụ chính trị.","Tổ chức học tập, quán triệt sâu rộng các nghị quyết của Trung ương và Tỉnh uỷ; tuyên truyền các phong trào thi đua yêu nước, kỷ niệm các ngày lễ lớn và hoạt động Mặt trận, đoàn thể.",Bản scan đóng dấu / Ký số,,ĐU-CV-0073-2025Mời dự tổng kết công tác tổ chức Đại hội.signed.signed.pdf,1286.7
194,CÔNG VĂN,74-CV/ĐU,2025,ngày 15/9/2025,CV mời dự HN quán triệt các NQTW (16.9.2025),Công tác Tổ chức - Đảng viên,"Củng cố tổ chức cơ sở đảng, nâng cao năng lực lãnh đạo, chất lượng sinh hoạt chi bộ và hoàn thành chỉ tiêu phát triển đảng viên mới.","- Các đ/c Nguyên UVTV Đảng uỷ các xã Công Hải | (cũ), Phước Chiến (cũ) đã nghỉ hưu trên địa bàn, | - Các đ/c Uỷ viên UBKT Đảng uỷ; lãnh đạo các cơ",Văn bản số (Digital Text đầy đủ),,ĐU-CV-0074-2025CV mời dự HN quán triệt các NQTW (16.9.2025).signed.signed.pdf,1227.1
195,CÔNG VĂN,75-CV/ĐU,2025,15/09/2025,Công văn góp ý dự thảo quy định và bộ tiêu chí đánh giá chỉ số chuyển đổi số,Chuyển đổi số & CCHC,"Đẩy mạnh ứng dụng công nghệ thông tin, bảo đảm an toàn thông tin mạng và số hóa toàn diện quy trình xử lý công việc trong hệ thống chính trị xã.","Triển khai xử lý hồ sơ trên hệ thống E-Office, đưa ứng dụng Sổ tay đảng viên điện tử vào sinh hoạt chi bộ, đẩy mạnh dịch vụ công trực tuyến và chỉ đạo Đề án 06.",Bản scan đóng dấu / Ký số,,ĐU-CV-0075-2025Công văn góp ý dự thảo quy định và bộ tiêu chí đánh giá chỉ số chuyển đổi số.signed.pdf,687.7
196,CÔNG VĂN,76-CV/ĐU,2025,15/09/2025,"Công văn tuyên truyền, hưởng ứng và tham gia giải báo chí vì sự nghiệp Đại đoàn kết toàn dân tộc",Tuyên giáo - Dân vận,"Định hướng tư tưởng cán bộ, đảng viên, củng cố khối đại đoàn kết toàn dân và tạo sự đồng thuận xã hội trong thực hiện các nhiệm vụ chính trị.","Tổ chức học tập, quán triệt sâu rộng các nghị quyết của Trung ương và Tỉnh uỷ; tuyên truyền các phong trào thi đua yêu nước, kỷ niệm các ngày lễ lớn và hoạt động Mặt trận, đoàn thể.",Bản scan đóng dấu / Ký số,,"ĐU-CV-0076-2025Công văn tuyên truyền, hưởng ứng và tham gia giải báo chí vì sự nghiệp Đại đoàn kết toàn dân tộc.signed.pdf",756.7
197,CÔNG VĂN,77-CV/ĐU,2025,ngày 17/9/2025,CV moi hop BTV 17.9.2025,Kinh tế - Ngân sách,1 (từ14 giờ00” – 15 giờ30”): Nghe UBND xã báo cáo các nội,"Kính mời các đồng chí dựhọp Ban Thường vụĐảng ủy cho ý kiến một số | nội dung thuộc thẩm quyền (Đính kèm chương trình, nội dung, thành phần dự | - Đồng chí Vũ Thị Thuỳ Trang - Bí thư Đảng uỷ, Chủ tịch HĐND xã (chủ trì);",Văn bản số (Digital Text đầy đủ),,ĐU-CV-0077-2025CV moi hop BTV 17.9.2025.signed.signed.pdf,1213.0
198,CÔNG VĂN,78-CV/ĐU,2025,17/09/2025,Công văn đăng ký đại biểu lưu trú dự Đại hội Đảng bộ tỉnh(1),Tuyên giáo - Dân vận,"Định hướng tư tưởng cán bộ, đảng viên, củng cố khối đại đoàn kết toàn dân và tạo sự đồng thuận xã hội trong thực hiện các nhiệm vụ chính trị.","Tổ chức học tập, quán triệt sâu rộng các nghị quyết của Trung ương và Tỉnh uỷ; tuyên truyền các phong trào thi đua yêu nước, kỷ niệm các ngày lễ lớn và hoạt động Mặt trận, đoàn thể.",Bản scan đóng dấu / Ký số,,ĐU-CV-0078-2025Công văn đăng ký đại biểu lưu trú dự Đại hội Đảng bộ tỉnh(1).pdf,1186.2
199,CÔNG VĂN,79-CV/ĐU,2025,18/09/2025,"Công văn chỉ đạo sáp nhập, sắp xệp hội CTĐ",Công tác Đảng & Quản lý điều hành,"Lãnh đạo, chỉ đạo và triển khai các nhiệm vụ chính trị trọng tâm theo Công văn chỉ đạo sáp nhập, sắp xệp hội CTĐ.","Tổ chức phân công nhiệm vụ cụ thể cho các cơ quan, đơn vị liên quan; theo dõi, đôn đốc tiến độ và báo cáo Thường trực, Ban Thường vụ Đảng uỷ định kỳ.",Bản scan đóng dấu / Ký số,,"ĐU-CV-0079-2025 Công văn chỉ đạo sáp nhập, sắp xệp hội CTĐ.signed.pdf",699.5
200,CÔNG VĂN,80-CV/ĐU,2025,18/09/2025,Công văn chỉ đạo Hướng dẫn 07,Công tác Đảng & Quản lý điều hành,"Lãnh đạo, chỉ đạo và triển khai các nhiệm vụ chính trị trọng tâm theo Công văn chỉ đạo Hướng dẫn 07.","Tổ chức phân công nhiệm vụ cụ thể cho các cơ quan, đơn vị liên quan; theo dõi, đôn đốc tiến độ và báo cáo Thường trực, Ban Thường vụ Đảng uỷ định kỳ.",Bản scan đóng dấu / Ký số,,ĐU-CV-0080-2025 Công văn chỉ đạo Hướng dẫn 07.signed.pdf,698.4
201,CÔNG VĂN,81-CV/ĐU,2025,18/09/2025,Công văn đôn đốc tham gia thi trắc nghiệm Tổng tuyển cử,Công tác Đảng & Quản lý điều hành,"Lãnh đạo, chỉ đạo và triển khai các nhiệm vụ chính trị trọng tâm theo Công văn đôn đốc tham gia thi trắc nghiệm Tổng tuyển cử.","Tổ chức phân công nhiệm vụ cụ thể cho các cơ quan, đơn vị liên quan; theo dõi, đôn đốc tiến độ và báo cáo Thường trực, Ban Thường vụ Đảng uỷ định kỳ.",Bản scan đóng dấu / Ký số,,ĐU-CV-0081-2025 Công văn đôn đốc tham gia thi trắc nghiệm Tổng tuyển cử.signed.pdf,695.1
202,CÔNG VĂN,82-CV/ĐU,2025,18/09/2025,Công văn tăng cường vận động học sinh ra lớp,Công tác Đảng & Quản lý điều hành,"Lãnh đạo, chỉ đạo và triển khai các nhiệm vụ chính trị trọng tâm theo Công văn tăng cường vận động học sinh ra lớp.","Tổ chức phân công nhiệm vụ cụ thể cho các cơ quan, đơn vị liên quan; theo dõi, đôn đốc tiến độ và báo cáo Thường trực, Ban Thường vụ Đảng uỷ định kỳ.",Bản scan đóng dấu / Ký số,,ĐU-CV-0082-2025Công văn tăng cường vận động học sinh ra lớp.signed.pdf,747.5
203,CÔNG VĂN,83-CV/ĐU,2025,18/09/2025,Công văn triển khai thực hiện công văn số 402,Công tác Đảng & Quản lý điều hành,"Lãnh đạo, chỉ đạo và triển khai các nhiệm vụ chính trị trọng tâm theo Công văn triển khai thực hiện công văn số 402.","Tổ chức phân công nhiệm vụ cụ thể cho các cơ quan, đơn vị liên quan; theo dõi, đôn đốc tiến độ và báo cáo Thường trực, Ban Thường vụ Đảng uỷ định kỳ.",Bản scan đóng dấu / Ký số,,ĐU-CV-0083-2025 Công văn triển khai thực hiện công văn số 402.signed.pdf,704.1
204,CÔNG VĂN,84-CV/ĐU,2025,18/09/2025,Công văn chỉ đạo triển khai tổ chức Đại hội Đoàn thanh niên,Tuyên giáo - Dân vận,"Định hướng tư tưởng cán bộ, đảng viên, củng cố khối đại đoàn kết toàn dân và tạo sự đồng thuận xã hội trong thực hiện các nhiệm vụ chính trị.","Tổ chức học tập, quán triệt sâu rộng các nghị quyết của Trung ương và Tỉnh uỷ; tuyên truyền các phong trào thi đua yêu nước, kỷ niệm các ngày lễ lớn và hoạt động Mặt trận, đoàn thể.",Bản scan đóng dấu / Ký số,,ĐU-CV-0084-2025Công văn chỉ đạo triển khai tổ chức Đại hội Đoàn thanh niên.signed.pdf,704.3
205,CÔNG VĂN,85-CV/ĐU,2025,18/09/2025,CV chỉ đạo triển khai thực hiện kế hoạch 1441,Công tác Đảng & Quản lý điều hành,"Lãnh đạo, chỉ đạo và triển khai các nhiệm vụ chính trị trọng tâm theo CV chỉ đạo triển khai thực hiện kế hoạch 1441.","Tổ chức phân công nhiệm vụ cụ thể cho các cơ quan, đơn vị liên quan; theo dõi, đôn đốc tiến độ và báo cáo Thường trực, Ban Thường vụ Đảng uỷ định kỳ.",Bản scan đóng dấu / Ký số,,ĐU-CV-0085-2025CV chỉ đạo triển khai thực hiện kế hoạch 1441.signed.pdf,704.7
206,CÔNG VĂN,86-CV/ĐU,2025,18/09/2025,Công văn chỉ đạo triển khai thực hiện công văn số 354-CVBTGDV,Công tác Đảng & Quản lý điều hành,"Lãnh đạo, chỉ đạo và triển khai các nhiệm vụ chính trị trọng tâm theo Công văn chỉ đạo triển khai thực hiện công văn số 354-CVBTGDV.","Tổ chức phân công nhiệm vụ cụ thể cho các cơ quan, đơn vị liên quan; theo dõi, đôn đốc tiến độ và báo cáo Thường trực, Ban Thường vụ Đảng uỷ định kỳ.",Bản scan đóng dấu / Ký số,,ĐU-CV-0086-2025Công văn chỉ đạo triển khai thực hiện công văn số 354-CVBTGDV.signed.pdf,691.7
207,CÔNG VĂN,87-CV/ĐU,2025,18/09/2025,Công văn cung cấp danh sách đảng viên tham dự LLCT,Công tác Tổ chức - Đảng viên,"Củng cố tổ chức cơ sở đảng, nâng cao năng lực lãnh đạo, chất lượng sinh hoạt chi bộ và hoàn thành chỉ tiêu phát triển đảng viên mới.","Rà soát nguồn bồi dưỡng quần chúng ưu tú, chuẩn hóa thủ tục thẩm tra lý lịch kết nạp đảng; thực hiện quy trình bổ nhiệm, điều động, xếp loại cán bộ công chức theo đúng phân cấp.",Bản scan đóng dấu / Ký số,,ĐU-CV-0087-2025Công văn cung cấp danh sách đảng viên tham dự LLCT.signed.pdf,1348.6
208,CÔNG VĂN,88-CV/ĐU,2025,22/09/2025,Công văn tuyên truyền dự án nhà máy điện hạt nhân,Tuyên giáo - Dân vận,"Định hướng tư tưởng cán bộ, đảng viên, củng cố khối đại đoàn kết toàn dân và tạo sự đồng thuận xã hội trong thực hiện các nhiệm vụ chính trị.","Tổ chức học tập, quán triệt sâu rộng các nghị quyết của Trung ương và Tỉnh uỷ; tuyên truyền các phong trào thi đua yêu nước, kỷ niệm các ngày lễ lớn và hoạt động Mặt trận, đoàn thể.",Bản scan đóng dấu / Ký số,,ĐU-CV-0088-2025Công văn tuyên truyền dự án nhà máy điện hạt nhân.signed.pdf,715.4
209,CÔNG VĂN,89-CV/ĐU,2025,Ngày 12/9/2025,"Công văn số81-CV/ĐU vềviệc nhân sựcán bộđồn Biên phòng tham gia cấp uỷxã, phường biên giới biển của tỉnh Khánh Hoà, nhiệm kỳ2025 - 2030. Theo đó, “Đảng uỷBan Chỉhuy Bộđội Biên phòng tỉnh Khánh Hòa có ý kiến trao đổi, thống nhất với Đảng uỷxã Công Hải cơ cấu chỉđịnh 01 đồng chí là chỉhuy Đồn Biên phòng Vĩnh Hải tham gia Ban Chấp hành Đảng bộxã Công Hải khi đủđiều kiện, tiêu chuẩn theo quy định”.",Công tác Tổ chức - Đảng viên,"Củng cố tổ chức cơ sở đảng, nâng cao năng lực lãnh đạo, chất lượng sinh hoạt chi bộ và hoàn thành chỉ tiêu phát triển đảng viên mới.","V/v trao đổi ý kiến nhân sự cán bộ đồn Biên phòng | tham gia cấp uỷ xã, phường biên giới biển | Ngày 12/9/2025, Đảng uỷBan Chỉhuy Bộđội Biên phòng tỉnh Khánh Hòa có",Văn bản số (Digital Text đầy đủ),,ĐU-CV-0089-2025CV trao đổi ý kiến nhân sự cán bộ đồn Biên phòng tham gia cấp uỷ xã.signed.signed.pdf,1014.7
210,CÔNG VĂN,90-CV/ĐU,2025,25/09/2025,Cv tuyên truyền ứng dụng sổ tay Đảng viên điện tử,Công tác Tổ chức - Đảng viên,"Củng cố tổ chức cơ sở đảng, nâng cao năng lực lãnh đạo, chất lượng sinh hoạt chi bộ và hoàn thành chỉ tiêu phát triển đảng viên mới.","Rà soát nguồn bồi dưỡng quần chúng ưu tú, chuẩn hóa thủ tục thẩm tra lý lịch kết nạp đảng; thực hiện quy trình bổ nhiệm, điều động, xếp loại cán bộ công chức theo đúng phân cấp.",Bản scan đóng dấu / Ký số,,ĐU-CV-0090-2025Cv tuyên truyền ứng dụng sổ tay Đảng viên điện tử.signed.pdf,731.3
211,CÔNG VĂN,91-CV/ĐU,2025,25/09/2025,CV triển khai thực hiện thông báo số 80-TB,Công tác Đảng & Quản lý điều hành,"Lãnh đạo, chỉ đạo và triển khai các nhiệm vụ chính trị trọng tâm theo CV triển khai thực hiện thông báo số 80-TB.","Tổ chức phân công nhiệm vụ cụ thể cho các cơ quan, đơn vị liên quan; theo dõi, đôn đốc tiến độ và báo cáo Thường trực, Ban Thường vụ Đảng uỷ định kỳ.",Bản scan đóng dấu / Ký số,,ĐU-CV-0091-2025CV triển khai thực hiện thông báo số 80-TB.signed.pdf,704.9
212,CÔNG VĂN,92-CV/ĐU,2025,25/09/2025,CV đẩy mạnh tuyên truyền về khoa học công nghệ,Chuyển đổi số & CCHC,"Đẩy mạnh ứng dụng công nghệ thông tin, bảo đảm an toàn thông tin mạng và số hóa toàn diện quy trình xử lý công việc trong hệ thống chính trị xã.","Triển khai xử lý hồ sơ trên hệ thống E-Office, đưa ứng dụng Sổ tay đảng viên điện tử vào sinh hoạt chi bộ, đẩy mạnh dịch vụ công trực tuyến và chỉ đạo Đề án 06.",Bản scan đóng dấu / Ký số,,ĐU-CV-0092-2025 CV đẩy mạnh tuyên truyền về khoa học công nghệ.signed.pdf,813.3
213,CÔNG VĂN,93-CV/ĐU,2025,25/09/2025,"Công văn tiếp tục học tập, làm theo tư tưởng đạo đức HCM",Tuyên giáo - Dân vận,"Định hướng tư tưởng cán bộ, đảng viên, củng cố khối đại đoàn kết toàn dân và tạo sự đồng thuận xã hội trong thực hiện các nhiệm vụ chính trị.","Tổ chức học tập, quán triệt sâu rộng các nghị quyết của Trung ương và Tỉnh uỷ; tuyên truyền các phong trào thi đua yêu nước, kỷ niệm các ngày lễ lớn và hoạt động Mặt trận, đoàn thể.",Bản scan đóng dấu / Ký số,,"ĐU-CV-0093-2025 Công văn tiếp tục học tập, làm theo tư tưởng đạo đức HCM.signed.pdf",995.7
214,CÔNG VĂN,94-CV/ĐU,2025,25/09/2025,"Cv tiếp tục rà soát, xử lý, giải quyết đơn thư khiếu nại tố cáo, phản ánh, kiến nghị",Kiểm tra - Giám sát Đảng,"Giữ vững kỷ cương, kỷ luật Đảng, phòng ngừa vi phạm và chủ động phát hiện dấu hiệu vi phạm ngay từ cơ sở chi bộ thôn/trường học.","Ban hành và tổ chức thực hiện kế hoạch kiểm tra, giám sát chuyên đề; giám sát thường xuyên người đứng đầu và đảng viên; giải quyết kịp thời đơn thư khiếu nại, tố cáo.",Bản scan đóng dấu / Ký số,,"ĐU-CV-0094-2025 Cv tiếp tục rà soát, xử lý, giải quyết đơn thư khiếu nại tố cáo, phản ánh, kiến nghị.signed.pdf",641.1
215,CÔNG VĂN,95-CV/ĐU,2025,25/09/2025,Cv triển khai thực hiện ý kiến của Tổng Bí thư,Công tác Đảng & Quản lý điều hành,"Lãnh đạo, chỉ đạo và triển khai các nhiệm vụ chính trị trọng tâm theo Cv triển khai thực hiện ý kiến của Tổng Bí thư.","Tổ chức phân công nhiệm vụ cụ thể cho các cơ quan, đơn vị liên quan; theo dõi, đôn đốc tiến độ và báo cáo Thường trực, Ban Thường vụ Đảng uỷ định kỳ.",Bản scan đóng dấu / Ký số,,ĐU-CV-0095-2025 Cv triển khai thực hiện ý kiến của Tổng Bí thư.signed.pdf,736.6
216,CÔNG VĂN,97-CV/ĐU,2025,29/09/2025,Công văn góp ý dự thảo chương trình hành động thực hiện Nghị quyết Đại hội,Tuyên giáo - Dân vận,"Định hướng tư tưởng cán bộ, đảng viên, củng cố khối đại đoàn kết toàn dân và tạo sự đồng thuận xã hội trong thực hiện các nhiệm vụ chính trị.","Tổ chức học tập, quán triệt sâu rộng các nghị quyết của Trung ương và Tỉnh uỷ; tuyên truyền các phong trào thi đua yêu nước, kỷ niệm các ngày lễ lớn và hoạt động Mặt trận, đoàn thể.",Bản scan đóng dấu / Ký số,,ĐU-CV-0097-2025 Công văn góp ý dự thảo chương trình hành động thực hiện Nghị quyết Đại hội.signed.pdf,653.9
217,CÔNG VĂN,98-CV/ĐU,2025,29/09/2025,Công văn thực hiện điều động công tác đối với công chức,Công tác Tổ chức - Đảng viên,"Củng cố tổ chức cơ sở đảng, nâng cao năng lực lãnh đạo, chất lượng sinh hoạt chi bộ và hoàn thành chỉ tiêu phát triển đảng viên mới.","Rà soát nguồn bồi dưỡng quần chúng ưu tú, chuẩn hóa thủ tục thẩm tra lý lịch kết nạp đảng; thực hiện quy trình bổ nhiệm, điều động, xếp loại cán bộ công chức theo đúng phân cấp.",Bản scan đóng dấu / Ký số,,ĐU-CV-0098-2025 Công văn thực hiện điều động công tác đối với công chức.signed.pdf,768.9
218,CÔNG VĂN,99-CV/ĐU,2025,29/09/2025,Công văn góp ý dự thảo Kế hoạch tuyên truyền kỷ niệm 96 năm thành lập Đảng,Tuyên giáo - Dân vận,"Định hướng tư tưởng cán bộ, đảng viên, củng cố khối đại đoàn kết toàn dân và tạo sự đồng thuận xã hội trong thực hiện các nhiệm vụ chính trị.","Tổ chức học tập, quán triệt sâu rộng các nghị quyết của Trung ương và Tỉnh uỷ; tuyên truyền các phong trào thi đua yêu nước, kỷ niệm các ngày lễ lớn và hoạt động Mặt trận, đoàn thể.",Bản scan đóng dấu / Ký số,,ĐU-CV-0099-2025Công văn góp ý dự thảo Kế hoạch tuyên truyền kỷ niệm 96 năm thành lập Đảng.signed.pdf,695.2
219,CÔNG VĂN,100-CV/ĐU,2025,ngày 19/8/2025,CV đôn đốc công việc (26-9),Kiểm tra - Giám sát Đảng,"Giữ vững kỷ cương, kỷ luật Đảng, phòng ngừa vi phạm và chủ động phát hiện dấu hiệu vi phạm ngay từ cơ sở chi bộ thôn/trường học.","Về việc đôn đốc triển khai thực hiện một số | - Các cơ quan tham mưu, giúp việc Đảng uỷ, | Đểbảo đảm công tác lãnh, chỉđạo của Thường trực, Ban Thường vụĐảng uỷ",Văn bản số (Digital Text đầy đủ),,ĐU-CV-0100-2025 CV đôn đốc công việc (26-9).signed.signed.pdf,998.1
220,CÔNG VĂN,101-CV/ĐU,2025,ngày 30/9/2025,CV moi hop BTV 30.9.2025,Kinh tế - Ngân sách,1 (Từ14h00 – 15h00’): Nghe Đảng uỷUBND xã báo cáo tóm,"Kính mời các đồng chí dựhọp Ban Thường vụĐảng ủy cho ý kiến đánh giá | tình hình thực hiện nhiệm vụQuý III, phương hướng, nhiệm vụtrong tâm 03 tháng | cuối năm 2025 và các nội dung thuộc thẩm quyền (đính kèm Chương trình, nội",Văn bản số (Digital Text đầy đủ),,ĐU-CV-0101-2025 CV moi hop BTV 30.9.2025.signed.signed.pdf,1788.4
221,CÔNG VĂN,102-CV/ĐU,2025,ngày 03/10/2025,Mời dự HN BCH - 03.10.2025 (SƠ KẾT QUÝ III),Công tác Tổ chức - Đảng viên,"Củng cố tổ chức cơ sở đảng, nâng cao năng lực lãnh đạo, chất lượng sinh hoạt chi bộ và hoàn thành chỉ tiêu phát triển đảng viên mới.","- Đại diện lãnh đạo các Ban Đảng, Văn phòng Tỉnh ủy, | - Lãnh đạo các phòng, ban, ngành xã; Ủy viên UBKT Đảng uỷ, | - Bí thư hoặc Phó Bí thư các tổ chức cơ sở Đảng, Chi bộ trực thuộc,",Văn bản số (Digital Text đầy đủ),,ĐU-CV-0102-2025 Mời dự HN BCH - 03.10.2025 (SƠ KẾT QUÝ III).signed.signed.pdf,1804.5
222,CÔNG VĂN,103-CV/ĐU,2025,ngày 03/10/2025,CV ĐỀ NGHỊ CHUẨN BỊ NỘI DUNG THAM LUẬN BCH QUÝ III,Công tác Tổ chức - Đảng viên,"Củng cố tổ chức cơ sở đảng, nâng cao năng lực lãnh đạo, chất lượng sinh hoạt chi bộ và hoàn thành chỉ tiêu phát triển đảng viên mới.","tại Hội nghị Ban Chấp hành Đảng bộ xã đánh giá | tình hình thực hiện nhiệm vụ quý III năm 2025 | - Các tổ chức cơ sở Đảng, chi bộ trực thuộc.",Văn bản số (Digital Text đầy đủ),,ĐU-CV-0103-2025 CV ĐỀ NGHỊ CHUẨN BỊ NỘI DUNG THAM LUẬN BCH QUÝ III.signed.signed.pdf,999.1
223,CÔNG VĂN,104-CV/ĐU,2025,01/10/2025,Công văn tham mưu triển khai thực hiện Kế hoạch số 01,Công tác Đảng & Quản lý điều hành,"Lãnh đạo, chỉ đạo và triển khai các nhiệm vụ chính trị trọng tâm theo Công văn tham mưu triển khai thực hiện Kế hoạch số 01.","Tổ chức phân công nhiệm vụ cụ thể cho các cơ quan, đơn vị liên quan; theo dõi, đôn đốc tiến độ và báo cáo Thường trực, Ban Thường vụ Đảng uỷ định kỳ.",Bản scan đóng dấu / Ký số,,ĐU-CV-0104-2025 Công văn tham mưu triển khai thực hiện Kế hoạch số 01.signed.pdf,699.9
224,CÔNG VĂN,105-CV/ĐU,2025,02/10/2025,Triển khai Tài liệu tham khảo tháng 9 năm 2025,Công tác Đảng & Quản lý điều hành,"Lãnh đạo, chỉ đạo và triển khai các nhiệm vụ chính trị trọng tâm theo Triển khai Tài liệu tham khảo tháng 9 năm 2025.","Tổ chức phân công nhiệm vụ cụ thể cho các cơ quan, đơn vị liên quan; theo dõi, đôn đốc tiến độ và báo cáo Thường trực, Ban Thường vụ Đảng uỷ định kỳ.",Bản scan đóng dấu / Ký số,,ĐU-CV-0105-2025 Triển khai Tài liệu tham khảo tháng 9 năm 2025.signed.pdf,701.7
225,CÔNG VĂN,106-CV/ĐU,2025,02/10/2025,Chỉ đạo triển khai thực hiện Kế hoạch số 4610KH-UBND,Công tác Đảng & Quản lý điều hành,"Lãnh đạo, chỉ đạo và triển khai các nhiệm vụ chính trị trọng tâm theo Chỉ đạo triển khai thực hiện Kế hoạch số 4610KH-UBND.","Tổ chức phân công nhiệm vụ cụ thể cho các cơ quan, đơn vị liên quan; theo dõi, đôn đốc tiến độ và báo cáo Thường trực, Ban Thường vụ Đảng uỷ định kỳ.",Bản scan đóng dấu / Ký số,,ĐU-CV-0106-2025 Chỉ đạo triển khai thực hiện Kế hoạch số 4610KH-UBND.signed.pdf,694.2
226,CÔNG VĂN,107-CV/ĐU,2025,02/10/2025,Chỉ đạo triển khai thực hiện Công văn số 394,Công tác Đảng & Quản lý điều hành,"Lãnh đạo, chỉ đạo và triển khai các nhiệm vụ chính trị trọng tâm theo Chỉ đạo triển khai thực hiện Công văn số 394.","Tổ chức phân công nhiệm vụ cụ thể cho các cơ quan, đơn vị liên quan; theo dõi, đôn đốc tiến độ và báo cáo Thường trực, Ban Thường vụ Đảng uỷ định kỳ.",Bản scan đóng dấu / Ký số,,ĐU-CV-0107-2025 Chỉ đạo triển khai thực hiện Công văn số  394.signed.pdf,695.3
227,CÔNG VĂN,108-CV/ĐU,2025,02/10/2025,Công văn định hướng tuyên truyền miệng tháng 10,Tuyên giáo - Dân vận,"Định hướng tư tưởng cán bộ, đảng viên, củng cố khối đại đoàn kết toàn dân và tạo sự đồng thuận xã hội trong thực hiện các nhiệm vụ chính trị.","Tổ chức học tập, quán triệt sâu rộng các nghị quyết của Trung ương và Tỉnh uỷ; tuyên truyền các phong trào thi đua yêu nước, kỷ niệm các ngày lễ lớn và hoạt động Mặt trận, đoàn thể.",Bản scan đóng dấu / Ký số,,ĐU-CV-0108-2025 Công văn định hướng tuyên truyền miệng tháng 10.signed.pdf,702.8
228,CÔNG VĂN,109-CV/ĐU,2025,06/10/2025,Công văn báo cáo thực hiện Kl 192 và 195,Công tác Đảng & Quản lý điều hành,"Lãnh đạo, chỉ đạo và triển khai các nhiệm vụ chính trị trọng tâm theo Công văn báo cáo thực hiện Kl 192 và 195.","Tổ chức phân công nhiệm vụ cụ thể cho các cơ quan, đơn vị liên quan; theo dõi, đôn đốc tiến độ và báo cáo Thường trực, Ban Thường vụ Đảng uỷ định kỳ.",Bản scan đóng dấu / Ký số,,ĐU-CV-0109-2025 Công văn báo cáo thực hiện Kl 192 và 195.signed.pdf,694.1
229,CÔNG VĂN,110-CV/ĐU,2025,06/10/2025,"Công văn mời hội nghị học, quán triệt, tuyên truyền Nghị quyết của Trung ương, tỉnh ủy",Tuyên giáo - Dân vận,"Định hướng tư tưởng cán bộ, đảng viên, củng cố khối đại đoàn kết toàn dân và tạo sự đồng thuận xã hội trong thực hiện các nhiệm vụ chính trị.","Tổ chức học tập, quán triệt sâu rộng các nghị quyết của Trung ương và Tỉnh uỷ; tuyên truyền các phong trào thi đua yêu nước, kỷ niệm các ngày lễ lớn và hoạt động Mặt trận, đoàn thể.",Bản scan đóng dấu / Ký số,,"ĐU-CV-0110-2025 Công văn mời hội nghị học, quán triệt, tuyên truyền Nghị quyết của Trung ương, tỉnh ủy.signed.pdf",758.0
230,CÔNG VĂN,110-CV/ĐU,2025,06/10/2025,Công văn mời hội nghị học,Công tác Đảng & Quản lý điều hành,"Lãnh đạo, chỉ đạo và triển khai các nhiệm vụ chính trị trọng tâm theo Công văn mời hội nghị học.","Tổ chức phân công nhiệm vụ cụ thể cho các cơ quan, đơn vị liên quan; theo dõi, đôn đốc tiến độ và báo cáo Thường trực, Ban Thường vụ Đảng uỷ định kỳ.",Bản scan đóng dấu / Ký số,,ĐU-CV-0110-2025 Công văn mời hội nghị học.pdf,758.0
231,CÔNG VĂN,111-CV/ĐU,2025,06/10/2025,"Công văn thực hiện điều chỉnh, công nhận lại chức danh người hoạt động ở thôn",Công tác Đảng & Quản lý điều hành,"Lãnh đạo, chỉ đạo và triển khai các nhiệm vụ chính trị trọng tâm theo Công văn thực hiện điều chỉnh, công nhận lại chức danh người hoạt động ở thôn.","Tổ chức phân công nhiệm vụ cụ thể cho các cơ quan, đơn vị liên quan; theo dõi, đôn đốc tiến độ và báo cáo Thường trực, Ban Thường vụ Đảng uỷ định kỳ.",Bản scan đóng dấu / Ký số,,"ĐU-CV-0111-2025 Công văn thực hiện điều chỉnh, công nhận lại chức danh người hoạt động ở thôn.signed.pdf",734.1
232,CÔNG VĂN,112-CV/ĐU,2025,06/10/2025,"Công văn tuyên truyền, sinh hoạt số chuyên đề",Tuyên giáo - Dân vận,"Định hướng tư tưởng cán bộ, đảng viên, củng cố khối đại đoàn kết toàn dân và tạo sự đồng thuận xã hội trong thực hiện các nhiệm vụ chính trị.","Tổ chức học tập, quán triệt sâu rộng các nghị quyết của Trung ương và Tỉnh uỷ; tuyên truyền các phong trào thi đua yêu nước, kỷ niệm các ngày lễ lớn và hoạt động Mặt trận, đoàn thể.",Bản scan đóng dấu / Ký số,,"ĐU-CV-0112-2025 Công văn tuyên truyền, sinh hoạt số chuyên đề.signed.pdf",708.7
233,CÔNG VĂN,113-CV/ĐU,2025,06/10/2025,Công văn triển khai hướng dẫn số 02,Công tác Đảng & Quản lý điều hành,"Lãnh đạo, chỉ đạo và triển khai các nhiệm vụ chính trị trọng tâm theo Công văn triển khai hướng dẫn số 02.","Tổ chức phân công nhiệm vụ cụ thể cho các cơ quan, đơn vị liên quan; theo dõi, đôn đốc tiến độ và báo cáo Thường trực, Ban Thường vụ Đảng uỷ định kỳ.",Bản scan đóng dấu / Ký số,,ĐU-CV-0113-2025 Công văn triển khai hướng dẫn số 02.signed.pdf,777.4
234,CÔNG VĂN,114-CV/ĐU,2025,08/10/2025,cv góp ý các dự án cấp thiết phát sinh trên địa bàn xã năm 2025,Công tác Đảng & Quản lý điều hành,"Lãnh đạo, chỉ đạo và triển khai các nhiệm vụ chính trị trọng tâm theo cv góp ý các dự án cấp thiết phát sinh trên địa bàn xã năm 2025.","Tổ chức phân công nhiệm vụ cụ thể cho các cơ quan, đơn vị liên quan; theo dõi, đôn đốc tiến độ và báo cáo Thường trực, Ban Thường vụ Đảng uỷ định kỳ.",Bản scan đóng dấu / Ký số,,ĐU-CV-0114-2025 cv góp ý các dự án cấp thiết phát sinh trên địa bàn xã năm 2025.pdf,691.8
235,CÔNG VĂN,115-CV/ĐU,2025,ngày 07/10/2025,"quy định pháp luật, trình UBND tỉnh theo yêu cầu./. Nơi nhận: - Như trên, - Các đồng chí UVTV Đảng uỷ xã, - Lưu VPĐU. T/M BAN THƯỜNG VỤ",Công tác Đảng & Quản lý điều hành,"Lãnh đạo, chỉ đạo và triển khai các nhiệm vụ chính trị trọng tâm theo quy định pháp luật, trình UBND tỉnh theo yêu cầu./. Nơi nhận: - Như trên, - Các đồng chí UVTV Đảng uỷ xã, - Lưu VPĐU. T/M BAN THƯỜNG VỤ.","cấp thiết, phát sinh trên địa bàn xã năm 2025 | Tiếp nhận Tờtrình số17-TTr/ĐU ngày 07/10/2025 của Đảng uỷUBND xã | về việc xin ý kiến các dự án cấp thiết phát sinh trên địa bàn xã năm 2025;",Văn bản số (Digital Text đầy đủ),,ĐU-CV-0115-2025 CV cho ý kiến triển khai các dự án cấp thiết.signed.signed.pdf,961.7
236,CÔNG VĂN,116-CV/ĐU,2025,ngày 04/12/2021,"CV tăng cường phòng, chống ma tuý",Quốc phòng - An ninh - Nội chính,"Bảo đảm an ninh chính trị, trật tự an toàn xã hội, xây dựng xã không ma túy và hoàn thành chỉ tiêu tuyển quân quốc phòng.","Trong thời gian qua, công tác phòng, chống ma tuý trên địa bàn xã luôn được | các cấp uỷĐảng, chính quyền quan tâm lãnh đạo, chỉđạo; các cơ quan, ban, ngành, | đoàn thể, các thôn luôn chủđộng trong công tác phối hợp triển khai, tổchức thực hiện",Văn bản số (Digital Text đầy đủ),,"ĐU-CV-0116-2025 CV tăng cường phòng, chống ma tuý.signed.signed.pdf",1051.1
237,CÔNG VĂN,117-CV/ĐU,2025,08/10/2025,Công văn góp ý dự thảo danh mục vị trí việc làm do Ban Tổ chức trung ương dự thảo,Công tác Đảng & Quản lý điều hành,"Lãnh đạo, chỉ đạo và triển khai các nhiệm vụ chính trị trọng tâm theo Công văn góp ý dự thảo danh mục vị trí việc làm do Ban Tổ chức trung ương dự thảo.","Tổ chức phân công nhiệm vụ cụ thể cho các cơ quan, đơn vị liên quan; theo dõi, đôn đốc tiến độ và báo cáo Thường trực, Ban Thường vụ Đảng uỷ định kỳ.",Bản scan đóng dấu / Ký số,,ĐU-CV-0117-2025 Công văn góp ý dự thảo danh mục vị trí việc làm do Ban Tổ chức trung ương dự thảo.signed.pdf,688.7
238,CÔNG VĂN,118-CV/ĐU,2025,08/10/2025,Công văn báo cáo tình hình hoạt động hệ thống chính trị,Tuyên giáo - Dân vận,"Định hướng tư tưởng cán bộ, đảng viên, củng cố khối đại đoàn kết toàn dân và tạo sự đồng thuận xã hội trong thực hiện các nhiệm vụ chính trị.","Tổ chức học tập, quán triệt sâu rộng các nghị quyết của Trung ương và Tỉnh uỷ; tuyên truyền các phong trào thi đua yêu nước, kỷ niệm các ngày lễ lớn và hoạt động Mặt trận, đoàn thể.",Bản scan đóng dấu / Ký số,,ĐU-CV-0118-2025 Công văn báo cáo tình hình hoạt động hệ thống chính trị.signed.pdf,737.4
239,CÔNG VĂN,120-CV/ĐU,2025,09/10/2025,Công văn triển khai hướng dẫn số 01,Công tác Đảng & Quản lý điều hành,"Lãnh đạo, chỉ đạo và triển khai các nhiệm vụ chính trị trọng tâm theo Công văn triển khai hướng dẫn số 01.","Tổ chức phân công nhiệm vụ cụ thể cho các cơ quan, đơn vị liên quan; theo dõi, đôn đốc tiến độ và báo cáo Thường trực, Ban Thường vụ Đảng uỷ định kỳ.",Bản scan đóng dấu / Ký số,,ĐU-CV-0120-2025 Công văn triển khai hướng dẫn số 01.signed.pdf,711.3
240,CÔNG VĂN,121-CV/ĐU,2025,09/10/2025,Công văn tuyên truyền hưởng ứng thi tìm hiểu các kỳ Đại hội Đảng,Tuyên giáo - Dân vận,"Định hướng tư tưởng cán bộ, đảng viên, củng cố khối đại đoàn kết toàn dân và tạo sự đồng thuận xã hội trong thực hiện các nhiệm vụ chính trị.","Tổ chức học tập, quán triệt sâu rộng các nghị quyết của Trung ương và Tỉnh uỷ; tuyên truyền các phong trào thi đua yêu nước, kỷ niệm các ngày lễ lớn và hoạt động Mặt trận, đoàn thể.",Bản scan đóng dấu / Ký số,,ĐU-CV-0121-2025 Công văn tuyên truyền hưởng ứng thi tìm hiểu các kỳ Đại hội Đảng.signed.pdf,766.1
241,CÔNG VĂN,123-CV/ĐU,2025,Năm 2025,Công văn về việc cho ý kiến dự kiến kế hoạch đầu tư công năm 2026,Kinh tế - Ngân sách,"Chỉ đạo phát triển kinh tế địa phương, duy trì tốc độ tăng trưởng hai con số, đẩy mạnh thu ngân sách và huy động vốn đầu tư toàn xã hội.","Giao UBND xã và các bộ phận chuyên môn xây dựng kịch bản tăng trưởng, tháo gỡ khó khăn cho sản xuất kinh doanh, giải ngân đầu tư công và thu ngân sách đạt chỉ tiêu tỉnh giao.",Bản scan đóng dấu / Ký số,,ĐU-CV-0123-2025 Công văn về việc cho ý kiến dự kiến kế hoạch đầu tư công năm 2026.pdf,774.5
242,CÔNG VĂN,124-CV/ĐU,2025,13/10/2025,Công văn chỉ đạo thực hiện KL 244,Công tác Đảng & Quản lý điều hành,"Lãnh đạo, chỉ đạo và triển khai các nhiệm vụ chính trị trọng tâm theo Công văn chỉ đạo thực hiện KL 244.","Tổ chức phân công nhiệm vụ cụ thể cho các cơ quan, đơn vị liên quan; theo dõi, đôn đốc tiến độ và báo cáo Thường trực, Ban Thường vụ Đảng uỷ định kỳ.",Bản scan đóng dấu / Ký số,,ĐU-CV-0124-2025 Công văn chỉ đạo thực hiện KL 244.signed.pdf,698.0
243,CÔNG VĂN,125-CV/ĐU,2025,14/10/2025,Mời dự họp mặt kỷ niệm ngày truyền thống,Công tác Đảng & Quản lý điều hành,"Lãnh đạo, chỉ đạo và triển khai các nhiệm vụ chính trị trọng tâm theo Mời dự họp mặt kỷ niệm ngày truyền thống.","Tổ chức phân công nhiệm vụ cụ thể cho các cơ quan, đơn vị liên quan; theo dõi, đôn đốc tiến độ và báo cáo Thường trực, Ban Thường vụ Đảng uỷ định kỳ.",Bản scan đóng dấu / Ký số,,ĐU-CV-0125-2025 Mời dự họp mặt kỷ niệm ngày truyền thống.signed.pdf,714.3
244,CÔNG VĂN,126-CV/ĐU,2025,14/10/2025,Công văn đối khớp lý lịch của người xin vào Đảng,Công tác Tổ chức - Đảng viên,"Củng cố tổ chức cơ sở đảng, nâng cao năng lực lãnh đạo, chất lượng sinh hoạt chi bộ và hoàn thành chỉ tiêu phát triển đảng viên mới.","Rà soát nguồn bồi dưỡng quần chúng ưu tú, chuẩn hóa thủ tục thẩm tra lý lịch kết nạp đảng; thực hiện quy trình bổ nhiệm, điều động, xếp loại cán bộ công chức theo đúng phân cấp.",Bản scan đóng dấu / Ký số,,ĐU-CV-0126-2025 Công văn đối khớp lý lịch của người xin vào Đảng.signed.pdf,715.8
245,CÔNG VĂN,127-CV/ĐU,2025,14/10/2025,Công văn tuyên truyền 95 năm ngày truyền thống công tác dân vận của Đảng,Tuyên giáo - Dân vận,"Định hướng tư tưởng cán bộ, đảng viên, củng cố khối đại đoàn kết toàn dân và tạo sự đồng thuận xã hội trong thực hiện các nhiệm vụ chính trị.","Tổ chức học tập, quán triệt sâu rộng các nghị quyết của Trung ương và Tỉnh uỷ; tuyên truyền các phong trào thi đua yêu nước, kỷ niệm các ngày lễ lớn và hoạt động Mặt trận, đoàn thể.",Bản scan đóng dấu / Ký số,,ĐU-CV-0127-2025 Công văn tuyên truyền 95 năm ngày truyền thống công tác dân vận của Đảng.signed.pdf,728.4
246,CÔNG VĂN,128-CV/ĐU,2025,14/10/2025,Công văn đẩy mạnh tuyên truyền hưởng ứng giải Diên hồng,Tuyên giáo - Dân vận,"Định hướng tư tưởng cán bộ, đảng viên, củng cố khối đại đoàn kết toàn dân và tạo sự đồng thuận xã hội trong thực hiện các nhiệm vụ chính trị.","Tổ chức học tập, quán triệt sâu rộng các nghị quyết của Trung ương và Tỉnh uỷ; tuyên truyền các phong trào thi đua yêu nước, kỷ niệm các ngày lễ lớn và hoạt động Mặt trận, đoàn thể.",Bản scan đóng dấu / Ký số,,ĐU-CV-0128-2025 Công văn đẩy mạnh tuyên truyền hưởng ứng giải Diên hồng.signed.pdf,774.0
247,CÔNG VĂN,129-CV/ĐU,2025,ngày 14/10/2025,"Chương trình hành động của Ban Chấp hành Đảng bộtỉnh thực hiện Nghịquyết Đại hội đại biểu Đảng bộtỉnh Khánh Hòa lần thứI, nhiệm kỳ2025 - 2030; tổng kết công tác chuẩn bịvà tổchức Đại hội đại biểu Đảng bộtỉnh lần thứI, nhiệm kỳ2025 – 2030. Ban Thường vụĐảng ủy thông báo thời gian, thành phần và địa điểm dựHội nghị trực tuyến như sau",Công tác Tổ chức - Đảng viên,"Củng cố tổ chức cơ sở đảng, nâng cao năng lực lãnh đạo, chất lượng sinh hoạt chi bộ và hoàn thành chỉ tiêu phát triển đảng viên mới.","- Bí thư các tổ chức đảng trực thuộc Đảng ủy, | - Hiệu trưởng, Phó Hiệu trường các trường học trên địa bàn xã, | - Cán bộ, đảng viên của cơ quan Đảng ủy, UBND xã.",Văn bản số (Digital Text đầy đủ),,ĐU-CV-0129-2025 CV mời dự HN quán triệt NQ đại hội tỉnh KH.signed.signed.pdf,1232.0
248,CÔNG VĂN,130-CV/ĐU,2025,ngày 14/10/2025,"Chương trình hành động của Ban Chấp hành Đảng bộ tỉnh thực hiện Nghị quyết Đại hội Đảng bộ tỉnh Khánh Hòa lần thứ I, nhiệm kỳ 2025 - 2030 ĐẢNG CỘNG SẢN VIỆT NAM",Công tác Tổ chức - Đảng viên,"Củng cố tổ chức cơ sở đảng, nâng cao năng lực lãnh đạo, chất lượng sinh hoạt chi bộ và hoàn thành chỉ tiêu phát triển đảng viên mới.","Mời dự Hội nghị học tập, quán triệt Nghị quyết và | Đảng bộ tỉnh thực hiện Nghị quyết Đại hội Đảng bộ | tỉnh Khánh Hòa lần thứ I, nhiệm kỳ 2025 - 2030",Văn bản số (Digital Text đầy đủ),,ĐU-CV-0130-2025 Mời dự Hội nghị quán triệt NQĐH tỉnh (19.10.2025).signed.signed.pdf,1355.9
249,CÔNG VĂN,131-CV/ĐU,2025,ngày 15/10/2025,MỜI DỰ HỘI NGHỊ DÁNH GIÁ MÔ HÌNH CHÍNH QUYỀN 02 CẤP (18.10.2025),Bầu cử Quốc hội & HĐND,"Bảo đảm tổ chức thành công cuộc bầu cử ĐBQH khoá XVI và đại biểu HĐND các cấp nhiệm kỳ 2026-2031 dân chủ, đúng luật, an toàn.","Mời dự Hội nghị toàn tỉnh đánh giá kết quả và giải | quyết các khó khăn, vướng mắc phát sinh trong quá | trình vận hành hoạt động của hệ thống chính trị và",Văn bản số (Digital Text đầy đủ),,ĐU-CV-0131-2025 MỜI DỰ HỘI NGHỊ DÁNH GIÁ MÔ HÌNH CHÍNH QUYỀN 02 CẤP (18.10.2025).signed.signed.pdf,1218.2
250,CÔNG VĂN,132-CV/ĐU,2025,17/10/2025,Công văn triển khai hướng dẫn số 03-HD,Công tác Đảng & Quản lý điều hành,"Lãnh đạo, chỉ đạo và triển khai các nhiệm vụ chính trị trọng tâm theo Công văn triển khai hướng dẫn số 03-HD.","Tổ chức phân công nhiệm vụ cụ thể cho các cơ quan, đơn vị liên quan; theo dõi, đôn đốc tiến độ và báo cáo Thường trực, Ban Thường vụ Đảng uỷ định kỳ.",Bản scan đóng dấu / Ký số,,ĐU-CV-0132-2025 Công văn triển khai hướng dẫn số 03-HD.signed.pdf,755.2
251,CÔNG VĂN,133-CV/ĐU,2025,17/10/2025,Công văn triển khai hướng dẫn số 04-HD,Công tác Đảng & Quản lý điều hành,"Lãnh đạo, chỉ đạo và triển khai các nhiệm vụ chính trị trọng tâm theo Công văn triển khai hướng dẫn số 04-HD.","Tổ chức phân công nhiệm vụ cụ thể cho các cơ quan, đơn vị liên quan; theo dõi, đôn đốc tiến độ và báo cáo Thường trực, Ban Thường vụ Đảng uỷ định kỳ.",Bản scan đóng dấu / Ký số,,ĐU-CV-0133-2025 Công văn triển khai hướng dẫn số 04-HD.signed.pdf,756.4
252,CÔNG VĂN,134-CV/ĐU,2025,17/10/2025,Công văn tập trung chỉ đạo triển khai ứng phó tình hình mưa lũ,Đất đai - Môi trường & PCTT,"Tăng cường hiệu lực quản lý nhà nước về đất đai, trật tự xây dựng, tài nguyên khoáng sản và chủ động ứng phó thiên tai, mưa lũ.","Chỉ đạo kiểm tra xử lý dứt điểm các trường hợp lấn chiếm đất công, khai thác khoáng sản trái phép; xây dựng phương án 4 tại chỗ ứng phó bão lũ bảo đảm tính mạng, tài sản nhân dân.",Bản scan đóng dấu / Ký số,,ĐU-CV-0134-2025 Công văn tập trung chỉ đạo triển khai ứng phó tình hình mưa lũ.signed.pdf,727.2
253,CÔNG VĂN,135-CV/ĐU,2025,17/10/2025,Chỉ đạo triển khai thực hiện Nghị quyết số 01-NQ (1),Tuyên giáo - Dân vận,"Định hướng tư tưởng cán bộ, đảng viên, củng cố khối đại đoàn kết toàn dân và tạo sự đồng thuận xã hội trong thực hiện các nhiệm vụ chính trị.","Tổ chức học tập, quán triệt sâu rộng các nghị quyết của Trung ương và Tỉnh uỷ; tuyên truyền các phong trào thi đua yêu nước, kỷ niệm các ngày lễ lớn và hoạt động Mặt trận, đoàn thể.",Bản scan đóng dấu / Ký số,,ĐU-CV-0135-2025 Chỉ đạo triển khai thực hiện Nghị quyết số 01-NQ.signed.signed (1).pdf,705.6
254,CÔNG VĂN,136-CV/ĐU,2025,17/10/2025,Công văn chỉ đạo triển khai thực hiện Nghị quyết số 02-TU,Tuyên giáo - Dân vận,"Định hướng tư tưởng cán bộ, đảng viên, củng cố khối đại đoàn kết toàn dân và tạo sự đồng thuận xã hội trong thực hiện các nhiệm vụ chính trị.","Tổ chức học tập, quán triệt sâu rộng các nghị quyết của Trung ương và Tỉnh uỷ; tuyên truyền các phong trào thi đua yêu nước, kỷ niệm các ngày lễ lớn và hoạt động Mặt trận, đoàn thể.",Bản scan đóng dấu / Ký số,,ĐU-CV-0136-2025 Công văn chỉ đạo triển khai thực hiện Nghị quyết số 02-TU.signed.pdf,690.3
255,CÔNG VĂN,137-CV/ĐU,2025,20/10/2025,Công văn gửi dự thảo ban hành Vị trí việc làm (1),Công tác Đảng & Quản lý điều hành,"Lãnh đạo, chỉ đạo và triển khai các nhiệm vụ chính trị trọng tâm theo Công văn gửi dự thảo ban hành Vị trí việc làm (1).","Tổ chức phân công nhiệm vụ cụ thể cho các cơ quan, đơn vị liên quan; theo dõi, đôn đốc tiến độ và báo cáo Thường trực, Ban Thường vụ Đảng uỷ định kỳ.",Bản scan đóng dấu / Ký số,,ĐU-CV-0137-2025 Công văn gửi dự thảo ban hành Vị trí việc làm.signed (1).pdf,694.6
256,CÔNG VĂN,138-CV/ĐU,2025,21/10/2025,Công văn đề nghị phụ cấp thâm niên nghề kiểm tra đảng,Kiểm tra - Giám sát Đảng,"Giữ vững kỷ cương, kỷ luật Đảng, phòng ngừa vi phạm và chủ động phát hiện dấu hiệu vi phạm ngay từ cơ sở chi bộ thôn/trường học.","Ban hành và tổ chức thực hiện kế hoạch kiểm tra, giám sát chuyên đề; giám sát thường xuyên người đứng đầu và đảng viên; giải quyết kịp thời đơn thư khiếu nại, tố cáo.",Bản scan đóng dấu / Ký số,,ĐU-CV-0138-2025 Công văn đề nghị phụ cấp thâm niên nghề kiểm tra đảng.signed.pdf,756.4
257,CÔNG VĂN,139-CV/ĐU,2025,21/10/2025,Công văn đẩy mạnh tuyên truyền kết quả Đại hội ĐBĐB tỉnh lần thứ I,Tuyên giáo - Dân vận,"Định hướng tư tưởng cán bộ, đảng viên, củng cố khối đại đoàn kết toàn dân và tạo sự đồng thuận xã hội trong thực hiện các nhiệm vụ chính trị.","Tổ chức học tập, quán triệt sâu rộng các nghị quyết của Trung ương và Tỉnh uỷ; tuyên truyền các phong trào thi đua yêu nước, kỷ niệm các ngày lễ lớn và hoạt động Mặt trận, đoàn thể.",Bản scan đóng dấu / Ký số,,ĐU-CV-0139-2025 Công văn đẩy mạnh tuyên truyền kết quả Đại hội ĐBĐB tỉnh lần thứ I.signed.pdf,768.7
258,CÔNG VĂN,140-CV/ĐU,2025,21/10/2025,Công văn sử dụng bản tin Thông tin nội bộ năm 2026,Công tác Đảng & Quản lý điều hành,"Lãnh đạo, chỉ đạo và triển khai các nhiệm vụ chính trị trọng tâm theo Công văn sử dụng bản tin Thông tin nội bộ năm 2026.","Tổ chức phân công nhiệm vụ cụ thể cho các cơ quan, đơn vị liên quan; theo dõi, đôn đốc tiến độ và báo cáo Thường trực, Ban Thường vụ Đảng uỷ định kỳ.",Bản scan đóng dấu / Ký số,,ĐU-CV-0140-2025 Công văn sử dụng bản tin Thông tin nội bộ năm 2026.signed.pdf,712.7
259,CÔNG VĂN,141-CV/ĐU,2025,21/10/2025,Công văn đăng ký nhu cầu sử dụng bản tin thông tin nội bộ,Công tác Đảng & Quản lý điều hành,"Lãnh đạo, chỉ đạo và triển khai các nhiệm vụ chính trị trọng tâm theo Công văn đăng ký nhu cầu sử dụng bản tin thông tin nội bộ.","Tổ chức phân công nhiệm vụ cụ thể cho các cơ quan, đơn vị liên quan; theo dõi, đôn đốc tiến độ và báo cáo Thường trực, Ban Thường vụ Đảng uỷ định kỳ.",Bản scan đóng dấu / Ký số,,ĐU-CV-0141-2025 Công văn đăng ký nhu cầu sử dụng bản tin thông tin nội bộ.signed.pdf,713.1
260,CÔNG VĂN,142-CV/ĐU,2025,21/10/2025,Công văn chỉ đạo triển khai thực hiện công văn số 5920,Công tác Đảng & Quản lý điều hành,"Lãnh đạo, chỉ đạo và triển khai các nhiệm vụ chính trị trọng tâm theo Công văn chỉ đạo triển khai thực hiện công văn số 5920.","Tổ chức phân công nhiệm vụ cụ thể cho các cơ quan, đơn vị liên quan; theo dõi, đôn đốc tiến độ và báo cáo Thường trực, Ban Thường vụ Đảng uỷ định kỳ.",Bản scan đóng dấu / Ký số,,ĐU-CV-0142-2025 Công văn chỉ đạo triển khai thực hiện công văn số 5920.signed.pdf,705.1
261,CÔNG VĂN,143-CV/ĐU,2025,22/10/2025,Công văn hiệp y nhân sự Thường trực UBMTTQVN xã,Công tác Đảng & Quản lý điều hành,"Lãnh đạo, chỉ đạo và triển khai các nhiệm vụ chính trị trọng tâm theo Công văn hiệp y nhân sự Thường trực UBMTTQVN xã.","Tổ chức phân công nhiệm vụ cụ thể cho các cơ quan, đơn vị liên quan; theo dõi, đôn đốc tiến độ và báo cáo Thường trực, Ban Thường vụ Đảng uỷ định kỳ.",Văn bản số (Digital Text đầy đủ),,ĐU-CV-0143-2025 Công văn hiệp y nhân sự Thường trực UBMTTQVN xã.signed.pdf,3612.2
262,CÔNG VĂN,144-CV/ĐU,2025,22/10/2025,Công văn hiệp y nhân sự Hội LHPN xã,Công tác Đảng & Quản lý điều hành,"Lãnh đạo, chỉ đạo và triển khai các nhiệm vụ chính trị trọng tâm theo Công văn hiệp y nhân sự Hội LHPN xã.","Tổ chức phân công nhiệm vụ cụ thể cho các cơ quan, đơn vị liên quan; theo dõi, đôn đốc tiến độ và báo cáo Thường trực, Ban Thường vụ Đảng uỷ định kỳ.",Bản scan đóng dấu / Ký số,,ĐU-CV-0144-2025 Công văn hiệp y nhân sự Hội LHPN xã.signed.pdf,1813.2
263,CÔNG VĂN,145-CV/ĐU,2025,22/10/2025,Công văn hiệp y chức danh chủ chốt Hội Cựu chiến binh xã,Công tác Đảng & Quản lý điều hành,"Lãnh đạo, chỉ đạo và triển khai các nhiệm vụ chính trị trọng tâm theo Công văn hiệp y chức danh chủ chốt Hội Cựu chiến binh xã.","Tổ chức phân công nhiệm vụ cụ thể cho các cơ quan, đơn vị liên quan; theo dõi, đôn đốc tiến độ và báo cáo Thường trực, Ban Thường vụ Đảng uỷ định kỳ.",Bản scan đóng dấu / Ký số,,ĐU-CV-0145-2025 Công văn hiệp y chức danh chủ chốt Hội Cựu chiến binh xã.signed.pdf,1818.5
264,CÔNG VĂN,146-CV/ĐU,2025,22/10/2025,Công văn hiệp y nhân sự Hội Nông dân xã,Công tác Đảng & Quản lý điều hành,"Lãnh đạo, chỉ đạo và triển khai các nhiệm vụ chính trị trọng tâm theo Công văn hiệp y nhân sự Hội Nông dân xã.","Tổ chức phân công nhiệm vụ cụ thể cho các cơ quan, đơn vị liên quan; theo dõi, đôn đốc tiến độ và báo cáo Thường trực, Ban Thường vụ Đảng uỷ định kỳ.",Bản scan đóng dấu / Ký số,,ĐU-CV-0146-2025 Công văn hiệp y nhân sự Hội Nông dân xã.signed.pdf,1812.4
265,CÔNG VĂN,147-CV/ĐU,2025,ngày 23/10/2025,ĐĂNG KÝ DS QUẢN TRỊ PHẦN MỀM STĐV,Công tác Tổ chức - Đảng viên,"Củng cố tổ chức cơ sở đảng, nâng cao năng lực lãnh đạo, chất lượng sinh hoạt chi bộ và hoàn thành chỉ tiêu phát triển đảng viên mới.",Đăng ký danh sách cán bộ quản trị phần mêm | Tiếp nhận Công văn số247-CV/VPTU ngày 23/10/2025 của Văn phòng | Tỉnh uỷKhánh Hoà vềviệc cung cấp danh sách cán bộquản trịphần mềm sổtay,Văn bản số (Digital Text đầy đủ),,ĐU-CV-0147-2025 ĐĂNG KÝ DS QUẢN TRỊ PHẦN MỀM STĐV.signed.signed.pdf,1173.0
266,CÔNG VĂN,148-CV/ĐU,2025,24/10/2025,Công văn vv nhận xét đối với đảng viên đang công tác thường xuyên giữ mối liên hệ với tổ chức Đảng và nhân dân nơi cư trú,Công tác Tổ chức - Đảng viên,"Củng cố tổ chức cơ sở đảng, nâng cao năng lực lãnh đạo, chất lượng sinh hoạt chi bộ và hoàn thành chỉ tiêu phát triển đảng viên mới.","Rà soát nguồn bồi dưỡng quần chúng ưu tú, chuẩn hóa thủ tục thẩm tra lý lịch kết nạp đảng; thực hiện quy trình bổ nhiệm, điều động, xếp loại cán bộ công chức theo đúng phân cấp.",Bản scan đóng dấu / Ký số,,ĐU-CV-0148-2025 Công văn vv nhận xét đối với đảng viên đang công tác thường xuyên giữ mối liên hệ với tổ chức Đảng và nhân dân nơi cư trú.signed.pdf,723.9
267,CÔNG VĂN,149-CV/ĐU,2025,27/10/2025,Công văn cho ý kiến cử Cb tham gia bồi dưỡng,Công tác Đảng & Quản lý điều hành,"Lãnh đạo, chỉ đạo và triển khai các nhiệm vụ chính trị trọng tâm theo Công văn cho ý kiến cử Cb tham gia bồi dưỡng.","Tổ chức phân công nhiệm vụ cụ thể cho các cơ quan, đơn vị liên quan; theo dõi, đôn đốc tiến độ và báo cáo Thường trực, Ban Thường vụ Đảng uỷ định kỳ.",Bản scan đóng dấu / Ký số,,ĐU-CV-0149-2025 Công văn cho ý kiến cử Cb tham gia bồi dưỡng.signed.pdf,718.4
268,CÔNG VĂN,150-CV/ĐU,2025,ngày 28/10/2025,CV moi hop BTV 28.10.2025 (CTCT - CT KT-GS toàn khoá),Kinh tế - Ngân sách,"Chỉ đạo phát triển kinh tế địa phương, duy trì tốc độ tăng trưởng hai con số, đẩy mạnh thu ngân sách và huy động vốn đầu tư toàn xã hội.",Kính mời các đồng chí dựhọp Ban Thường vụĐảng ủy cho ý kiến một số | (1) Chương trình hành động thực hiện Nghịquyết Đại hội đại biểu Đảng bộ | (2) Chương trình làm việc toàn khoá của Ban Chấp hành Đảng bộxã nhiệm,Văn bản số (Digital Text đầy đủ),,ĐU-CV-0150-2025 CV moi hop BTV 28.10.2025 (CTCT - CT KT-GS toàn khoá).signed.signed.pdf,1197.9
269,CÔNG VĂN,151-CV/ĐU,2025,ngày 27/10/2025,GM HN tập huấn ngày 29-10,Công tác Tổ chức - Đảng viên,Dự tập huấn sử dụng phần mềm Sổ tay Đảng viên,"- Các chi, Đảng bộ trực thuộc Đảng uỷ xã. | Thực hiện Công văn số170-CV/TU, ngày 27/10/2025 của Ban Thường vụTỉnh | ủy vềviệc tập huấn ứng dụng Sổtay Đảng viên điện tử; Thường trực Đảng uỷkính",Văn bản số (Digital Text đầy đủ),,ĐU-CV-0151-2025 GM HN tập huấn ngày 29-10.signed.signed.pdf,1198.8
270,CÔNG VĂN,152-CV/ĐU,2025,27/10/2025,Công văn phối hợp giải quyết khó khăn do thiếu hụt nhân sự lĩnh vực đất đai,Đất đai - Môi trường & PCTT,"Tăng cường hiệu lực quản lý nhà nước về đất đai, trật tự xây dựng, tài nguyên khoáng sản và chủ động ứng phó thiên tai, mưa lũ.","Chỉ đạo kiểm tra xử lý dứt điểm các trường hợp lấn chiếm đất công, khai thác khoáng sản trái phép; xây dựng phương án 4 tại chỗ ứng phó bão lũ bảo đảm tính mạng, tài sản nhân dân.",Bản scan đóng dấu / Ký số,,ĐU-CV-0152-2025 Công văn phối hợp giải quyết khó khăn do thiếu hụt nhân sự lĩnh vực đất đai.signed.pdf,705.8
271,CÔNG VĂN,153-CV/ĐU,2025,28/10/2025,Công văn chào cờ hàng tháng,Công tác Đảng & Quản lý điều hành,"Lãnh đạo, chỉ đạo và triển khai các nhiệm vụ chính trị trọng tâm theo Công văn chào cờ hàng tháng.","Tổ chức phân công nhiệm vụ cụ thể cho các cơ quan, đơn vị liên quan; theo dõi, đôn đốc tiến độ và báo cáo Thường trực, Ban Thường vụ Đảng uỷ định kỳ.",Bản scan đóng dấu / Ký số,,ĐU-CV-0153-2025 Công văn chào cờ hàng tháng.signed.pdf,772.5
272,CÔNG VĂN,154-CV/ĐU,2025,28/10/2025,CV tham mưu triển khai kế hoạch 07,Công tác Đảng & Quản lý điều hành,"Lãnh đạo, chỉ đạo và triển khai các nhiệm vụ chính trị trọng tâm theo CV tham mưu triển khai kế hoạch 07.","Tổ chức phân công nhiệm vụ cụ thể cho các cơ quan, đơn vị liên quan; theo dõi, đôn đốc tiến độ và báo cáo Thường trực, Ban Thường vụ Đảng uỷ định kỳ.",Bản scan đóng dấu / Ký số,,ĐU-CV-0154-2025 CV tham mưu triển khai kế hoạch 07.signed.pdf,708.4
273,CÔNG VĂN,155-CV/ĐU,2025,28/10/2025,Cv chỉ đạo triển khai thực hiện Nghị quyết số 70,Tuyên giáo - Dân vận,"Định hướng tư tưởng cán bộ, đảng viên, củng cố khối đại đoàn kết toàn dân và tạo sự đồng thuận xã hội trong thực hiện các nhiệm vụ chính trị.","Tổ chức học tập, quán triệt sâu rộng các nghị quyết của Trung ương và Tỉnh uỷ; tuyên truyền các phong trào thi đua yêu nước, kỷ niệm các ngày lễ lớn và hoạt động Mặt trận, đoàn thể.",Bản scan đóng dấu / Ký số,,ĐU-CV-0155-2025 Cv chỉ đạo triển khai thực hiện Nghị quyết số 70.signed.pdf,708.8
274,CÔNG VĂN,156-CV/ĐU,2025,28/10/2025,"Cv tăng cường vai trò điện ảnh, rạp chiếu phim tại địa phương",Công tác Đảng & Quản lý điều hành,"Lãnh đạo, chỉ đạo và triển khai các nhiệm vụ chính trị trọng tâm theo Cv tăng cường vai trò điện ảnh, rạp chiếu phim tại địa phương.","Tổ chức phân công nhiệm vụ cụ thể cho các cơ quan, đơn vị liên quan; theo dõi, đôn đốc tiến độ và báo cáo Thường trực, Ban Thường vụ Đảng uỷ định kỳ.",Bản scan đóng dấu / Ký số,,"ĐU-CV-0156-2025 Cv tăng cường vai trò điện ảnh, rạp chiếu phim tại địa phương.signed.pdf",716.9
275,CÔNG VĂN,157-CV/ĐU,2025,28/10/2025,Cv tuyên truyền chống khai thác hải sản bất hợp pháp,Tuyên giáo - Dân vận,"Định hướng tư tưởng cán bộ, đảng viên, củng cố khối đại đoàn kết toàn dân và tạo sự đồng thuận xã hội trong thực hiện các nhiệm vụ chính trị.","Tổ chức học tập, quán triệt sâu rộng các nghị quyết của Trung ương và Tỉnh uỷ; tuyên truyền các phong trào thi đua yêu nước, kỷ niệm các ngày lễ lớn và hoạt động Mặt trận, đoàn thể.",Bản scan đóng dấu / Ký số,,ĐU-CV-0157-2025Cv tuyên truyền chống khai thác hải sản bất hợp pháp.signed.pdf,738.1
276,CÔNG VĂN,158-CV/ĐU,2025,28/10/2025,CV cung cấp tài liệu tham khảo tháng 10,Công tác Đảng & Quản lý điều hành,"Lãnh đạo, chỉ đạo và triển khai các nhiệm vụ chính trị trọng tâm theo CV cung cấp tài liệu tham khảo tháng 10.","Tổ chức phân công nhiệm vụ cụ thể cho các cơ quan, đơn vị liên quan; theo dõi, đôn đốc tiến độ và báo cáo Thường trực, Ban Thường vụ Đảng uỷ định kỳ.",Bản scan đóng dấu / Ký số,,ĐU-CV-0158-2025 CV cung cấp tài liệu tham khảo tháng 10.signed.pdf,695.9
277,CÔNG VĂN,159-CV/ĐU,2025,ngày 27/10/2025,CV xin vắng tập huấn,Công tác Tổ chức - Đảng viên,"Củng cố tổ chức cơ sở đảng, nâng cao năng lực lãnh đạo, chất lượng sinh hoạt chi bộ và hoàn thành chỉ tiêu phát triển đảng viên mới.","Thực hiện Công văn số170-CV/TU ngày 27/10/2025 của Ban Thường vụTỉnh | uỷvềviệc tập huấn ứng dụng Sổtay Đảng viên điện tử; Thường trực Đảng uỷxã | tập huấn, bồi dưỡng, nâng cao năng lực, kiến thức phục vụ công tác tại địa phương.",Văn bản số (Digital Text đầy đủ),,ĐU-CV-0159-2025 CV xin vắng tập huấn.signed.signed.pdf,968.9
278,CÔNG VĂN,160-CV/ĐU,2025,ngày 27/10/2025,CV mời dự HN TRỰC TUYẾN (29.10.2025),Bầu cử Quốc hội & HĐND,"Bảo đảm tổ chức thành công cuộc bầu cử ĐBQH khoá XVI và đại biểu HĐND các cấp nhiệm kỳ 2026-2031 dân chủ, đúng luật, an toàn.",Mời dự Hội nghị quán triệt một số văn bản mới | Tiếp nhận Công văn số200-CV/BTCTU ngày 27/10/2025 của Ban Tổchức | Tỉnh uỷvềviệc tổchức Hội nghị(trực tuyến) quán triệt một sốvăn bản mới vềcông,Văn bản số (Digital Text đầy đủ),,ĐU-CV-0160-2025CV mời dự HN TRỰC TUYẾN (29.10.2025).signed.signed.pdf,1205.2
279,CÔNG VĂN,161-CV/ĐU,2025,ngày 27/10/2025,CV đề nghị tạo điều kiện cùng dự trực tuyến,Tuyên giáo - Dân vận,"Định hướng tư tưởng cán bộ, đảng viên, củng cố khối đại đoàn kết toàn dân và tạo sự đồng thuận xã hội trong thực hiện các nhiệm vụ chính trị.",v/v tạo điều kiện tham dự Hội nghị trực tuyến | quán triệt một số văn bản mới về công tác | Tiếp nhận Công văn số200-CV/BTCTU ngày 27/10/2025 của Ban Tổchức,Văn bản số (Digital Text đầy đủ),,ĐU-CV-0161-2025 CV đề nghị tạo điều kiện cùng dự trực tuyến.signed.signed.pdf,986.8
280,CÔNG VĂN,162-CV/ĐU,2025,29/10/2025,"Cv chỉ đạo triển khai thực hiện quản lý, sử dụng trụ sở, tài sản công sau sắp xếp tổ chức bộ máy",Công tác Đảng & Quản lý điều hành,"Lãnh đạo, chỉ đạo và triển khai các nhiệm vụ chính trị trọng tâm theo Cv chỉ đạo triển khai thực hiện quản lý, sử dụng trụ sở, tài sản công sau sắp xếp tổ chức bộ máy.","Tổ chức phân công nhiệm vụ cụ thể cho các cơ quan, đơn vị liên quan; theo dõi, đôn đốc tiến độ và báo cáo Thường trực, Ban Thường vụ Đảng uỷ định kỳ.",Bản scan đóng dấu / Ký số,,"ĐU-CV-0162-2025 Cv chỉ đạo triển khai thực hiện quản lý, sử dụng trụ sở, tài sản công sau sắp xếp tổ chức bộ máy.signed.pdf",703.3
281,CÔNG VĂN,163-CV/ĐU,2025,29/10/2025,"Công văn góp ý dự thảo kế hoạch xây dựng và nhân rộng mô hình, điển hình trong học tập làm theo tư tưởng Hồ Chí Minh",Tuyên giáo - Dân vận,"Định hướng tư tưởng cán bộ, đảng viên, củng cố khối đại đoàn kết toàn dân và tạo sự đồng thuận xã hội trong thực hiện các nhiệm vụ chính trị.","Tổ chức học tập, quán triệt sâu rộng các nghị quyết của Trung ương và Tỉnh uỷ; tuyên truyền các phong trào thi đua yêu nước, kỷ niệm các ngày lễ lớn và hoạt động Mặt trận, đoàn thể.",Bản scan đóng dấu / Ký số,,"ĐU-CV-0163-2025 Công văn góp ý dự thảo kế hoạch xây dựng và nhân rộng mô hình, điển hình trong học tập làm theo tư tưởng Hồ Chí Minh.signed.pdf",696.6
282,CÔNG VĂN,164-CV/ĐU,2025,29/10/2025,Cv góp ý dự thảo Hướng dẫn xây dựng và công nhận mô hình Dân vận khéo trên địa bàn tỉnh,Tuyên giáo - Dân vận,"Định hướng tư tưởng cán bộ, đảng viên, củng cố khối đại đoàn kết toàn dân và tạo sự đồng thuận xã hội trong thực hiện các nhiệm vụ chính trị.","Tổ chức học tập, quán triệt sâu rộng các nghị quyết của Trung ương và Tỉnh uỷ; tuyên truyền các phong trào thi đua yêu nước, kỷ niệm các ngày lễ lớn và hoạt động Mặt trận, đoàn thể.",Bản scan đóng dấu / Ký số,,ĐU-CV-0164-2025 Cv góp ý dự thảo Hướng dẫn xây dựng và công nhận mô hình Dân vận khéo trên địa bàn tỉnh.signed.pdf,695.8
283,CÔNG VĂN,165-CV/ĐU,2025,31/10/2025,"CV đẩy mạnh tuyên truyền, lấy góp ý dự thảo văn kiện trình đại hội",Tuyên giáo - Dân vận,"Định hướng tư tưởng cán bộ, đảng viên, củng cố khối đại đoàn kết toàn dân và tạo sự đồng thuận xã hội trong thực hiện các nhiệm vụ chính trị.","Tổ chức học tập, quán triệt sâu rộng các nghị quyết của Trung ương và Tỉnh uỷ; tuyên truyền các phong trào thi đua yêu nước, kỷ niệm các ngày lễ lớn và hoạt động Mặt trận, đoàn thể.",Bản scan đóng dấu / Ký số,,"ĐU-CV-0165-2025 CV đẩy mạnh tuyên truyền, lấy góp ý dự thảo văn kiện trình đại hội.signed.pdf",830.8
284,CÔNG VĂN,166-CV/ĐU,2025,ngày 13/10/2025,GM HỌP BCĐ (04.11.2025),Bầu cử Quốc hội & HĐND,"Bảo đảm tổ chức thành công cuộc bầu cử ĐBQH khoá XVI và đại biểu HĐND các cấp nhiệm kỳ 2026-2031 dân chủ, đúng luật, an toàn.",Mời họp Ban Chỉ đạo công tác bầu cử đại biểu | Quốc hội khóa XVI và bầu cử đại biểu Hội đồng | Thường trực Đảng uỷkính mời các đồng chí tham dựcuộc họp triển khai Quyết,Văn bản số (Digital Text đầy đủ),,ĐU-CV-0166-2025 GM HỌP BCĐ (04.11.2025).signed.signed.pdf,1217.3
285,CÔNG VĂN,167-CV/ĐU,2025,04/11/2025,Công văn giới thiệu nhân sự BCH hội Nông dân,Công tác Đảng & Quản lý điều hành,"Lãnh đạo, chỉ đạo và triển khai các nhiệm vụ chính trị trọng tâm theo Công văn giới thiệu nhân sự BCH hội Nông dân.","Tổ chức phân công nhiệm vụ cụ thể cho các cơ quan, đơn vị liên quan; theo dõi, đôn đốc tiến độ và báo cáo Thường trực, Ban Thường vụ Đảng uỷ định kỳ.",Bản scan đóng dấu / Ký số,,ĐU-CV-0167-2025 Công văn giới thiệu nhân sự BCH hội Nông dân.signed.signed.pdf,1552.8
286,CÔNG VĂN,168-CV/ĐU,2025,ngày 04/11/2025,CV moi hop BTV 04.11.2025,Kinh tế - Ngân sách,"Chỉ đạo phát triển kinh tế địa phương, duy trì tốc độ tăng trưởng hai con số, đẩy mạnh thu ngân sách và huy động vốn đầu tư toàn xã hội.",Kính mời các đồng chí dựhọp Ban Thường vụĐảng ủy cho ý kiến một số | nội dung: (1) Hồsơ đềnghịcông nhận Đảng viên chính thức; (2) Nghe Đảng uỷ | UBND xã báo cáo xin ý kiến đầu tư công trình nâng cấp đường nội đồng khu sản,Văn bản số (Digital Text đầy đủ),,ĐU-CV-0168-2025 CV moi hop BTV 04.11.2025.signed.signed.pdf,1199.8
287,CÔNG VĂN,169-CV/ĐU,2025,ngày 05/11/2025,GM LÀM VIỆC Đ.C LƯƠNG ĐỨC HẢI - UVTV - TRƯỞNG BTCTU (05.11.2025),Bầu cử Quốc hội & HĐND,"Bảo đảm tổ chức thành công cuộc bầu cử ĐBQH khoá XVI và đại biểu HĐND các cấp nhiệm kỳ 2026-2031 dân chủ, đúng luật, an toàn.","Đoàn công tác do đồng chí Lương Đức Hải - UVTV Tỉnh uỷ, Trưởng Ban Tổ | chức Tỉnh uỷlàm trưởng đoàn có buổi làm việc với Ban Thường vụĐảng uỷxã | máy chính quyền địa phương 2 cấp. Thường trực Đảng ủy thông báo thời gian, địa",Văn bản số (Digital Text đầy đủ),,ĐU-CV-0169-2025 GM LÀM VIỆC Đ.C LƯƠNG ĐỨC HẢI - UVTV - TRƯỞNG BTCTU (05.11.2025).signed.signed.pdf,1184.5
288,CÔNG VĂN,170-CV/ĐU,2025,04/11/2025,Công văn chỉ đạo triển khai chỉ thị 01,Tuyên giáo - Dân vận,"Định hướng tư tưởng cán bộ, đảng viên, củng cố khối đại đoàn kết toàn dân và tạo sự đồng thuận xã hội trong thực hiện các nhiệm vụ chính trị.","Tổ chức học tập, quán triệt sâu rộng các nghị quyết của Trung ương và Tỉnh uỷ; tuyên truyền các phong trào thi đua yêu nước, kỷ niệm các ngày lễ lớn và hoạt động Mặt trận, đoàn thể.",Bản scan đóng dấu / Ký số,,ĐU-CV-0170-2025 Công văn chỉ đạo triển khai chỉ thị 01.signed.pdf,692.9
289,CÔNG VĂN,171-CV/ĐU,2025,04/11/2025,Chỉ đạo triển khai thực hiện Kế hoạch số 28,Công tác Đảng & Quản lý điều hành,"Lãnh đạo, chỉ đạo và triển khai các nhiệm vụ chính trị trọng tâm theo Chỉ đạo triển khai thực hiện Kế hoạch số 28.","Tổ chức phân công nhiệm vụ cụ thể cho các cơ quan, đơn vị liên quan; theo dõi, đôn đốc tiến độ và báo cáo Thường trực, Ban Thường vụ Đảng uỷ định kỳ.",Bản scan đóng dấu / Ký số,,ĐU-CV-0171-2025 Chỉ đạo triển khai thực hiện Kế hoạch số 28.signed.pdf,699.3
290,CÔNG VĂN,172-CV/ĐU,2025,04/11/2025,"CV chỉ đạo triển khai thực hiện việc sáp nhập, sắp xếp bộ máy hội Chữ thập đỏ",Công tác Đảng & Quản lý điều hành,"Lãnh đạo, chỉ đạo và triển khai các nhiệm vụ chính trị trọng tâm theo CV chỉ đạo triển khai thực hiện việc sáp nhập, sắp xếp bộ máy hội Chữ thập đỏ.","Tổ chức phân công nhiệm vụ cụ thể cho các cơ quan, đơn vị liên quan; theo dõi, đôn đốc tiến độ và báo cáo Thường trực, Ban Thường vụ Đảng uỷ định kỳ.",Bản scan đóng dấu / Ký số,,"ĐU-CV-0172-2025 CV chỉ đạo triển khai thực hiện việc sáp nhập, sắp xếp bộ máy hội Chữ thập đỏ.signed.pdf",701.1
291,CÔNG VĂN,173-CV/ĐU,2025,04/11/2025,Cv chỉ đạo triển khai Nghị quyết 107 của Quốc hội,Tuyên giáo - Dân vận,"Định hướng tư tưởng cán bộ, đảng viên, củng cố khối đại đoàn kết toàn dân và tạo sự đồng thuận xã hội trong thực hiện các nhiệm vụ chính trị.","Tổ chức học tập, quán triệt sâu rộng các nghị quyết của Trung ương và Tỉnh uỷ; tuyên truyền các phong trào thi đua yêu nước, kỷ niệm các ngày lễ lớn và hoạt động Mặt trận, đoàn thể.",Bản scan đóng dấu / Ký số,,ĐU-CV-0173-2025 Cv chỉ đạo triển khai Nghị quyết 107 của Quốc hội.signed.pdf,703.9
292,CÔNG VĂN,174-CV/ĐU,2025,04/11/2025,Công văn triển khai thông báo kết luận số 34,Công tác Đảng & Quản lý điều hành,"Lãnh đạo, chỉ đạo và triển khai các nhiệm vụ chính trị trọng tâm theo Công văn triển khai thông báo kết luận số 34.","Tổ chức phân công nhiệm vụ cụ thể cho các cơ quan, đơn vị liên quan; theo dõi, đôn đốc tiến độ và báo cáo Thường trực, Ban Thường vụ Đảng uỷ định kỳ.",Bản scan đóng dấu / Ký số,,ĐU-CV-0174-2025 Công văn triển khai thông báo kết luận số 34.signed.pdf,746.6
293,CÔNG VĂN,175-CV/ĐU,2025,ngày 06/11/2025,BCH - LẦN THỨ 2 (06.11.2025),Kiểm tra - Giám sát Đảng,"Giữ vững kỷ cương, kỷ luật Đảng, phòng ngừa vi phạm và chủ động phát hiện dấu hiệu vi phạm ngay từ cơ sở chi bộ thôn/trường học.","Ban Thường vụĐảng uỷtổchức Hội nghịBan Chấp hành Đảng bộxã lần thứ2, | cho ý kiến các nội dung: (1) Dựthảo Chương trình hành động thực hiện Nghịquyết | Đại hội đại biểu Đảng bộxã lần thứI, nhiệm kỳ2025 - 2030; (2) Dựthảo Chương",Văn bản số (Digital Text đầy đủ),,ĐU-CV-0175-2025 BCH - LẦN THỨ 2 (06.11.2025).signed.signed.pdf,1207.6
294,CÔNG VĂN,176-CV/ĐU,2025,ngày 03/11/2025,CV chỉ đạo ứng phó bão số 13,Kiểm tra - Giám sát Đảng,"Giữ vững kỷ cương, kỷ luật Đảng, phòng ngừa vi phạm và chủ động phát hiện dấu hiệu vi phạm ngay từ cơ sở chi bộ thôn/trường học.","Thực hiện Công văn số6685/UBND-KT ngày 03/11/2025 của Uỷban nhân | dân tỉnh vềviệc chủđộng ứng phó với bão gần Biển Đông (Cơn bão số13 | Kalmaegi); Thường trực Đảng ủy đềnghịcác cơ quan, đơn vịthực hiện một sốnội",Văn bản số (Digital Text đầy đủ),,ĐU-CV-0176-2025 CV chỉ đạo ứng phó bão số 13.signed.signed.pdf,989.1
295,CÔNG VĂN,177-CV/ĐU,2025,Ngày 05/11/2025,HOÃN HỌP BCH - LẦN THỨ 2 (06.11.2025),Đất đai - Môi trường & PCTT,"Tăng cường hiệu lực quản lý nhà nước về đất đai, trật tự xây dựng, tài nguyên khoáng sản và chủ động ứng phó thiên tai, mưa lũ.","Đảng bộ xã lần thứ 2 và trao Huy hiệu đảng | Ngày 05/11/2025, Ban Thường vụĐảng uỷban hành Công văn số175-CV/ĐU | vềmời dựHội nghịBan Chấp hành Đảng bộxã lần thứ2 và tổchức trao tặng huy",Văn bản số (Digital Text đầy đủ),,ĐU-CV-0177-2025 HOÃN HỌP BCH - LẦN THỨ 2 (06.11.2025).signed.signed.pdf,1189.1
296,CÔNG VĂN,178-CV/ĐU,2025,Năm 2025,"CV đề xuất biên chế của các cơ quan Đảng, Mặt trận Tổ quốc năm 2026, giai đoạn 2026- 2031",Tuyên giáo - Dân vận,"Định hướng tư tưởng cán bộ, đảng viên, củng cố khối đại đoàn kết toàn dân và tạo sự đồng thuận xã hội trong thực hiện các nhiệm vụ chính trị.","Tổ chức học tập, quán triệt sâu rộng các nghị quyết của Trung ương và Tỉnh uỷ; tuyên truyền các phong trào thi đua yêu nước, kỷ niệm các ngày lễ lớn và hoạt động Mặt trận, đoàn thể.",Bản scan đóng dấu / Ký số,,"ĐU-CV-0178-2025 CV đề xuất biên chế của các cơ quan Đảng, Mặt trận Tổ quốc năm 2026, giai đoạn 2026- 2031.pdf",426.8
297,CÔNG VĂN,179-CV/ĐU,2025,07/11/2025,Cv triển khai thực hiện Đề án 04,Công tác Đảng & Quản lý điều hành,"Lãnh đạo, chỉ đạo và triển khai các nhiệm vụ chính trị trọng tâm theo Cv triển khai thực hiện Đề án 04.","Tổ chức phân công nhiệm vụ cụ thể cho các cơ quan, đơn vị liên quan; theo dõi, đôn đốc tiến độ và báo cáo Thường trực, Ban Thường vụ Đảng uỷ định kỳ.",Bản scan đóng dấu / Ký số,,ĐU-CV-0179-2025 Cv triển khai thực hiện Đề án 04.signed.pdf,712.8
298,CÔNG VĂN,180-CV/ĐU,2025,ngày 19/6/2025,"báo cáo định kỳhàng ngày cho Ban Chỉđạo Nghịquyết 57 tỉnh; Thường trực Đảng uỷđềnghịHội đồng nhân dân, Uỷban nhân dân, Uỷban MTTQ Việt Nam xã triển khai thực hiện một số nội dung sau",Kiểm tra - Giám sát Đảng,"Giữ vững kỷ cương, kỷ luật Đảng, phòng ngừa vi phạm và chủ động phát hiện dấu hiệu vi phạm ngay từ cơ sở chi bộ thôn/trường học.",Về đôn đốc việc triển khai thực hiện Nghị quyết | 57-NQ/TW; nhập liệu trên hệ thống giám sát | Thực hiện Kếhoạch số02-KH/BCĐTW ngày 19/6/2025 của Ban Chỉđạo,Văn bản số (Digital Text đầy đủ),,ĐU-CV-0180-2025 CV nhắc nhở giai đoạn 2 NQ 57.signed.signed.pdf,1007.9
299,CÔNG VĂN,181-CV/ĐU,2025,Năm 2025,Công văn về việc tạo điều kiện tham dự Hội nghị tập huấn trực tuyến công tác Khoa giáo năm 2025,Công tác Đảng & Quản lý điều hành,"Lãnh đạo, chỉ đạo và triển khai các nhiệm vụ chính trị trọng tâm theo Công văn về việc tạo điều kiện tham dự Hội nghị tập huấn trực tuyến công tác Khoa giáo năm 2025.","Tổ chức phân công nhiệm vụ cụ thể cho các cơ quan, đơn vị liên quan; theo dõi, đôn đốc tiến độ và báo cáo Thường trực, Ban Thường vụ Đảng uỷ định kỳ.",Bản scan đóng dấu / Ký số,,ĐU-CV-0181-2025 Công văn về việc tạo điều kiện tham dự Hội nghị tập huấn trực tuyến công tác Khoa giáo năm 2025.pdf,62.7
300,CÔNG VĂN,182-CV/ĐU,2025,Năm 2025,Công văn đăng ký nhu cầu đào tạo cao cấp lý luận chính trị năm 2026,Tuyên giáo - Dân vận,"Định hướng tư tưởng cán bộ, đảng viên, củng cố khối đại đoàn kết toàn dân và tạo sự đồng thuận xã hội trong thực hiện các nhiệm vụ chính trị.","Tổ chức học tập, quán triệt sâu rộng các nghị quyết của Trung ương và Tỉnh uỷ; tuyên truyền các phong trào thi đua yêu nước, kỷ niệm các ngày lễ lớn và hoạt động Mặt trận, đoàn thể.",Bản scan đóng dấu / Ký số,,ĐU-CV-0182-2025 Công văn đăng ký nhu cầu đào tạo cao cấp lý luận chính trị năm 2026.pdf,133.9
301,CÔNG VĂN,183-CV/ĐU,2025,ngày 07/11/2025,CV mời dự trực tuyến (12.11.2025),Chuyển đổi số & CCHC,Các chủtrương mới của Đảng trên lĩnh vực khoa giáo và nhiệm vụtham mưu,"Thực hiện Kếhoạch số08-KH/BTGDV ngày 07/11/2025 của Ban Tuyên | giáo và Dân vận Tỉnh ủy vềtổchức Hội nghịtoàn quốc tập huấn công tác Khoa | giáo năm 2025 (trực tuyến). Ban Thường vụĐảng ủy thông báo thành phần, thời",Văn bản số (Digital Text đầy đủ),,ĐU-CV-0183-2025 CV mời dự trực tuyến (12.11.2025).signed.signed.pdf,1202.2
302,CÔNG VĂN,184-CV/ĐU,2025,ngày 13/11/2025,Mời họp BCH - LẦN THỨ 2 (13.11.2025),Kiểm tra - Giám sát Đảng,"Giữ vững kỷ cương, kỷ luật Đảng, phòng ngừa vi phạm và chủ động phát hiện dấu hiệu vi phạm ngay từ cơ sở chi bộ thôn/trường học.","Ban Thường vụĐảng uỷtổchức Hội nghịBan Chấp hành Đảng bộxã lần thứ2, | cho ý kiến các nội dung: (1) Dựthảo Chương trình hành động thực hiện Nghịquyết | Đại hội đại biểu Đảng bộxã lần thứI, nhiệm kỳ2025 - 2030; (2) Dựthảo Chương",Văn bản số (Digital Text đầy đủ),,ĐU-CV-0184-2025 Mời họp BCH - LẦN THỨ 2 (13.11.2025).signed.signed.pdf,1207.8
303,CÔNG VĂN,185-CV/ĐU,2025,ngày 14/11/2025,GM LÀM VIỆC VỚI UBKTTW (14.11.2025),Kiểm tra - Giám sát Đảng,"Giữ vững kỷ cương, kỷ luật Đảng, phòng ngừa vi phạm và chủ động phát hiện dấu hiệu vi phạm ngay từ cơ sở chi bộ thôn/trường học.","Tổcông tác 2027 (Tổsố1) của Uỷban kiểm tra Trung ương có buổi làm việc | với Ban Thường vụĐảng uỷxã Công Hải vềnắm tình hình, giám sát thường | xuyên việc lãnh đạo, chỉđạo và tổchức vận hành chính quyền địa phương 02 cấp",Văn bản số (Digital Text đầy đủ),,ĐU-CV-0185-2025 GM LÀM VIỆC VỚI UBKTTW (14.11.2025).signed.signed.pdf,1205.1
304,CÔNG VĂN,186-CV/ĐU,2025,Năm 2025,Công văn về triển khai tuyên truyền kết quả Hội nghị lần thứ 13 BCH Trung ương Đảng khóa XIII,Tuyên giáo - Dân vận,"Định hướng tư tưởng cán bộ, đảng viên, củng cố khối đại đoàn kết toàn dân và tạo sự đồng thuận xã hội trong thực hiện các nhiệm vụ chính trị.","Tổ chức học tập, quán triệt sâu rộng các nghị quyết của Trung ương và Tỉnh uỷ; tuyên truyền các phong trào thi đua yêu nước, kỷ niệm các ngày lễ lớn và hoạt động Mặt trận, đoàn thể.",Bản scan đóng dấu / Ký số,,ĐU-CV-0186-2025 Công văn về triển khai tuyên truyền kết quả Hội nghị lần thứ 13 BCH Trung ương Đảng khóa XIII.pdf,100.0
305,CÔNG VĂN,188-CV/ĐU,2025,Ngày 13/11/2025,"CV cho ý kiến tham, tang qua Ngay nha giao Viet Nam (20.11)",Tuyên giáo - Dân vận,"Định hướng tư tưởng cán bộ, đảng viên, củng cố khối đại đoàn kết toàn dân và tạo sự đồng thuận xã hội trong thực hiện các nhiệm vụ chính trị.","Ngày 13/11/2025, Đảng uỷUBND xã có Tờtrình số25-TTr/ĐU vềviệc trình | Thường trực Đảng ủy cho ý kiến tổchức đi thăm, chúc mừng nhân kỷniệm 43 năm | Ngày Nhà giáo Việt Nam (20/11/1982 – 20/11/2025); Thường trực Đảng ủy có ý",Văn bản số (Digital Text đầy đủ),,"ĐU-CV-0188-2025 CV cho ý kiến tham, tang qua Ngay nha giao Viet Nam (20.11).signed.signed.pdf",969.0
306,CÔNG VĂN,189-CV/ĐU,2025,14/11/2025,Triển khai thông báo số 07 về định huuowngs tuyên truyền miệng,Tuyên giáo - Dân vận,"Định hướng tư tưởng cán bộ, đảng viên, củng cố khối đại đoàn kết toàn dân và tạo sự đồng thuận xã hội trong thực hiện các nhiệm vụ chính trị.","Tổ chức học tập, quán triệt sâu rộng các nghị quyết của Trung ương và Tỉnh uỷ; tuyên truyền các phong trào thi đua yêu nước, kỷ niệm các ngày lễ lớn và hoạt động Mặt trận, đoàn thể.",Bản scan đóng dấu / Ký số,,ĐU-CV-0189-2025 Triển khai thông báo số 07 về định huuowngs tuyên truyền miệng.signed.pdf,702.1
307,CÔNG VĂN,190-CV/ĐU,2025,14/11/2025,CV triển khai thông báo 65-BTCTU,Công tác Đảng & Quản lý điều hành,"Lãnh đạo, chỉ đạo và triển khai các nhiệm vụ chính trị trọng tâm theo CV triển khai thông báo 65-BTCTU.","Tổ chức phân công nhiệm vụ cụ thể cho các cơ quan, đơn vị liên quan; theo dõi, đôn đốc tiến độ và báo cáo Thường trực, Ban Thường vụ Đảng uỷ định kỳ.",Bản scan đóng dấu / Ký số,,ĐU-CV-0190-2025 CV triển khai thông báo 65-BTCTU.signed.pdf,811.6
308,CÔNG VĂN,193-CV/ĐU,2025,18/11/2025,CV mời dự tập huấn bồi dưỡng kiến thức công tác xây dựng Đảng,Công tác Đảng & Quản lý điều hành,"Lãnh đạo, chỉ đạo và triển khai các nhiệm vụ chính trị trọng tâm theo CV mời dự tập huấn bồi dưỡng kiến thức công tác xây dựng Đảng.","Tổ chức phân công nhiệm vụ cụ thể cho các cơ quan, đơn vị liên quan; theo dõi, đôn đốc tiến độ và báo cáo Thường trực, Ban Thường vụ Đảng uỷ định kỳ.",Bản scan đóng dấu / Ký số,,ĐU-CV-0193-2025 CV mời dự tập huấn bồi dưỡng kiến thức công tác xây dựng Đảng.signed.pdf,744.3
309,CÔNG VĂN,194-CV/ĐU,2025,Năm 2025,"CV chỉ đạo triển khai công tác ứng phó tình hình mưa, lũ trên địa bàn xã",Đất đai - Môi trường & PCTT,"Tăng cường hiệu lực quản lý nhà nước về đất đai, trật tự xây dựng, tài nguyên khoáng sản và chủ động ứng phó thiên tai, mưa lũ.","Chỉ đạo kiểm tra xử lý dứt điểm các trường hợp lấn chiếm đất công, khai thác khoáng sản trái phép; xây dựng phương án 4 tại chỗ ứng phó bão lũ bảo đảm tính mạng, tài sản nhân dân.",Bản scan đóng dấu / Ký số,,"ĐU-CV-0194-2025 CV chỉ đạo triển khai công tác ứng phó tình hình mưa, lũ trên địa bàn xã.pdf",143.2
310,CÔNG VĂN,196-CV/ĐU,2025,Ngày 18/11/2025,CV tạm hoãn,Tuyên giáo - Dân vận,"Định hướng tư tưởng cán bộ, đảng viên, củng cố khối đại đoàn kết toàn dân và tạo sự đồng thuận xã hội trong thực hiện các nhiệm vụ chính trị.","Về việc tạm hoãn lớp bồi dưỡng, cập nhật kiến | - Các đồng chí Uỷ viên Ban Chấp hành Đảng bộ xã, | Ngày 18/11/2025, Ban Thường vụĐảng uỷcó ban hành Công văn số193-",Văn bản số (Digital Text đầy đủ),,ĐU-CV-0196-2025 CV tạm hoãn.signed.signed.pdf,1176.4
311,CÔNG VĂN,197-CV/ĐU,2025,ngày 25/11/2025,GM Hội nghị về công tác cán bộ (25.11.2025),Công tác Tổ chức - Đảng viên,"Củng cố tổ chức cơ sở đảng, nâng cao năng lực lãnh đạo, chất lượng sinh hoạt chi bộ và hoàn thành chỉ tiêu phát triển đảng viên mới.",Ban Thường vụĐảng ủy tổchức Hội nghịthực hiện quy trình vềcông tác cán | bộ (thành phần tham dự các Hội nghị theo Chương trình đính kèm). | 1. Thời gian: Bắt đầu lúc 09 giờ 00” ngày 25/11/2025 (sáng thứ ba).,Văn bản số (Digital Text đầy đủ),,ĐU-CV-0197-2025 GM Hội nghị về công tác cán bộ (25.11.2025).signed.signed.pdf,1209.1
312,CÔNG VĂN,198-CV/ĐU,2025,24/11/2025,CV triển khai thông báo số 58-TB-TU,Công tác Đảng & Quản lý điều hành,"Lãnh đạo, chỉ đạo và triển khai các nhiệm vụ chính trị trọng tâm theo CV triển khai thông báo số 58-TB-TU.","Tổ chức phân công nhiệm vụ cụ thể cho các cơ quan, đơn vị liên quan; theo dõi, đôn đốc tiến độ và báo cáo Thường trực, Ban Thường vụ Đảng uỷ định kỳ.",Bản scan đóng dấu / Ký số,,ĐU-CV-0198-2025 CV triển khai thông báo số 58-TB-TU.signed.pdf,853.8
313,CÔNG VĂN,200-CV/ĐU,2025,ngày 02/12/2025,CV gửi báo cáo thuc hien nhiem vu nam 2025,Kinh tế - Ngân sách,"Đảng uỷUBND xã, Đảng uỷcác cơ quan Đảng, các cơ quan,","- Đảng uỷ UBND xã, Đảng uỷ các cơ quan Đảng, | - Các cơ quan tham mưu, giúp việc Đảng uỷ, | - Ủy ban MTTQ và các tổ chức chính trị - xã hội xã,",Văn bản số (Digital Text đầy đủ),,ĐU-CV-0200-2025 CV gửi báo cáo thuc hien nhiem vu nam 2025.signed.signed.pdf,1056.9
314,CÔNG VĂN,201-CV/ĐU,2025,25/11/2025,CV triển khai tuyên truyền Hội nghị 14,Tuyên giáo - Dân vận,"Định hướng tư tưởng cán bộ, đảng viên, củng cố khối đại đoàn kết toàn dân và tạo sự đồng thuận xã hội trong thực hiện các nhiệm vụ chính trị.","Tổ chức học tập, quán triệt sâu rộng các nghị quyết của Trung ương và Tỉnh uỷ; tuyên truyền các phong trào thi đua yêu nước, kỷ niệm các ngày lễ lớn và hoạt động Mặt trận, đoàn thể.",Bản scan đóng dấu / Ký số,,ĐU-CV-0201-2025 CV triển khai tuyên truyền Hội nghị 14.signed.pdf,743.1
315,CÔNG VĂN,202-CV/ĐU,2025,25/11/2025,CV chỉ đạo thực hiện TBKL 357,Công tác Đảng & Quản lý điều hành,"Lãnh đạo, chỉ đạo và triển khai các nhiệm vụ chính trị trọng tâm theo CV chỉ đạo thực hiện TBKL 357.","Tổ chức phân công nhiệm vụ cụ thể cho các cơ quan, đơn vị liên quan; theo dõi, đôn đốc tiến độ và báo cáo Thường trực, Ban Thường vụ Đảng uỷ định kỳ.",Bản scan đóng dấu / Ký số,,ĐU-CV-0202-2025 CV chỉ đạo thực hiện TBKL 357.signed.pdf,696.0
316,CÔNG VĂN,203-CV/ĐU,2025,ngày 24/11/2025,CV triển khai ứng phó áp thấp nhiệt đới (25.11),Công tác Tổ chức - Đảng viên,"Củng cố tổ chức cơ sở đảng, nâng cao năng lực lãnh đạo, chất lượng sinh hoạt chi bộ và hoàn thành chỉ tiêu phát triển đảng viên mới.",Triển khai các công điện về khắc phục hậu quả | Thực hiện Công văn số307-CV/TU ngày 24/11/2025 của Thường trực Tỉnh | uỷvềviệc triển khai các công điện vềkhắc phục hậu quảsau mưa lũ và chủđộng,Văn bản số (Digital Text đầy đủ),,ĐU-CV-0203-2025 CV triển khai ứng phó áp thấp nhiệt đới (25.11).signed.signed.pdf,996.5
317,CÔNG VĂN,204-CV/ĐU,2025,ngày 27/11/2025,GM LÀM VIỆC Đ.C LƯƠNG ĐỨC HẢI - UVTV - TRƯỞNG BTCTU (27.11.2025),Bầu cử Quốc hội & HĐND,"Bảo đảm tổ chức thành công cuộc bầu cử ĐBQH khoá XVI và đại biểu HĐND các cấp nhiệm kỳ 2026-2031 dân chủ, đúng luật, an toàn.","Mời dự làm việc với đồng chí Lương Đức Hải - | Đoàn công tác do đồng chí Lương Đức Hải - UVTV Tỉnh uỷ, Trưởng Ban Tổ | chức Tỉnh uỷlàm trưởng đoàn đến thăm, động viên và trao quà hỗtrợcho các hộ",Văn bản số (Digital Text đầy đủ),,ĐU-CV-0204-2025 GM LÀM VIỆC Đ.C LƯƠNG ĐỨC HẢI - UVTV - TRƯỞNG BTCTU (27.11.2025).signed.signed.pdf,1195.6
318,CÔNG VĂN,205-CV/ĐU,2025,ngày 28/11/2025,CV MỜI LÀM VIỆC VỚI MTTQVN XÃ (28.11.2025),Bầu cử Quốc hội & HĐND,"Bảo đảm tổ chức thành công cuộc bầu cử ĐBQH khoá XVI và đại biểu HĐND các cấp nhiệm kỳ 2026-2031 dân chủ, đúng luật, an toàn.","Thực hiện Chương trình công tác của Thường trực Đảng ủy; Văn phòng Đảng | ủy thông báo Chương trình làm việc của Thường trực Đảng ủy với Ủy ban | MTTQVN và các tổ chức chính trị - xã hội xã, cụ thể như sau:",Văn bản số (Digital Text đầy đủ),,ĐU-CV-0205-2025 CV MỜI LÀM VIỆC VỚI MTTQVN XÃ (28.11.2025).signed.signed.pdf,1206.0
319,CÔNG VĂN,206-CV/ĐU,2025,28/11/2025,Cv thực hiện thông tư 23.2025 và báo cáo hiện trạng CNTT,Công tác Đảng & Quản lý điều hành,"Lãnh đạo, chỉ đạo và triển khai các nhiệm vụ chính trị trọng tâm theo Cv thực hiện thông tư 23.2025 và báo cáo hiện trạng CNTT.","Tổ chức phân công nhiệm vụ cụ thể cho các cơ quan, đơn vị liên quan; theo dõi, đôn đốc tiến độ và báo cáo Thường trực, Ban Thường vụ Đảng uỷ định kỳ.",Bản scan đóng dấu / Ký số,,ĐU-CV-0206-2025 Cv thực hiện thông tư 23.2025 và báo cáo hiện trạng CNTT.signed.pdf,718.5
320,CÔNG VĂN,207-CV/ĐU,2025,Năm 2025,CV gửi danh sách quần chúng ưu tú tham gia bồi dưỡng nhận thức Đảng,Công tác Đảng & Quản lý điều hành,"Lãnh đạo, chỉ đạo và triển khai các nhiệm vụ chính trị trọng tâm theo CV gửi danh sách quần chúng ưu tú tham gia bồi dưỡng nhận thức Đảng.","Tổ chức phân công nhiệm vụ cụ thể cho các cơ quan, đơn vị liên quan; theo dõi, đôn đốc tiến độ và báo cáo Thường trực, Ban Thường vụ Đảng uỷ định kỳ.",Bản scan đóng dấu / Ký số,,ĐU-CV-0207-2025 CV gửi danh sách quần chúng ưu tú tham gia bồi dưỡng nhận thức Đảng.pdf,91.8
321,CÔNG VĂN,208-CV/ĐU,2025,28/11/2025,"CV tăng cường quản lí, sử dụng đất",Công tác Đảng & Quản lý điều hành,"Lãnh đạo, chỉ đạo và triển khai các nhiệm vụ chính trị trọng tâm theo CV tăng cường quản lí, sử dụng đất.","Tổ chức phân công nhiệm vụ cụ thể cho các cơ quan, đơn vị liên quan; theo dõi, đôn đốc tiến độ và báo cáo Thường trực, Ban Thường vụ Đảng uỷ định kỳ.",Bản scan đóng dấu / Ký số,,"ĐU-CV-0208-2025 CV tăng cường quản lí, sử dụng đất.signed.pdf",698.5
322,CÔNG VĂN,209-CV/ĐU,2025,28/11/2025,Cv tham mưu triển khai KH 13,Công tác Đảng & Quản lý điều hành,"Lãnh đạo, chỉ đạo và triển khai các nhiệm vụ chính trị trọng tâm theo Cv tham mưu triển khai KH 13.","Tổ chức phân công nhiệm vụ cụ thể cho các cơ quan, đơn vị liên quan; theo dõi, đôn đốc tiến độ và báo cáo Thường trực, Ban Thường vụ Đảng uỷ định kỳ.",Bản scan đóng dấu / Ký số,,ĐU-CV-0209-2025 Cv tham mưu triển khai KH 13.signed.pdf,705.8
323,CÔNG VĂN,210-CV/ĐU,2025,01/12/2025,CV triển khai thực hiện quy định 383-QĐ,Công tác Đảng & Quản lý điều hành,"Lãnh đạo, chỉ đạo và triển khai các nhiệm vụ chính trị trọng tâm theo CV triển khai thực hiện quy định 383-QĐ.","Tổ chức phân công nhiệm vụ cụ thể cho các cơ quan, đơn vị liên quan; theo dõi, đôn đốc tiến độ và báo cáo Thường trực, Ban Thường vụ Đảng uỷ định kỳ.",Bản scan đóng dấu / Ký số,,ĐU-CV-0210-2025 CV triển khai thực hiện quy định 383-QĐ.signed.pdf,713.1
324,CÔNG VĂN,211-CV/ĐU,2025,01/12/2025,CV triển khai kế hoạch 14-KH,Công tác Đảng & Quản lý điều hành,"Lãnh đạo, chỉ đạo và triển khai các nhiệm vụ chính trị trọng tâm theo CV triển khai kế hoạch 14-KH.","Tổ chức phân công nhiệm vụ cụ thể cho các cơ quan, đơn vị liên quan; theo dõi, đôn đốc tiến độ và báo cáo Thường trực, Ban Thường vụ Đảng uỷ định kỳ.",Bản scan đóng dấu / Ký số,,ĐU-CV-0211-2025 CV triển khai kế hoạch 14-KH.signed.pdf,704.9
325,CÔNG VĂN,212-CV/ĐU,2025,ngày 02/12/2025,HỌP TTĐU. TUẦN 22 - 02.12.2025,Kiểm tra - Giám sát Đảng,"Giữ vững kỷ cương, kỷ luật Đảng, phòng ngừa vi phạm và chủ động phát hiện dấu hiệu vi phạm ngay từ cơ sở chi bộ thôn/trường học.",Thực hiện Chương trình công tác của Thường trực Đảng ủy tuần thứ22/2025; | kính mời các đồng chí dựhọp Thường trực Đảng ủy nghe Đảng uỷUBND xã báo | cáo kết quảgiải quyết một sốnội dung liên quan công tác giải quyết đơn thư của,Văn bản số (Digital Text đầy đủ),,ĐU-CV-0212-2025 HỌP TTĐU. TUẦN 22 - 02.12.2025.signed.signed.pdf,1195.9
326,CÔNG VĂN,213-CV/ĐU,2025,03/12/2025,Báo cáo kết quả giải quyết khó khăn vận hành mô hình chính quyền 2 cấp,Công tác Đảng & Quản lý điều hành,"Lãnh đạo, chỉ đạo và triển khai các nhiệm vụ chính trị trọng tâm theo Báo cáo kết quả giải quyết khó khăn vận hành mô hình chính quyền 2 cấp.","Tổ chức phân công nhiệm vụ cụ thể cho các cơ quan, đơn vị liên quan; theo dõi, đôn đốc tiến độ và báo cáo Thường trực, Ban Thường vụ Đảng uỷ định kỳ.",Bản scan đóng dấu / Ký số,,ĐU-CV-0213-2025 Báo cáo kết quả giải quyết khó khăn vận hành mô hình chính quyền 2 cấp.signed.pdf,707.8
327,CÔNG VĂN,215-CV/ĐU,2025,ngày 04/12/2025,CV moi hop BTV 04.12.2025,Công tác Tổ chức - Đảng viên,"Củng cố tổ chức cơ sở đảng, nâng cao năng lực lãnh đạo, chất lượng sinh hoạt chi bộ và hoàn thành chỉ tiêu phát triển đảng viên mới.","Kính mời các đồng chí dựhọp Ban Thường vụĐảng ủy cho ý kiến một số | nội dung liên quan công tác cán bộ, đảng viên. | - Đồng chí Vũ Thị Thuỳ Trang - Bí thư Đảng uỷ, Chủ tịch HĐND xã (chủ trì);",Văn bản số (Digital Text đầy đủ),,ĐU-CV-0215-2025 CV moi hop BTV 04.12.2025.signed.signed.pdf,1194.3
328,CÔNG VĂN,216-CV/ĐU,2025,03/12/2025,Công văn tham mưu triển khai Chương trình hành động số 07,Công tác Đảng & Quản lý điều hành,"Lãnh đạo, chỉ đạo và triển khai các nhiệm vụ chính trị trọng tâm theo Công văn tham mưu triển khai Chương trình hành động số 07.","Tổ chức phân công nhiệm vụ cụ thể cho các cơ quan, đơn vị liên quan; theo dõi, đôn đốc tiến độ và báo cáo Thường trực, Ban Thường vụ Đảng uỷ định kỳ.",Bản scan đóng dấu / Ký số,,ĐU-CV-0216-2025 Công văn tham mưu triển khai Chương trình hành động số 07.signed.pdf,706.0
329,CÔNG VĂN,217-CV/ĐU,2025,ngày 8/10/2025,CV về việc xác nhận chức danh đã được phê duyệt quy hoạch,Kiểm tra - Giám sát Đảng,"Giữ vững kỷ cương, kỷ luật Đảng, phòng ngừa vi phạm và chủ động phát hiện dấu hiệu vi phạm ngay từ cơ sở chi bộ thôn/trường học.","Căn cứ Điều lệ Đảng và Quy định thi hành Điều lệ Đảng; | Căn cứQuy định số377-QĐ/TW ngày 8/10/2025 của BộChính trịvềphân | cấp quản lý cán bộvà quy hoạch, bổnhiệm, giới thiệu ứng cử, tạm đình chỉcông",Văn bản số (Digital Text đầy đủ),,ĐU-CV-0217-2025 CV về việc xác nhận chức danh đã được phê duyệt quy hoạch.signed.signed.pdf,977.6
330,CÔNG VĂN,218-CV/ĐU,2025,08/12/2025,Công văn góp ý dự thảo Quyết định ban hành danh mục tài liệu nộp vào lưu trữ lịch sử tỉnh,Công tác Đảng & Quản lý điều hành,"Lãnh đạo, chỉ đạo và triển khai các nhiệm vụ chính trị trọng tâm theo Công văn góp ý dự thảo Quyết định ban hành danh mục tài liệu nộp vào lưu trữ lịch sử tỉnh.","Tổ chức phân công nhiệm vụ cụ thể cho các cơ quan, đơn vị liên quan; theo dõi, đôn đốc tiến độ và báo cáo Thường trực, Ban Thường vụ Đảng uỷ định kỳ.",Bản scan đóng dấu / Ký số,,ĐU-CV-0218-2025 Công văn góp ý dự thảo Quyết định ban hành danh mục tài liệu nộp vào lưu trữ lịch sử tỉnh.signed.pdf,700.0
331,CÔNG VĂN,219-CV/ĐU,2025,ngày 09/12/2025,Mời họp BCH - LẦN THỨ 3 - BẦU UV UBKT NK2025 - 2030 (09.12.2025),Kiểm tra - Giám sát Đảng,"Giữ vững kỷ cương, kỷ luật Đảng, phòng ngừa vi phạm và chủ động phát hiện dấu hiệu vi phạm ngay từ cơ sở chi bộ thôn/trường học.","Ban Thường vụĐảng uỷtổchức Hội nghịBan Chấp hành Đảng bộxã thực hiện | bầu bổ sung Uỷ viên Uỷ ban kiểm tra Đảng uỷ xã Công Hải, nhiệm kỳ 2025 – 2030. | - Đồng chí Vũ Thị Thuỳ Trang - Bí thư Đảng uỷ, Chủ tịch HĐND xã;",Văn bản số (Digital Text đầy đủ),,ĐU-CV-0219-2025 Mời họp BCH - LẦN THỨ 3 - BẦU UV UBKT NK2025 - 2030 (09.12.2025).signed.signed.pdf,1192.1
332,CÔNG VĂN,220-CV/ĐU,2025,ngày 07/12/2025,"CV gửi đề xuất kiểm điểm, đánh giá, xếp loại tập thể, cá nhân năm 2025 diện Ban Thường vụ Tỉnh ủy quản lý",Công tác Đảng & Quản lý điều hành,"Lãnh đạo, chỉ đạo và triển khai các nhiệm vụ chính trị trọng tâm theo CV gửi đề xuất kiểm điểm, đánh giá, xếp loại tập thể, cá nhân năm 2025 diện Ban Thường vụ Tỉnh ủy quản lý.","đánh giá, xếp loại tập thể, cá nhân năm 2025 | Thực hiện Công văn số 421-CV/BTCTU ngày 07/12/2025 của Ban Tổ chức | Tỉnh uỷ về việc kiểm điểm, đánh giá, xếp loại tập thể, cá nhân năm 2025 diện Ban",Văn bản số (Digital Text đầy đủ),,"ĐU-CV-0220-2025 CV gửi đề xuất kiểm điểm, đánh giá, xếp loại tập thể, cá nhân năm 2025 diện Ban Thường vụ Tỉnh ủy quản lý.signed.signed.pdf",1018.1
333,CÔNG VĂN,221-CV/ĐU,2025,Năm 2025,Mời dự tập huấn KPI,Công tác Đảng & Quản lý điều hành,"Lãnh đạo, chỉ đạo và triển khai các nhiệm vụ chính trị trọng tâm theo Mời dự tập huấn KPI.","Tổ chức phân công nhiệm vụ cụ thể cho các cơ quan, đơn vị liên quan; theo dõi, đôn đốc tiến độ và báo cáo Thường trực, Ban Thường vụ Đảng uỷ định kỳ.",Bản scan đóng dấu / Ký số,,ĐU-CV-0221-2025 Mời dự tập huấn KPI.signed.pdf,148.4
334,CÔNG VĂN,222-CV/ĐU,2025,Năm 2025,Mời dự làm việc với Ban Tổ chức tỉnh ủy,Công tác Đảng & Quản lý điều hành,"Lãnh đạo, chỉ đạo và triển khai các nhiệm vụ chính trị trọng tâm theo Mời dự làm việc với Ban Tổ chức tỉnh ủy.","Tổ chức phân công nhiệm vụ cụ thể cho các cơ quan, đơn vị liên quan; theo dõi, đôn đốc tiến độ và báo cáo Thường trực, Ban Thường vụ Đảng uỷ định kỳ.",Bản scan đóng dấu / Ký số,,ĐU-CV-0222-2025 Mời dự làm việc với Ban Tổ chức tỉnh ủy.signed.pdf,141.1
335,CÔNG VĂN,223-CV/ĐU,2025,ngày 09/12/2025,CV MỜI HN TỔNG KẾT CÔNG TÁC PCTNTC - ĐH XIII,Kiểm tra - Giám sát Đảng,"Giữ vững kỷ cương, kỷ luật Đảng, phòng ngừa vi phạm và chủ động phát hiện dấu hiệu vi phạm ngay từ cơ sở chi bộ thôn/trường học.","- Các cơ quan tham mưu, giúp việc Đảng uỷ, | - Uỷ ban MTTQVN và các tổ chức chính trị - xã hội xã, | Tiếp nhận Công văn số233-CV/BNCTU ngày 09/12/2025 của Ban Nội chính",Văn bản số (Digital Text đầy đủ),,ĐU-CV-0223-2025 CV MỜI HN TỔNG KẾT CÔNG TÁC PCTNTC - ĐH XIII.signed.signed.pdf,1205.4
336,CÔNG VĂN,224-CV/ĐU,2025,10/12/2025,CV thống kê đề xuất kinh phí dầu tư trang thiết bị chuyển đổi số,Chuyển đổi số & CCHC,"Đẩy mạnh ứng dụng công nghệ thông tin, bảo đảm an toàn thông tin mạng và số hóa toàn diện quy trình xử lý công việc trong hệ thống chính trị xã.","Triển khai xử lý hồ sơ trên hệ thống E-Office, đưa ứng dụng Sổ tay đảng viên điện tử vào sinh hoạt chi bộ, đẩy mạnh dịch vụ công trực tuyến và chỉ đạo Đề án 06.",Bản scan đóng dấu / Ký số,,ĐU-CV-0224-2025 CV thống kê đề xuất kinh phí dầu tư trang thiết bị chuyển đổi số.signed.pdf,809.7
337,CÔNG VĂN,225-CV/ĐU,2025,ngày 27/11/2025,CV MỜI HỌP BTV KIỂM ĐIỂM CUỐI NĂM (13.12.2025),Bầu cử Quốc hội & HĐND,"Bảo đảm tổ chức thành công cuộc bầu cử ĐBQH khoá XVI và đại biểu HĐND các cấp nhiệm kỳ 2026-2031 dân chủ, đúng luật, an toàn.","Thực hiện Quy định số144-QĐ/TU ngày 27/11/2025 của Ban Thường vụTỉnh | ủy vềviệc kiểm điểm, đánh giá, xếp loại chất lượng đối với tập thể, cá nhân trong | hệthống chính trịtỉnh Khánh Hòa. Ban Thường vụĐảng ủy tổchức họp kiểm điểm",Văn bản số (Digital Text đầy đủ),,ĐU-CV-0225-2025 CV MỜI HỌP BTV KIỂM ĐIỂM CUỐI NĂM (13.12.2025).signed.signed.pdf,1196.0
338,CÔNG VĂN,226-CV/ĐU,2025,ngày 13/12/2025,CV MỜI HỌP BTV 13.12.2025 (ĐÁNH GIÁ CUỐI NĂM),Kinh tế - Ngân sách,"1 (từ08 giờ00” - 09 giờ30”): Nghe Đảng uỷUBND xã, Văn","Kính mời các đồng chí dựhọp Ban Thường vụĐảng ủy cho ý kiến các nội | dung theo Chương trình công tác (Đính kèm chương trình, nội dung và thành | 1. Thời gian: 01 buổi, bắt đầu lúc 08 giờ 00”, ngày 13/12/2025 (sáng thứ bảy).",Văn bản số (Digital Text đầy đủ),,ĐU-CV-0226-2025 CV MỜI HỌP BTV 13.12.2025 (ĐÁNH GIÁ CUỐI NĂM).signed.signed.pdf,1225.1
339,CÔNG VĂN,227-CV/ĐU,2025,12/12/2025,CV triển khai thực hiện KH 19-TU,Công tác Đảng & Quản lý điều hành,"Lãnh đạo, chỉ đạo và triển khai các nhiệm vụ chính trị trọng tâm theo CV triển khai thực hiện KH 19-TU.","Tổ chức phân công nhiệm vụ cụ thể cho các cơ quan, đơn vị liên quan; theo dõi, đôn đốc tiến độ và báo cáo Thường trực, Ban Thường vụ Đảng uỷ định kỳ.",Bản scan đóng dấu / Ký số,,ĐU-CV-0227-2025 CV triển khai thực hiện KH 19-TU.signed.pdf,703.2
340,CÔNG VĂN,228-CV/ĐU,2025,12/12/2025,Tham mưu triển khai Đề án 05,Công tác Đảng & Quản lý điều hành,"Lãnh đạo, chỉ đạo và triển khai các nhiệm vụ chính trị trọng tâm theo Tham mưu triển khai Đề án 05.","Tổ chức phân công nhiệm vụ cụ thể cho các cơ quan, đơn vị liên quan; theo dõi, đôn đốc tiến độ và báo cáo Thường trực, Ban Thường vụ Đảng uỷ định kỳ.",Bản scan đóng dấu / Ký số,,ĐU-CV-0228-2025 Tham mưu triển khai Đề án 05.signed.pdf,703.6
341,CÔNG VĂN,229-CV/ĐU,2025,12/12/2025,Tham mưu triển khai thực hiện KH 17,Công tác Đảng & Quản lý điều hành,"Lãnh đạo, chỉ đạo và triển khai các nhiệm vụ chính trị trọng tâm theo Tham mưu triển khai thực hiện KH 17.","Tổ chức phân công nhiệm vụ cụ thể cho các cơ quan, đơn vị liên quan; theo dõi, đôn đốc tiến độ và báo cáo Thường trực, Ban Thường vụ Đảng uỷ định kỳ.",Bản scan đóng dấu / Ký số,,ĐU-CV-0229-2025 Tham mưu triển khai thực hiện KH 17.signed.pdf,705.4
342,CÔNG VĂN,230-CV/ĐU,2025,ngày 17/12/2025,GM BCH-3 - 17.12.2025 (ĐÁNH GIÁ CUỐI NĂM 2025),Công tác Tổ chức - Đảng viên,"Củng cố tổ chức cơ sở đảng, nâng cao năng lực lãnh đạo, chất lượng sinh hoạt chi bộ và hoàn thành chỉ tiêu phát triển đảng viên mới.","- Lãnh đạo các phòng, ban, ngành xã; Ủy viên UBKT Đảng uỷ, | - Bí thư hoặc Phó Bí thư các tổ chức cơ sở Đảng, Chi bộ trực thuộc, | Ban Thường vụĐảng ủy tổchức Hội nghịBan Chấp hành Đảng bộxã lần thứ3",Văn bản số (Digital Text đầy đủ),,ĐU-CV-0230-2025 GM BCH-3 - 17.12.2025 (ĐÁNH GIÁ CUỐI NĂM 2025).signed.signed.pdf,1266.8
343,CÔNG VĂN,231-CV/ĐU,2025,17/12/2025,CV tham mưu triển khai thực hiện quy định 176,Công tác Đảng & Quản lý điều hành,"Lãnh đạo, chỉ đạo và triển khai các nhiệm vụ chính trị trọng tâm theo CV tham mưu triển khai thực hiện quy định 176.","Tổ chức phân công nhiệm vụ cụ thể cho các cơ quan, đơn vị liên quan; theo dõi, đôn đốc tiến độ và báo cáo Thường trực, Ban Thường vụ Đảng uỷ định kỳ.",Bản scan đóng dấu / Ký số,,ĐU-CV-0231-2025 CV tham mưu triển khai thực hiện quy định 176.signed.pdf,691.4
344,CÔNG VĂN,232-CV/ĐU,2025,17/12/2025,CV tham mưu thực hiện KH 21,Công tác Đảng & Quản lý điều hành,"Lãnh đạo, chỉ đạo và triển khai các nhiệm vụ chính trị trọng tâm theo CV tham mưu thực hiện KH 21.","Tổ chức phân công nhiệm vụ cụ thể cho các cơ quan, đơn vị liên quan; theo dõi, đôn đốc tiến độ và báo cáo Thường trực, Ban Thường vụ Đảng uỷ định kỳ.",Bản scan đóng dấu / Ký số,,ĐU-CV-0232-2025 CV tham mưu thực hiện KH 21.signed.pdf,699.9
345,CÔNG VĂN,233-CV/ĐU,2025,17/12/2025,Cv tham mưu thực hiện KH 18,Công tác Đảng & Quản lý điều hành,"Lãnh đạo, chỉ đạo và triển khai các nhiệm vụ chính trị trọng tâm theo Cv tham mưu thực hiện KH 18.","Tổ chức phân công nhiệm vụ cụ thể cho các cơ quan, đơn vị liên quan; theo dõi, đôn đốc tiến độ và báo cáo Thường trực, Ban Thường vụ Đảng uỷ định kỳ.",Bản scan đóng dấu / Ký số,,ĐU-CV-0233-2025 Cv tham mưu thực hiện KH 18.signed.pdf,696.8
346,CÔNG VĂN,234-CV/ĐU,2025,17/12/2025,"CV mời Hội nghị toàn quốc tổng kết công tác tuyên giáo, dân vận năm 2025",Tuyên giáo - Dân vận,"Định hướng tư tưởng cán bộ, đảng viên, củng cố khối đại đoàn kết toàn dân và tạo sự đồng thuận xã hội trong thực hiện các nhiệm vụ chính trị.","Tổ chức học tập, quán triệt sâu rộng các nghị quyết của Trung ương và Tỉnh uỷ; tuyên truyền các phong trào thi đua yêu nước, kỷ niệm các ngày lễ lớn và hoạt động Mặt trận, đoàn thể.",Bản scan đóng dấu / Ký số,,"ĐU-CV-0234-2025 CV mời Hội nghị toàn quốc tổng kết công tác tuyên giáo, dân vận năm 2025.signed.pdf",725.0
347,CÔNG VĂN,235-CV/ĐU,2025,ngày 19/12/2025,CV moi hop BTV 19.12.2025,Kinh tế - Ngân sách,1 (từ14 giờ00” - 15 giờ30”): Nghe Đảng uỷUBND xã báo cáo,"Kính mời các đồng chí dựhọp Ban Thường vụĐảng ủy cho ý kiến các nội | dung trình kỳhọp cuối năm HĐND xã và các nội dung thuộc thẩm quyền (Đính | 1. Thời gian: Bắt đầu lúc 14 giờ 00”, ngày 19/12/2025 (chiều thứ sáu).",Văn bản số (Digital Text đầy đủ),,ĐU-CV-0235-2025 CV moi hop BTV 19.12.2025.signed.signed.pdf,1212.2
348,CÔNG VĂN,236-CV/ĐU,2025,Năm 2025,"CV cho ý kiến tổ chức đi thăm, tặng quà dịp giáng sinh 2025",Công tác Đảng & Quản lý điều hành,"Lãnh đạo, chỉ đạo và triển khai các nhiệm vụ chính trị trọng tâm theo CV cho ý kiến tổ chức đi thăm, tặng quà dịp giáng sinh 2025.","Tổ chức phân công nhiệm vụ cụ thể cho các cơ quan, đơn vị liên quan; theo dõi, đôn đốc tiến độ và báo cáo Thường trực, Ban Thường vụ Đảng uỷ định kỳ.",Bản scan đóng dấu / Ký số,,"ĐU-CV-0236-2025 CV cho ý kiến tổ chức đi thăm, tặng quà dịp giáng sinh 2025.pdf",87.4
349,CÔNG VĂN,237-CV/ĐU,2025,22/12/2025,Tham mưu triển khai quy định số 180,Công tác Đảng & Quản lý điều hành,"Lãnh đạo, chỉ đạo và triển khai các nhiệm vụ chính trị trọng tâm theo Tham mưu triển khai quy định số 180.","Tổ chức phân công nhiệm vụ cụ thể cho các cơ quan, đơn vị liên quan; theo dõi, đôn đốc tiến độ và báo cáo Thường trực, Ban Thường vụ Đảng uỷ định kỳ.",Bản scan đóng dấu / Ký số,,ĐU-CV-0237-2025 Tham mưu triển khai quy định số 180.signed.pdf,692.8
350,CÔNG VĂN,238-CV/ĐU,2025,22/12/2025,Tham mưu triển khai quy định số 179,Công tác Đảng & Quản lý điều hành,"Lãnh đạo, chỉ đạo và triển khai các nhiệm vụ chính trị trọng tâm theo Tham mưu triển khai quy định số 179.","Tổ chức phân công nhiệm vụ cụ thể cho các cơ quan, đơn vị liên quan; theo dõi, đôn đốc tiến độ và báo cáo Thường trực, Ban Thường vụ Đảng uỷ định kỳ.",Bản scan đóng dấu / Ký số,,ĐU-CV-0238-2025 Tham mưu triển khai quy định số 179.signed.pdf,693.9
351,CÔNG VĂN,239-CV/ĐU,2025,22/12/2025,CV tham mưu đề xuất nhiệm vụ trọng tâm năm 2026,Công tác Đảng & Quản lý điều hành,"Lãnh đạo, chỉ đạo và triển khai các nhiệm vụ chính trị trọng tâm theo CV tham mưu đề xuất nhiệm vụ trọng tâm năm 2026.","Tổ chức phân công nhiệm vụ cụ thể cho các cơ quan, đơn vị liên quan; theo dõi, đôn đốc tiến độ và báo cáo Thường trực, Ban Thường vụ Đảng uỷ định kỳ.",Bản scan đóng dấu / Ký số,,ĐU-CV-0239-2025 CV tham mưu đề xuất nhiệm vụ trọng tâm năm 2026.signed.pdf,744.4
352,CÔNG VĂN,240-CV/ĐU,2025,22/12/2025,CV về việc tổ chức các hoạt động kỷ niệm 80 năm ngày Lưu trữ Việt Nam,Công tác Đảng & Quản lý điều hành,"Lãnh đạo, chỉ đạo và triển khai các nhiệm vụ chính trị trọng tâm theo CV về việc tổ chức các hoạt động kỷ niệm 80 năm ngày Lưu trữ Việt Nam.","Tổ chức phân công nhiệm vụ cụ thể cho các cơ quan, đơn vị liên quan; theo dõi, đôn đốc tiến độ và báo cáo Thường trực, Ban Thường vụ Đảng uỷ định kỳ.",Bản scan đóng dấu / Ký số,,ĐU-CV-0240-2025 CV về việc tổ chức các hoạt động kỷ niệm 80 năm ngày Lưu trữ Việt Nam.signed.pdf,733.0
353,CÔNG VĂN,241-CV/ĐU,2025,22/12/2025,CV tuyên truyền Đại hội XIV của Đảng,Tuyên giáo - Dân vận,"Định hướng tư tưởng cán bộ, đảng viên, củng cố khối đại đoàn kết toàn dân và tạo sự đồng thuận xã hội trong thực hiện các nhiệm vụ chính trị.","Tổ chức học tập, quán triệt sâu rộng các nghị quyết của Trung ương và Tỉnh uỷ; tuyên truyền các phong trào thi đua yêu nước, kỷ niệm các ngày lễ lớn và hoạt động Mặt trận, đoàn thể.",Bản scan đóng dấu / Ký số,,ĐU-CV-0241-2025 CV tuyên truyền Đại hội XIV của Đảng.signed.pdf,908.2
354,CÔNG VĂN,242-CV/ĐU,2025,22/12/2025,CV tham mưu chỉ thị 03-TU,Tuyên giáo - Dân vận,"Định hướng tư tưởng cán bộ, đảng viên, củng cố khối đại đoàn kết toàn dân và tạo sự đồng thuận xã hội trong thực hiện các nhiệm vụ chính trị.","Tổ chức học tập, quán triệt sâu rộng các nghị quyết của Trung ương và Tỉnh uỷ; tuyên truyền các phong trào thi đua yêu nước, kỷ niệm các ngày lễ lớn và hoạt động Mặt trận, đoàn thể.",Bản scan đóng dấu / Ký số,,ĐU-CV-0242-2025 CV tham mưu chỉ thị 03-TU.signed.pdf,703.5
355,CÔNG VĂN,243-CV/ĐU,2025,22/12/2025,CV tham mưu quy định 178 Tu,Công tác Đảng & Quản lý điều hành,"Lãnh đạo, chỉ đạo và triển khai các nhiệm vụ chính trị trọng tâm theo CV tham mưu quy định 178 Tu.","Tổ chức phân công nhiệm vụ cụ thể cho các cơ quan, đơn vị liên quan; theo dõi, đôn đốc tiến độ và báo cáo Thường trực, Ban Thường vụ Đảng uỷ định kỳ.",Bản scan đóng dấu / Ký số,,ĐU-CV-0243-2025 CV tham mưu quy định 178 Tu.signed.pdf,689.4
356,CÔNG VĂN,244-CV/ĐU,2025,23/12/2025,"Cv đổi mới, nâng cao chất lượng hiệu quả bản tin sinh hoạt chi bộ",Công tác Tổ chức - Đảng viên,"Củng cố tổ chức cơ sở đảng, nâng cao năng lực lãnh đạo, chất lượng sinh hoạt chi bộ và hoàn thành chỉ tiêu phát triển đảng viên mới.","Rà soát nguồn bồi dưỡng quần chúng ưu tú, chuẩn hóa thủ tục thẩm tra lý lịch kết nạp đảng; thực hiện quy trình bổ nhiệm, điều động, xếp loại cán bộ công chức theo đúng phân cấp.",Bản scan đóng dấu / Ký số,,"ĐU-CV-0244-2025 Cv đổi mới, nâng cao chất lượng hiệu quả bản tin sinh hoạt chi bộ.signed.pdf",901.1
357,CÔNG VĂN,245-CV/ĐU,2025,24/12/2025,Công văn mời họp Ban Thường vụ,Công tác Đảng & Quản lý điều hành,"Lãnh đạo, chỉ đạo và triển khai các nhiệm vụ chính trị trọng tâm theo Công văn mời họp Ban Thường vụ.","Tổ chức phân công nhiệm vụ cụ thể cho các cơ quan, đơn vị liên quan; theo dõi, đôn đốc tiến độ và báo cáo Thường trực, Ban Thường vụ Đảng uỷ định kỳ.",Bản scan đóng dấu / Ký số,,ĐU-CV-0245-2025Công văn mời họp Ban Thường vụ.signed.pdf,651.5
358,CÔNG VĂN,246-CV/ĐU,2025,24/12/2025,CV mời dự hội nghị tổng kết BCĐ 57,Công tác Đảng & Quản lý điều hành,"Lãnh đạo, chỉ đạo và triển khai các nhiệm vụ chính trị trọng tâm theo CV mời dự hội nghị tổng kết BCĐ 57.","Tổ chức phân công nhiệm vụ cụ thể cho các cơ quan, đơn vị liên quan; theo dõi, đôn đốc tiến độ và báo cáo Thường trực, Ban Thường vụ Đảng uỷ định kỳ.",Bản scan đóng dấu / Ký số,,ĐU-CV-0246-2025CV mời dự hội nghị tổng kết BCĐ 57.signed.pdf,714.1
359,CÔNG VĂN,247-CV/ĐU,2025,24/12/2025,Công văn tham mưu thực hiện đề án 06,Chuyển đổi số & CCHC,"Đẩy mạnh ứng dụng công nghệ thông tin, bảo đảm an toàn thông tin mạng và số hóa toàn diện quy trình xử lý công việc trong hệ thống chính trị xã.","Triển khai xử lý hồ sơ trên hệ thống E-Office, đưa ứng dụng Sổ tay đảng viên điện tử vào sinh hoạt chi bộ, đẩy mạnh dịch vụ công trực tuyến và chỉ đạo Đề án 06.",Bản scan đóng dấu / Ký số,,ĐU-CV-0247-2025Công văn tham mưu thực hiện đề án 06.signed.pdf,704.9
360,CÔNG VĂN,248-CV/ĐU,2025,25/12/2025,CV đề nghị báo cáo kết quả giải quyết khó khăn,Công tác Đảng & Quản lý điều hành,"Lãnh đạo, chỉ đạo và triển khai các nhiệm vụ chính trị trọng tâm theo CV đề nghị báo cáo kết quả giải quyết khó khăn.","Tổ chức phân công nhiệm vụ cụ thể cho các cơ quan, đơn vị liên quan; theo dõi, đôn đốc tiến độ và báo cáo Thường trực, Ban Thường vụ Đảng uỷ định kỳ.",Bản scan đóng dấu / Ký số,,ĐU-CV-0248-2025 CV đề nghị báo cáo kết quả giải quyết khó khăn.signed.pdf,711.9
361,CÔNG VĂN,249-CV/ĐU,2025,25/12/2025,CV tổng kết công tác năm 2025,Công tác Đảng & Quản lý điều hành,"Lãnh đạo, chỉ đạo và triển khai các nhiệm vụ chính trị trọng tâm theo CV tổng kết công tác năm 2025.","Tổ chức phân công nhiệm vụ cụ thể cho các cơ quan, đơn vị liên quan; theo dõi, đôn đốc tiến độ và báo cáo Thường trực, Ban Thường vụ Đảng uỷ định kỳ.",Bản scan đóng dấu / Ký số,,ĐU-CV-0249-2025 CV tổng kết công tác năm 2025.signed.pdf,732.7
362,CÔNG VĂN,250-CV/ĐU,2025,Năm 2025,"Công văn tham mưu xây dựng đề án đổi mới, nâng cao chất lượng hiệu quả hoạt động của xã Công Hải",Công tác Đảng & Quản lý điều hành,"Lãnh đạo, chỉ đạo và triển khai các nhiệm vụ chính trị trọng tâm theo Công văn tham mưu xây dựng đề án đổi mới, nâng cao chất lượng hiệu quả hoạt động của xã Công Hải.","Tổ chức phân công nhiệm vụ cụ thể cho các cơ quan, đơn vị liên quan; theo dõi, đôn đốc tiến độ và báo cáo Thường trực, Ban Thường vụ Đảng uỷ định kỳ.",Bản scan đóng dấu / Ký số,,"ĐU-CV-0250-2025 Công văn tham mưu xây dựng đề án đổi mới, nâng cao chất lượng hiệu quả hoạt động của xã Công Hải.pdf",88.5
363,CÔNG VĂN,252-CV/ĐU,2025,29/12/2025,Mời dự hội nghị tổng kết công tác năm 2025 của BCĐ phát triển khoa học,Chuyển đổi số & CCHC,"Đẩy mạnh ứng dụng công nghệ thông tin, bảo đảm an toàn thông tin mạng và số hóa toàn diện quy trình xử lý công việc trong hệ thống chính trị xã.","Triển khai xử lý hồ sơ trên hệ thống E-Office, đưa ứng dụng Sổ tay đảng viên điện tử vào sinh hoạt chi bộ, đẩy mạnh dịch vụ công trực tuyến và chỉ đạo Đề án 06.",Bản scan đóng dấu / Ký số,,ĐU-CV-0252-2025 Mời dự hội nghị tổng kết công tác năm 2025 của BCĐ phát triển khoa học.signed.pdf,710.9
364,CÔNG VĂN,253-CV/ĐU,2025,ngày 31/12/2025,GM BCH-4 TỔNG KẾT NĂM 2025 - 31.12.2025,Công tác Tổ chức - Đảng viên,"Củng cố tổ chức cơ sở đảng, nâng cao năng lực lãnh đạo, chất lượng sinh hoạt chi bộ và hoàn thành chỉ tiêu phát triển đảng viên mới.","- Lãnh đạo các phòng, ban, ngành xã; Ủy viên UBKT Đảng uỷ, | - Bí thư hoặc Phó Bí thư các tổ chức cơ sở Đảng, Chi bộ trực thuộc, | Ban Thường vụĐảng ủy tổchức Hội nghịtổng kết công tác xây dựng Đảng và",Văn bản số (Digital Text đầy đủ),,ĐU-CV-0253-2025 GM BCH-4 TỔNG KẾT NĂM 2025 - 31.12.2025.signed.signed.signed.pdf,1788.4
365,CÔNG VĂN,254-CV/ĐU,2025,29/12/2025,Mời dự lễ ký kết hoạt động kết nghĩa,Công tác Đảng & Quản lý điều hành,"Lãnh đạo, chỉ đạo và triển khai các nhiệm vụ chính trị trọng tâm theo Mời dự lễ ký kết hoạt động kết nghĩa.","Tổ chức phân công nhiệm vụ cụ thể cho các cơ quan, đơn vị liên quan; theo dõi, đôn đốc tiến độ và báo cáo Thường trực, Ban Thường vụ Đảng uỷ định kỳ.",Bản scan đóng dấu / Ký số,,ĐU-CV-0254-2025 Mời dự lễ ký kết hoạt động kết nghĩa.signed.pdf,1332.9
366,CÔNG VĂN,255-CV/ĐU,2025,30/12/2025,"Công văn góp ý báo cáo năm 2025 và đề xuất các nội dung kiểm tra, giám sát",Kiểm tra - Giám sát Đảng,"Giữ vững kỷ cương, kỷ luật Đảng, phòng ngừa vi phạm và chủ động phát hiện dấu hiệu vi phạm ngay từ cơ sở chi bộ thôn/trường học.","Ban hành và tổ chức thực hiện kế hoạch kiểm tra, giám sát chuyên đề; giám sát thường xuyên người đứng đầu và đảng viên; giải quyết kịp thời đơn thư khiếu nại, tố cáo.",Bản scan đóng dấu / Ký số,,"ĐU-CV-0255-2025Công văn góp ý báo cáo năm 2025 và đề xuất các nội dung kiểm tra, giám sát.signed.pdf",666.2
367,CÔNG VĂN,256-CV/ĐU,2025,30/12/2025,CV tham mưu KH 23,Công tác Đảng & Quản lý điều hành,"Lãnh đạo, chỉ đạo và triển khai các nhiệm vụ chính trị trọng tâm theo CV tham mưu KH 23.","Tổ chức phân công nhiệm vụ cụ thể cho các cơ quan, đơn vị liên quan; theo dõi, đôn đốc tiến độ và báo cáo Thường trực, Ban Thường vụ Đảng uỷ định kỳ.",Bản scan đóng dấu / Ký số,,ĐU-CV-0256-2025 CV tham mưu KH 23.signed.pdf,700.1
368,CÔNG VĂN,257-CV/ĐU,2025,30/12/2025,CV triển khai TB 10,Công tác Đảng & Quản lý điều hành,"Lãnh đạo, chỉ đạo và triển khai các nhiệm vụ chính trị trọng tâm theo CV triển khai TB 10.","Tổ chức phân công nhiệm vụ cụ thể cho các cơ quan, đơn vị liên quan; theo dõi, đôn đốc tiến độ và báo cáo Thường trực, Ban Thường vụ Đảng uỷ định kỳ.",Bản scan đóng dấu / Ký số,,ĐU-CV-0257-2025 CV triển khai TB 10.signed.pdf,705.1
369,CÔNG VĂN,258-CV/ĐU,2025,ngày 30/12/2025,"báo cáo tại cuộc họp. Đề nghị các đồng chí dự họp đầy đủ, đúng thành phần, thời gian./. Nơi nhận: - Như thành phần, - Thường trực Đảng uỷ, - HĐND, UBND xã,",Bầu cử Quốc hội & HĐND,"Bảo đảm tổ chức thành công cuộc bầu cử ĐBQH khoá XVI và đại biểu HĐND các cấp nhiệm kỳ 2026-2031 dân chủ, đúng luật, an toàn.","Kính mời các đồng chí dựhọp Ban Thường vụĐảng ủy cho ý kiến các | - Đồng chí Vũ Thị Thuỳ Trang - Bí thư Đảng uỷ, Chủ tịch HĐND xã (chủ trì); | - Các đồng chí Uỷ viên Ban Thường vụ Đảng uỷ,",Văn bản số (Digital Text đầy đủ),,ĐU-CV-0258-2025 CV moi hop BTV 30.12.2025.signed.signed.pdf,1194.1
370,CÔNG VĂN,260-CV/ĐU,2025,30/12/2025,CV triển khai kết luận 226-KL,Công tác Đảng & Quản lý điều hành,"Lãnh đạo, chỉ đạo và triển khai các nhiệm vụ chính trị trọng tâm theo CV triển khai kết luận 226-KL.","Tổ chức phân công nhiệm vụ cụ thể cho các cơ quan, đơn vị liên quan; theo dõi, đôn đốc tiến độ và báo cáo Thường trực, Ban Thường vụ Đảng uỷ định kỳ.",Bản scan đóng dấu / Ký số,,ĐU-CV-0260-2025 CV triển khai kết luận 226-KL.signed.pdf,686.6
371,CÔNG VĂN,262-CV/ĐU,2025,31/12/2025,"Cv cho ý kiến đầu tư, xây dựng",Kinh tế - Ngân sách,"Chỉ đạo phát triển kinh tế địa phương, duy trì tốc độ tăng trưởng hai con số, đẩy mạnh thu ngân sách và huy động vốn đầu tư toàn xã hội.","Giao UBND xã và các bộ phận chuyên môn xây dựng kịch bản tăng trưởng, tháo gỡ khó khăn cho sản xuất kinh doanh, giải ngân đầu tư công và thu ngân sách đạt chỉ tiêu tỉnh giao.",Bản scan đóng dấu / Ký số,,"ĐU-CV-0262-2025 Cv cho ý kiến đầu tư, xây dựng.signed.pdf",692.4
372,CÔNG VĂN,263-CV/ĐU,2025,ngày 04/01/2026,"báo cáo Thường trực Đảng ủy những vấn đềphát sinh, nổi cộm đểlãnh đạo, chỉ đạo xử lý. 3. Các đồng chí Ủy viên Ban Thường vụĐảng ủy, Đảng ủy viên theo địa bàn, lĩnh vực được phân công phụtrách, tăng cường công tác nắm tình hình ởcơ sở; kịp thời báo cáo, đềxuất Thường trực Đảng ủy lãnh đạo, chỉđạo đối với các vấn đề phát sinh (nếu có).",Công tác Tổ chức - Đảng viên,"Đảng UBND xã, Thủtrưởng các cơ quan, đơn vị, Bí thư các tổchức","an ninh chính trị, trật tự an toàn xã hội | Đểđảm bảo tình hình an ninh chính trị, trật tựan toàn xã hội trên địa bàn xã | dịp nghỉTết Dương lịch 2026. Thường trực Đảng ủy yêu cầu Đảng uỷUBND xã;",Văn bản số (Digital Text đầy đủ),,ĐU-CV-0263-2025CV ve dam bao ANTT Tet Duong lich 2026.signed.signed.pdf,996.3
373,CÔNG VĂN,264-CV/ĐU,2025,05/01/2026,CV triển khai KH 602,Công tác Đảng & Quản lý điều hành,"Lãnh đạo, chỉ đạo và triển khai các nhiệm vụ chính trị trọng tâm theo CV triển khai KH 602.","Tổ chức phân công nhiệm vụ cụ thể cho các cơ quan, đơn vị liên quan; theo dõi, đôn đốc tiến độ và báo cáo Thường trực, Ban Thường vụ Đảng uỷ định kỳ.",Bản scan đóng dấu / Ký số,,ĐU-CV-0264-2025 CV triển khai KH 602.signed.pdf,699.0
374,CÔNG VĂN,226-KL/TW,2026,ngày 11/12/2025,ĐU-CV-0264a-2026 CV triển khai KL 226 TW (chấn chỉnh lề lối làm việc),Công tác Tổ chức - Đảng viên,"Củng cố tổ chức cơ sở đảng, nâng cao năng lực lãnh đạo, chất lượng sinh hoạt chi bộ và hoàn thành chỉ tiêu phát triển đảng viên mới.","- Các cơ quan tham mưu, giúp việc Đảng uỷ, | Thực hiện Kết luận số226-KL/TW, ngày 11/12/2025 của Ban Bí thư vềviệc | chấn chỉnh lềlối làm việc, nâng cao hiệu quảhoạt động của hệthống chính trị, Ban",Văn bản số (Digital Text đầy đủ),,ĐU-CV-0264a-2026 CV triển khai KL 226 TW (chấn chỉnh lề lối làm việc).signed.signed.pdf,644.9
375,CÔNG VĂN,265-CV/ĐU,2025,05/01/2026,CV tham mưu KH 26,Công tác Đảng & Quản lý điều hành,"Lãnh đạo, chỉ đạo và triển khai các nhiệm vụ chính trị trọng tâm theo CV tham mưu KH 26.","Tổ chức phân công nhiệm vụ cụ thể cho các cơ quan, đơn vị liên quan; theo dõi, đôn đốc tiến độ và báo cáo Thường trực, Ban Thường vụ Đảng uỷ định kỳ.",Bản scan đóng dấu / Ký số,,ĐU-CV-0265-2025CV tham mưu KH 26.signed.pdf,697.8
376,CÔNG VĂN,266-CV/ĐU,2025,05/01/2026,Cv tham mưu triển khai thực hiện cv 475-CV.TU,Công tác Đảng & Quản lý điều hành,"Lãnh đạo, chỉ đạo và triển khai các nhiệm vụ chính trị trọng tâm theo Cv tham mưu triển khai thực hiện cv 475-CV.TU.","Tổ chức phân công nhiệm vụ cụ thể cho các cơ quan, đơn vị liên quan; theo dõi, đôn đốc tiến độ và báo cáo Thường trực, Ban Thường vụ Đảng uỷ định kỳ.",Bản scan đóng dấu / Ký số,,ĐU-CV-0266-2025Cv tham mưu triển khai thực hiện cv 475-CV.TU.signed.pdf,689.2
377,CÔNG VĂN,267-CV/ĐU,2025,05/01/2026,"Cv báo cáo danh sách cán bộ, đảng viên.",Công tác Tổ chức - Đảng viên,"Củng cố tổ chức cơ sở đảng, nâng cao năng lực lãnh đạo, chất lượng sinh hoạt chi bộ và hoàn thành chỉ tiêu phát triển đảng viên mới.","Rà soát nguồn bồi dưỡng quần chúng ưu tú, chuẩn hóa thủ tục thẩm tra lý lịch kết nạp đảng; thực hiện quy trình bổ nhiệm, điều động, xếp loại cán bộ công chức theo đúng phân cấp.",Bản scan đóng dấu / Ký số,,"ĐU-CV-0267-2025 Cv báo cáo danh sách cán bộ, đảng viên..signed.pdf",1051.4
378,CÔNG VĂN,268-CV/ĐU,2025,05/01/2026,"Cv chỉ đạo rà soát,đề nghị miễn nhiệm các ngạch Thanh tra viên",Công tác Đảng & Quản lý điều hành,"Lãnh đạo, chỉ đạo và triển khai các nhiệm vụ chính trị trọng tâm theo Cv chỉ đạo rà soát,đề nghị miễn nhiệm các ngạch Thanh tra viên.","Tổ chức phân công nhiệm vụ cụ thể cho các cơ quan, đơn vị liên quan; theo dõi, đôn đốc tiến độ và báo cáo Thường trực, Ban Thường vụ Đảng uỷ định kỳ.",Bản scan đóng dấu / Ký số,,"ĐU-CV-0268-2025 Cv chỉ đạo rà soát,đề nghị miễn nhiệm các ngạch Thanh tra viên.signed.pdf",698.7
379,CÔNG VĂN,269-CV/ĐU,2025,07/01/2026,CV chỉ đạo triển khai thực hiện CV số 06.ĐBP,Công tác Đảng & Quản lý điều hành,"Lãnh đạo, chỉ đạo và triển khai các nhiệm vụ chính trị trọng tâm theo CV chỉ đạo triển khai thực hiện CV số 06.ĐBP.","Tổ chức phân công nhiệm vụ cụ thể cho các cơ quan, đơn vị liên quan; theo dõi, đôn đốc tiến độ và báo cáo Thường trực, Ban Thường vụ Đảng uỷ định kỳ.",Bản scan đóng dấu / Ký số,,ĐU-CV-0269-2025CV chỉ đạo triển khai thực hiện CV số 06.ĐBP.signed.pdf,710.0
380,CÔNG VĂN,270-CV/ĐU,2025,07/01/2026,CV chỉ đạo triển khai HD 340,Công tác Đảng & Quản lý điều hành,"Lãnh đạo, chỉ đạo và triển khai các nhiệm vụ chính trị trọng tâm theo CV chỉ đạo triển khai HD 340.","Tổ chức phân công nhiệm vụ cụ thể cho các cơ quan, đơn vị liên quan; theo dõi, đôn đốc tiến độ và báo cáo Thường trực, Ban Thường vụ Đảng uỷ định kỳ.",Bản scan đóng dấu / Ký số,,ĐU-CV-0270-2025 CV chỉ đạo triển khai HD 340.signed.pdf,697.5
381,CÔNG VĂN,271-CV/ĐU,2025,08/01/2026,"CV tổng kết, tôn vinh mô hình, chương trình tham gia phát triển kinh tế",Kinh tế - Ngân sách,"Chỉ đạo phát triển kinh tế địa phương, duy trì tốc độ tăng trưởng hai con số, đẩy mạnh thu ngân sách và huy động vốn đầu tư toàn xã hội.","Giao UBND xã và các bộ phận chuyên môn xây dựng kịch bản tăng trưởng, tháo gỡ khó khăn cho sản xuất kinh doanh, giải ngân đầu tư công và thu ngân sách đạt chỉ tiêu tỉnh giao.",Bản scan đóng dấu / Ký số,,"ĐU-CV-0271-2025 CV tổng kết, tôn vinh mô hình, chương trình tham gia phát triển kinh tế.signed.pdf",696.1
382,CÔNG VĂN,272-CV/ĐU,2025,08/01/2026,CV triển khai đợt cao điểm tuyên truyền Đại hội XIV của Đảng,Tuyên giáo - Dân vận,"Định hướng tư tưởng cán bộ, đảng viên, củng cố khối đại đoàn kết toàn dân và tạo sự đồng thuận xã hội trong thực hiện các nhiệm vụ chính trị.","Tổ chức học tập, quán triệt sâu rộng các nghị quyết của Trung ương và Tỉnh uỷ; tuyên truyền các phong trào thi đua yêu nước, kỷ niệm các ngày lễ lớn và hoạt động Mặt trận, đoàn thể.",Bản scan đóng dấu / Ký số,,ĐU-CV-0272-2025 CV triển khai đợt cao điểm tuyên truyền Đại hội XIV của Đảng.signed.pdf,1057.9
383,CÔNG VĂN,273-CV/ĐU,2026,09/01/2026,Công văn triển khai thực hiện Chỉ thị 04-CTTU,Tuyên giáo - Dân vận,"Định hướng tư tưởng cán bộ, đảng viên, củng cố khối đại đoàn kết toàn dân và tạo sự đồng thuận xã hội trong thực hiện các nhiệm vụ chính trị.","Tổ chức học tập, quán triệt sâu rộng các nghị quyết của Trung ương và Tỉnh uỷ; tuyên truyền các phong trào thi đua yêu nước, kỷ niệm các ngày lễ lớn và hoạt động Mặt trận, đoàn thể.",Bản scan đóng dấu / Ký số,,ĐU-CV-0273-2026 Công văn triển khai thực hiện Chỉ thị 04-CTTU.signed.pdf,801.2
384,CÔNG VĂN,274-CV/ĐU,2026,09/01/2026,CV góp ý đầu tư dự án kè chống sạt lở thôn Suối giếng,Kinh tế - Ngân sách,"Chỉ đạo phát triển kinh tế địa phương, duy trì tốc độ tăng trưởng hai con số, đẩy mạnh thu ngân sách và huy động vốn đầu tư toàn xã hội.","Giao UBND xã và các bộ phận chuyên môn xây dựng kịch bản tăng trưởng, tháo gỡ khó khăn cho sản xuất kinh doanh, giải ngân đầu tư công và thu ngân sách đạt chỉ tiêu tỉnh giao.",Bản scan đóng dấu / Ký số,,ĐU-CV-0274-2026 CV góp ý đầu tư dự án kè chống sạt lở thôn Suối giếng.pdf,693.4
385,CÔNG VĂN,275-CV/ĐU,2025,10/01/2026,CV cho ý kiến đầu tư dự án kè chóng sạt lở Thôn Suối Giếng,Kinh tế - Ngân sách,"Chỉ đạo phát triển kinh tế địa phương, duy trì tốc độ tăng trưởng hai con số, đẩy mạnh thu ngân sách và huy động vốn đầu tư toàn xã hội.","Giao UBND xã và các bộ phận chuyên môn xây dựng kịch bản tăng trưởng, tháo gỡ khó khăn cho sản xuất kinh doanh, giải ngân đầu tư công và thu ngân sách đạt chỉ tiêu tỉnh giao.",Bản scan đóng dấu / Ký số,,ĐU-CV-0275-2025 CV cho ý kiến đầu tư dự án kè chóng sạt lở Thôn Suối Giếng.signed.pdf,695.3
386,CÔNG VĂN,276-CV/ĐU,2026,10/01/2026,cv góp ý dự thảo kế hoạch chuyển đổi số các cơ quan Đảng,Chuyển đổi số & CCHC,"Đẩy mạnh ứng dụng công nghệ thông tin, bảo đảm an toàn thông tin mạng và số hóa toàn diện quy trình xử lý công việc trong hệ thống chính trị xã.","Triển khai xử lý hồ sơ trên hệ thống E-Office, đưa ứng dụng Sổ tay đảng viên điện tử vào sinh hoạt chi bộ, đẩy mạnh dịch vụ công trực tuyến và chỉ đạo Đề án 06.",Bản scan đóng dấu / Ký số,,ĐU-CV-0276-2026 cv góp ý dự thảo kế hoạch chuyển đổi số các cơ quan Đảng.signed.pdf,704.0
387,CÔNG VĂN,277-CV/ĐU,2026,12/01/2026,cv triển khai hướng dẫn sô 09-HD.BTGDV về công tác tuyên truyền quý I năm 2026,Tuyên giáo - Dân vận,"Định hướng tư tưởng cán bộ, đảng viên, củng cố khối đại đoàn kết toàn dân và tạo sự đồng thuận xã hội trong thực hiện các nhiệm vụ chính trị.","Tổ chức học tập, quán triệt sâu rộng các nghị quyết của Trung ương và Tỉnh uỷ; tuyên truyền các phong trào thi đua yêu nước, kỷ niệm các ngày lễ lớn và hoạt động Mặt trận, đoàn thể.",Bản scan đóng dấu / Ký số,,ĐU-CV-0277-2026 cv triển khai hướng dẫn sô 09-HD.BTGDV về công tác tuyên truyền quý I năm 2026.signed.pdf,1391.3
388,CÔNG VĂN,278-CV/ĐU,2026,ngày 14/01/2026,Giấy mời - Hội nghị cử tri nơi công đối với người ứng cử ĐBHĐND xã,Bầu cử Quốc hội & HĐND,"Bảo đảm tổ chức thành công cuộc bầu cử ĐBQH khoá XVI và đại biểu HĐND các cấp nhiệm kỳ 2026-2031 dân chủ, đúng luật, an toàn.","- Các cơ quan tham mưu, giúp việc Đảng uỷ. | Thực hiện Chương trình công tác, Đảng ủy - HĐND - UBND - UBMTTQVN | xã tổchức Hội nghịlấy ý kiến cửtri nơi công tác đối với người được dựkiến giới",Văn bản số (Digital Text đầy đủ),,ĐU-CV-0278-2026 Giấy mời - Hội nghị cử tri nơi công đối với người ứng cử ĐBHĐND xã.signed.signed.pdf,1207.3
389,CÔNG VĂN,279-CV/ĐU,2026,13/01/2026,"Công văn tuyên truyền kỷ niệm 85 năm ngày Bác Hồ về nước, trực tiếp lãnh đạo cách mạng VN",Tuyên giáo - Dân vận,"Định hướng tư tưởng cán bộ, đảng viên, củng cố khối đại đoàn kết toàn dân và tạo sự đồng thuận xã hội trong thực hiện các nhiệm vụ chính trị.","Tổ chức học tập, quán triệt sâu rộng các nghị quyết của Trung ương và Tỉnh uỷ; tuyên truyền các phong trào thi đua yêu nước, kỷ niệm các ngày lễ lớn và hoạt động Mặt trận, đoàn thể.",Bản scan đóng dấu / Ký số,,"ĐU-CV-0279-2026 Công văn tuyên truyền kỷ niệm 85 năm ngày Bác Hồ về nước, trực tiếp lãnh đạo cách mạng VN.signed.pdf",804.6
390,CÔNG VĂN,280-CV/ĐU,2026,13/01/2026,CV góp ý dự thảo quy chế bảo vệ bí mật nhà nước,Công tác Đảng & Quản lý điều hành,"Lãnh đạo, chỉ đạo và triển khai các nhiệm vụ chính trị trọng tâm theo CV góp ý dự thảo quy chế bảo vệ bí mật nhà nước.","Tổ chức phân công nhiệm vụ cụ thể cho các cơ quan, đơn vị liên quan; theo dõi, đôn đốc tiến độ và báo cáo Thường trực, Ban Thường vụ Đảng uỷ định kỳ.",Bản scan đóng dấu / Ký số,,ĐU-CV-0280-2026 CV góp ý dự thảo quy chế bảo vệ bí mật nhà nước.signed.pdf,688.5
391,CÔNG VĂN,281-CV/ĐU,2026,13/01/2026,Cv tham mưu triển khai chương trình hành động số 11-CTr.TU,Công tác Đảng & Quản lý điều hành,"Lãnh đạo, chỉ đạo và triển khai các nhiệm vụ chính trị trọng tâm theo Cv tham mưu triển khai chương trình hành động số 11-CTr.TU.","Tổ chức phân công nhiệm vụ cụ thể cho các cơ quan, đơn vị liên quan; theo dõi, đôn đốc tiến độ và báo cáo Thường trực, Ban Thường vụ Đảng uỷ định kỳ.",Bản scan đóng dấu / Ký số,,ĐU-CV-0281-2026 Cv tham mưu triển khai chương trình hành động số 11-CTr.TU.signed.pdf,726.6
392,CÔNG VĂN,282-CV/ĐU,2026,13/01/2026,CV phúc đáp công văn số 293-CVĐU của Đảng uỷ BCH Bộ đội Biên phòng tỉnh Khánh Hoà,Công tác Đảng & Quản lý điều hành,"Lãnh đạo, chỉ đạo và triển khai các nhiệm vụ chính trị trọng tâm theo CV phúc đáp công văn số 293-CVĐU của Đảng uỷ BCH Bộ đội Biên phòng tỉnh Khánh Hoà.","Tổ chức phân công nhiệm vụ cụ thể cho các cơ quan, đơn vị liên quan; theo dõi, đôn đốc tiến độ và báo cáo Thường trực, Ban Thường vụ Đảng uỷ định kỳ.",Bản scan đóng dấu / Ký số,,ĐU-CV-0282-2026 CV phúc đáp công văn số 293-CVĐU của Đảng uỷ BCH Bộ đội Biên phòng tỉnh Khánh Hoà.signed.pdf,764.4
393,CÔNG VĂN,283-CV/ĐU,2026,13/01/2026,"CV đăng ký danh sách tham dự tập huấn an ninh thông tin, an ninh mạng",Chuyển đổi số & CCHC,"Đẩy mạnh ứng dụng công nghệ thông tin, bảo đảm an toàn thông tin mạng và số hóa toàn diện quy trình xử lý công việc trong hệ thống chính trị xã.","Triển khai xử lý hồ sơ trên hệ thống E-Office, đưa ứng dụng Sổ tay đảng viên điện tử vào sinh hoạt chi bộ, đẩy mạnh dịch vụ công trực tuyến và chỉ đạo Đề án 06.",Bản scan đóng dấu / Ký số,,"ĐU-CV-0283-2026 CV đăng ký danh sách tham dự tập huấn an ninh thông tin, an ninh mạng.signed.pdf",753.1
394,CÔNG VĂN,284-CV/ĐU,2026,ngày 15/01/2026,MỜI DỰ HN BCH CHO Ý KIẾN THAM GIA BCH-BTV (CHỈ HUY TRƯỞNG),Công tác Tổ chức - Đảng viên,"Củng cố tổ chức cơ sở đảng, nâng cao năng lực lãnh đạo, chất lượng sinh hoạt chi bộ và hoàn thành chỉ tiêu phát triển đảng viên mới.","Ban Thường vụĐảng uỷxã tổchức Hội nghịBan Chấp hành Đảng bộxã cho ý | kiến vềviệc đềnghịchỉđịnh tham gia Ban Chấp hành, Ban Thường vụĐảng uỷxã | - Đồng chí Vũ Thị Thuỳ Trang - Bí thư Đảng uỷ, Chủ tịch HĐND xã;",Văn bản số (Digital Text đầy đủ),,ĐU-CV-0284-2026 MỜI DỰ HN BCH CHO Ý KIẾN THAM GIA BCH-BTV (CHỈ HUY TRƯỞNG).signed.signed.pdf,1192.0
395,CÔNG VĂN,285-CV/ĐU,2026,15/01/2026,Cv tham mưu triển khai thực hiện Kế hoạch số 28-KHTU về xây dựng mô hình học tập HCM,Tuyên giáo - Dân vận,"Định hướng tư tưởng cán bộ, đảng viên, củng cố khối đại đoàn kết toàn dân và tạo sự đồng thuận xã hội trong thực hiện các nhiệm vụ chính trị.","Tổ chức học tập, quán triệt sâu rộng các nghị quyết của Trung ương và Tỉnh uỷ; tuyên truyền các phong trào thi đua yêu nước, kỷ niệm các ngày lễ lớn và hoạt động Mặt trận, đoàn thể.",Bản scan đóng dấu / Ký số,,ĐU-CV-0285-2026 Cv tham mưu triển khai thực hiện Kế hoạch số 28-KHTU về xây dựng mô hình học tập HCM.signed.pdf,694.1
396,CÔNG VĂN,286-CV/ĐU,2026,15/01/2026,"Cv trao đổi ý kiến về công tác cán bộ tham gia BCH, BTV Đảng uỷ xã (Nguyễn Ngọc Quê)",Công tác Tổ chức - Đảng viên,"Củng cố tổ chức cơ sở đảng, nâng cao năng lực lãnh đạo, chất lượng sinh hoạt chi bộ và hoàn thành chỉ tiêu phát triển đảng viên mới.","Rà soát nguồn bồi dưỡng quần chúng ưu tú, chuẩn hóa thủ tục thẩm tra lý lịch kết nạp đảng; thực hiện quy trình bổ nhiệm, điều động, xếp loại cán bộ công chức theo đúng phân cấp.",Bản scan đóng dấu / Ký số,,"ĐU-CV-0286-2026 Cv trao đổi ý kiến về công tác cán bộ tham gia BCH, BTV Đảng uỷ xã (Nguyễn Ngọc Quê).pdf",899.2
397,CÔNG VĂN,287-CV/ĐU,2026,16/01/2026,"CV góp ý dự thảo quy định về công tác phối hợp giữa ban Nội chính tỉnh uỷ với Đảng uỷ xã, phường",Nội chính & Phòng chống tham nhũng,"Thực hiện nghiêm túc công tác phòng chống tham nhũng, lãng phí, tiêu cực, tăng cường kiểm soát quyền lực và siết chặt kỷ luật tài chính.","Công khai minh bạch trong quản lý ngân sách, mua sắm công sản; định kỳ báo cáo tình hình nội chính và tiếp nhận, xử lý phản ánh của nhân dân.",Bản scan đóng dấu / Ký số,,"ĐU-CV-0287-2026 CV góp ý dự thảo quy định về công tác phối hợp giữa ban Nội chính tỉnh uỷ với Đảng uỷ xã, phường.pdf",691.0
398,CÔNG VĂN,-/CÔNG VĂN,2025,16/01/2026,ĐU-CV-0288-CV chỉ đạo triển khai thực hiện chương trình số 666-UBND,Công tác Đảng & Quản lý điều hành,"Lãnh đạo, chỉ đạo và triển khai các nhiệm vụ chính trị trọng tâm theo ĐU-CV-0288-CV chỉ đạo triển khai thực hiện chương trình số 666-UBND.","Tổ chức phân công nhiệm vụ cụ thể cho các cơ quan, đơn vị liên quan; theo dõi, đôn đốc tiến độ và báo cáo Thường trực, Ban Thường vụ Đảng uỷ định kỳ.",Bản scan đóng dấu / Ký số,,ĐU-CV-0288-CV chỉ đạo triển khai thực hiện chương trình số 666-UBND.pdf,687.2
399,CÔNG VĂN,289-CV/ĐU,2026,19/01/2026,Công văn mời dự Hội nghị công bố quyết định về công tác cán bộ,Công tác Tổ chức - Đảng viên,"Củng cố tổ chức cơ sở đảng, nâng cao năng lực lãnh đạo, chất lượng sinh hoạt chi bộ và hoàn thành chỉ tiêu phát triển đảng viên mới.","Rà soát nguồn bồi dưỡng quần chúng ưu tú, chuẩn hóa thủ tục thẩm tra lý lịch kết nạp đảng; thực hiện quy trình bổ nhiệm, điều động, xếp loại cán bộ công chức theo đúng phân cấp.",Bản scan đóng dấu / Ký số,,ĐU-CV-0289-2026 Công văn mời dự Hội nghị công bố quyết định về công tác cán bộ.signed.pdf,717.8
400,CÔNG VĂN,290-CV/ĐU,2026,19/01/2026,CV tổ chức xem truyền hình trực tuyến Đại hội XIV của Đảng (1),Tuyên giáo - Dân vận,"Định hướng tư tưởng cán bộ, đảng viên, củng cố khối đại đoàn kết toàn dân và tạo sự đồng thuận xã hội trong thực hiện các nhiệm vụ chính trị.","Tổ chức học tập, quán triệt sâu rộng các nghị quyết của Trung ương và Tỉnh uỷ; tuyên truyền các phong trào thi đua yêu nước, kỷ niệm các ngày lễ lớn và hoạt động Mặt trận, đoàn thể.",Bản scan đóng dấu / Ký số,,ĐU-CV-0290-2026 CV tổ chức xem truyền hình trực tuyến Đại hội XIV của Đảng.signed (1).pdf,729.6
401,CÔNG VĂN,291-CV/ĐU,2026,21/01/2026,Mời họp Ban Thường vụ (1),Công tác Đảng & Quản lý điều hành,"Lãnh đạo, chỉ đạo và triển khai các nhiệm vụ chính trị trọng tâm theo Mời họp Ban Thường vụ (1).","Tổ chức phân công nhiệm vụ cụ thể cho các cơ quan, đơn vị liên quan; theo dõi, đôn đốc tiến độ và báo cáo Thường trực, Ban Thường vụ Đảng uỷ định kỳ.",Bản scan đóng dấu / Ký số,,ĐU-CV-0291-2026 Mời họp Ban Thường vụ.signed (1).pdf,660.8
402,CÔNG VĂN,293-CV/ĐU,2026,22/01/2026,CV giới thiệu sĩ quan quân đội tham gia BCH quân sự cấp xã ứng cử ĐB HĐND (1),Bầu cử Quốc hội & HĐND,"Bảo đảm tổ chức thành công cuộc bầu cử ĐBQH khoá XVI và đại biểu HĐND các cấp nhiệm kỳ 2026-2031 dân chủ, đúng luật, an toàn.","Thành lập Ban Chỉ đạo, xây dựng kế hoạch phân công nhiệm vụ, chuẩn bị cơ sở vật chất, lập danh sách cử tri và đẩy mạnh tuyên truyền vận động cử tri tham gia bầu cử.",Bản scan đóng dấu / Ký số,,ĐU-CV-0293-2026 CV giới thiệu sĩ quan quân đội tham gia BCH quân sự cấp xã ứng cử ĐB HĐND.signed (1).pdf,696.3
403,CÔNG VĂN,294-CV/ĐU,2026,22/01/2026,Tham mưu triển khai thực hiện Kế hoạch số 31-KHTU,Công tác Đảng & Quản lý điều hành,"Lãnh đạo, chỉ đạo và triển khai các nhiệm vụ chính trị trọng tâm theo Tham mưu triển khai thực hiện Kế hoạch số 31-KHTU.","Tổ chức phân công nhiệm vụ cụ thể cho các cơ quan, đơn vị liên quan; theo dõi, đôn đốc tiến độ và báo cáo Thường trực, Ban Thường vụ Đảng uỷ định kỳ.",Bản scan đóng dấu / Ký số,,ĐU-CV-0294-2026 Tham mưu triển khai thực hiện Kế hoạch số 31-KHTU.signed.pdf,690.1
404,CÔNG VĂN,295-CV/ĐU,2026,22/01/2026,"CV báo cáo kết quả giải quyết các khó khăn, vướng mắc liên quan vận hành hoạt động của địa phương",Công tác Đảng & Quản lý điều hành,"Lãnh đạo, chỉ đạo và triển khai các nhiệm vụ chính trị trọng tâm theo CV báo cáo kết quả giải quyết các khó khăn, vướng mắc liên quan vận hành hoạt động của địa phương.","Tổ chức phân công nhiệm vụ cụ thể cho các cơ quan, đơn vị liên quan; theo dõi, đôn đốc tiến độ và báo cáo Thường trực, Ban Thường vụ Đảng uỷ định kỳ.",Bản scan đóng dấu / Ký số,,"ĐU-CV-0295-2026 CV báo cáo kết quả giải quyết các khó khăn, vướng mắc liên quan vận hành hoạt động của địa phương.signed.pdf",4178.4
405,CÔNG VĂN,296-CV/ĐU,2026,22/01/2026,CV chỉ đạo triền khai thực hiện Công văn số 169.MTTQ-BTT,Công tác Đảng & Quản lý điều hành,"Lãnh đạo, chỉ đạo và triển khai các nhiệm vụ chính trị trọng tâm theo CV chỉ đạo triền khai thực hiện Công văn số 169.MTTQ-BTT.","Tổ chức phân công nhiệm vụ cụ thể cho các cơ quan, đơn vị liên quan; theo dõi, đôn đốc tiến độ và báo cáo Thường trực, Ban Thường vụ Đảng uỷ định kỳ.",Bản scan đóng dấu / Ký số,,ĐU-CV-0296-2026 CV chỉ đạo triền khai thực hiện Công văn số 169.MTTQ-BTT.signed.pdf,698.6
406,CÔNG VĂN,297-CV/ĐU,2026,22/01/2026,Cv tham mưu triển khai thực hiện cv số 490-CVBTGDV,Công tác Đảng & Quản lý điều hành,"Lãnh đạo, chỉ đạo và triển khai các nhiệm vụ chính trị trọng tâm theo Cv tham mưu triển khai thực hiện cv số 490-CVBTGDV.","Tổ chức phân công nhiệm vụ cụ thể cho các cơ quan, đơn vị liên quan; theo dõi, đôn đốc tiến độ và báo cáo Thường trực, Ban Thường vụ Đảng uỷ định kỳ.",Bản scan đóng dấu / Ký số,,ĐU-CV-0297-2026 Cv tham mưu triển khai thực hiện cv số 490-CVBTGDV.signed.pdf,696.4
407,CÔNG VĂN,298-CV/ĐU,2026,ngày 27/01/2026,Mời họp Thường trực Đảng uỷ tuần 4,Kinh tế - Ngân sách,1 (từ08 giờ30” – 09 giờ30”): Nghe Đảng uỷUBND xã báo,"Thực hiện Chương trình công tác của Thường trực Đảng ủy tuần thứ04/2026; | kính mời các đồng chí dựhọp Thường trực Đảng ủy cho ý kiến một sốnội dung | theo chương trình công tác (đính kèm Chương trình, nội dung, thành phần cuộc",Văn bản số (Digital Text đầy đủ),,ĐU-CV-0298-2026 Mời họp Thường trực Đảng uỷ tuần 4.pdf,1216.7
408,CÔNG VĂN,299-CV/ĐU,2026,ngày 23/01/2026,CV mời dự trực tuyến Báo cáo viên TW tháng 01,Công tác Tổ chức - Đảng viên,(1) Lãnh đạo Văn phòng Trung ương Đảng thông báo nhanh kết quảĐại hội,Thực hiện Công văn số509-CV/BTGDV ngày 23/01/2026 của Ban Tuyên giáo | và Dân vận Tỉnh ủy vềđềnghịmởđiểm cầu trực tuyến Hội nghịBáo cáo viên Trung | ương tháng 01/2026. Ban Thường vụĐảng ủy thông báo mời thành phần dựHội,Văn bản số (Digital Text đầy đủ),,ĐU-CV-0299-2026 CV mời dự trực tuyến Báo cáo viên TW tháng 01.signed.signed.pdf,1218.9
409,CÔNG VĂN,300-CV/ĐU,2026,ngày 28/01/2025,HỌP LÀM VIỆC VỚI UỶ BAN BẦU CỬ 28.01.2026 (1),Kiểm tra - Giám sát Đảng,"Giữ vững kỷ cương, kỷ luật Đảng, phòng ngừa vi phạm và chủ động phát hiện dấu hiệu vi phạm ngay từ cơ sở chi bộ thôn/trường học.",Thường trực Đảng ủy làm việc với Uỷban bầu cửxã nghe báo cáo công tác | chuẩn bịcho cuộc bầu cửđại biểu Quốc hội khoá XVI và đại biểu HĐND các cấp | nhiệm kỳ2026 - 2031 (phục vụĐoàn kiểm tra số3 của Uỷban bầu cửtỉnh). Cụ,Văn bản số (Digital Text đầy đủ),,ĐU-CV-0300-2026 HỌP LÀM VIỆC VỚI UỶ BAN BẦU CỬ 28.01.2026.signed.signed (1).pdf,1201.4
410,CÔNG VĂN,301-CV/ĐU,2026,ngày 29/01/2026,CV moi hop BTV 29.01.2026,Kinh tế - Ngân sách,1 (từ14 giờ00” - 15 giờ30”): Nghe UBND xã báo cáo Quy chế,"Kính mời các đồng chí dựhọp Ban Thường vụĐảng ủy cho ý kiến một sốnội | dung thuộc thẩm quyền (Đính kèm chương trình cuộc họp). | 1. Thời gian: Bắt đầu lúc 14 giờ 00”, ngày 29/01/2026 (chiều thứ năm).",Văn bản số (Digital Text đầy đủ),,ĐU-CV-0301-2026 CV moi hop BTV 29.01.2026.signed.signed.pdf,1209.3
411,CÔNG VĂN,302-CV/ĐU,2026,28/01/2026,CV tham mưu Hướng dẫn số 12,Công tác Đảng & Quản lý điều hành,"Lãnh đạo, chỉ đạo và triển khai các nhiệm vụ chính trị trọng tâm theo CV tham mưu Hướng dẫn số 12.","Tổ chức phân công nhiệm vụ cụ thể cho các cơ quan, đơn vị liên quan; theo dõi, đôn đốc tiến độ và báo cáo Thường trực, Ban Thường vụ Đảng uỷ định kỳ.",Bản scan đóng dấu / Ký số,,ĐU-CV-0302-2026 CV tham mưu Hướng dẫn số 12.signed.pdf,692.0
412,CÔNG VĂN,303-CV/ĐU,2026,28/01/2026,CV tham mưu góp ý (1),Công tác Đảng & Quản lý điều hành,"Lãnh đạo, chỉ đạo và triển khai các nhiệm vụ chính trị trọng tâm theo CV tham mưu góp ý (1).","Tổ chức phân công nhiệm vụ cụ thể cho các cơ quan, đơn vị liên quan; theo dõi, đôn đốc tiến độ và báo cáo Thường trực, Ban Thường vụ Đảng uỷ định kỳ.",Bản scan đóng dấu / Ký số,,ĐU-CV-0303-2026 CV tham mưu góp ý.signed (1).pdf,707.8
413,CÔNG VĂN,304-CV/ĐU,2026,29/01/2026,CV tham mưu triển khai thực hiện Cv 586,Công tác Đảng & Quản lý điều hành,"Lãnh đạo, chỉ đạo và triển khai các nhiệm vụ chính trị trọng tâm theo CV tham mưu triển khai thực hiện Cv 586.","Tổ chức phân công nhiệm vụ cụ thể cho các cơ quan, đơn vị liên quan; theo dõi, đôn đốc tiến độ và báo cáo Thường trực, Ban Thường vụ Đảng uỷ định kỳ.",Bản scan đóng dấu / Ký số,,ĐU-CV-0304-2026 CV tham mưu triển khai thực hiện Cv 586.signed.pdf,693.7
414,CÔNG VĂN,305-CV/ĐU,2026,ngày 29 tháng 01 năm 2026,Cấp CKS Đảng bộ trực thuộc,Công tác Đảng & Quản lý điều hành,"Lãnh đạo, chỉ đạo và triển khai các nhiệm vụ chính trị trọng tâm theo Cấp CKS Đảng bộ trực thuộc.","V/v cấp mới chứng thư chữ ký số cho cơ quan, tổ chức | Địa chỉ: Thôn Đầu Suối B, xã Công Hải, tỉnh Khánh Hoà, Khánh Hòa | 2. Số lượng và danh sách đăng ký: 2, gồm:",Văn bản số (Digital Text đầy đủ),,ĐU-CV-0305-2026 Cấp CKS Đảng bộ trực thuộc.signed.signed.pdf,1052.2
415,CÔNG VĂN,306-CV/ĐU,2026,ngày 31/12/2025,"Quyết định số4263-QĐ/BTCTW, ngày 31/12/2025 của Ban Tổchức Trung ương vềban hành Danh mục vịtrí việc làm công chức ngành Tổchức xây dựng Đảng; Quyết định số4258-QĐ/BTCTW, ngày 31/12/2025 của Ban Tổchức Trung ương vềban hành Danh mục vịtrí việc làm công chức ngành Tuyên giáo và Dân vận của Đảng; Quyết định số4255-QĐ/BTCTW, ngày 31/12/2025 của Ban Tổchức Trung ương vềban hành Danh mục vịtrí việc làm công chức ngành Kiểm tra Đảng; Quyết",Kiểm tra - Giám sát Đảng,"Giữ vững kỷ cương, kỷ luật Đảng, phòng ngừa vi phạm và chủ động phát hiện dấu hiệu vi phạm ngay từ cơ sở chi bộ thôn/trường học.","tả và khung năng lực vị trí việc làm cấp ủy | Căn cứQuyết định số4256-QĐ/BTCTW, ngày 31/12/2025 của Ban Tổchức | Trung ương vềban hành Danh mục vịtrí việc làm công chức Văn phòng cấp ủy;",Văn bản số (Digital Text đầy đủ),,ĐU-CV-0306-2026 CV. Trình phê duyệt danh mục VTVL.signed.signed.pdf,988.4
416,CÔNG VĂN,307-CV/ĐU,2026,02/02/2026,CV tăng cường công tác thông tin đối ngoại về Đại hội XIV của Đảng,Tuyên giáo - Dân vận,"Định hướng tư tưởng cán bộ, đảng viên, củng cố khối đại đoàn kết toàn dân và tạo sự đồng thuận xã hội trong thực hiện các nhiệm vụ chính trị.","Tổ chức học tập, quán triệt sâu rộng các nghị quyết của Trung ương và Tỉnh uỷ; tuyên truyền các phong trào thi đua yêu nước, kỷ niệm các ngày lễ lớn và hoạt động Mặt trận, đoàn thể.",Bản scan đóng dấu / Ký số,,ĐU-CV-0307-2026 CV tăng cường công tác thông tin đối ngoại về Đại hội XIV của Đảng.signed.pdf,734.8
417,CÔNG VĂN,308-CV/ĐU,2026,02/02/2026,CV báo cáo kết quả giải quyết các kiến nghị của thôn tại buổi làm việc của Thường trực,Công tác Đảng & Quản lý điều hành,"Lãnh đạo, chỉ đạo và triển khai các nhiệm vụ chính trị trọng tâm theo CV báo cáo kết quả giải quyết các kiến nghị của thôn tại buổi làm việc của Thường trực.","Tổ chức phân công nhiệm vụ cụ thể cho các cơ quan, đơn vị liên quan; theo dõi, đôn đốc tiến độ và báo cáo Thường trực, Ban Thường vụ Đảng uỷ định kỳ.",Bản scan đóng dấu / Ký số,,ĐU-CV-0308-2026 CV báo cáo kết quả giải quyết các kiến nghị của thôn tại buổi làm việc của Thường trực.signed.pdf,702.4
418,CÔNG VĂN,309-CV/ĐU,2026,02/02/2026,"cv quán triệt, tuyên truyền Bài phát biểu của TBT Tô Lâm",Tuyên giáo - Dân vận,"Định hướng tư tưởng cán bộ, đảng viên, củng cố khối đại đoàn kết toàn dân và tạo sự đồng thuận xã hội trong thực hiện các nhiệm vụ chính trị.","Tổ chức học tập, quán triệt sâu rộng các nghị quyết của Trung ương và Tỉnh uỷ; tuyên truyền các phong trào thi đua yêu nước, kỷ niệm các ngày lễ lớn và hoạt động Mặt trận, đoàn thể.",Bản scan đóng dấu / Ký số,,"ĐU-CV-0309-2026 cv quán triệt, tuyên truyền Bài phát biểu của TBT Tô Lâm.signed.pdf",809.2
419,CÔNG VĂN,310-CV/ĐU,2026,ngày 04/02/2026,CV moi hop BTV 04.02.2026,Kinh tế - Ngân sách,1 (từ14 giờ00 - 15 giờ00): Nghe UBND xã thông qua dựthảo,"Kính mời các đồng chí dựhọp Ban Thường vụĐảng ủy cho ý kiến một sốnội | dung thuộc thẩm quyền (Đính kèm chương trình cuộc họp). | 1. Thời gian: Bắt đầu lúc 14 giờ 00”, ngày 04/02/2026 (chiều thứ tư).",Văn bản số (Digital Text đầy đủ),,ĐU-CV-0310-2026 CV moi hop BTV 04.02.2026.signed.signed.pdf,1224.0
420,CÔNG VĂN,311-CV/ĐU,2026,Năm 2026,"về việc đôn đốc triển khai thực hiện một số nhiệm vụ, công việc được Thường trực, Ban Thường vụ Đảng uỷ giao",Công tác Đảng & Quản lý điều hành,"Lãnh đạo, chỉ đạo và triển khai các nhiệm vụ chính trị trọng tâm theo về việc đôn đốc triển khai thực hiện một số nhiệm vụ, công việc được Thường trực, Ban Thường vụ Đảng uỷ giao.","Tổ chức phân công nhiệm vụ cụ thể cho các cơ quan, đơn vị liên quan; theo dõi, đôn đốc tiến độ và báo cáo Thường trực, Ban Thường vụ Đảng uỷ định kỳ.",Bản scan đóng dấu / Ký số,,"ĐU-CV-0311-2026  về việc đôn đốc triển khai thực hiện một số nhiệm vụ, công việc được Thường trực, Ban Thường vụ Đảng uỷ giao.pdf",229.5
421,CÔNG VĂN,312-CV/ĐU,2026,06/02/2026,Mời dự Hội nghị học tập tuyên truyền Nghị quyết ĐH XIV của Đảng,Tuyên giáo - Dân vận,"Định hướng tư tưởng cán bộ, đảng viên, củng cố khối đại đoàn kết toàn dân và tạo sự đồng thuận xã hội trong thực hiện các nhiệm vụ chính trị.","Tổ chức học tập, quán triệt sâu rộng các nghị quyết của Trung ương và Tỉnh uỷ; tuyên truyền các phong trào thi đua yêu nước, kỷ niệm các ngày lễ lớn và hoạt động Mặt trận, đoàn thể.",Bản scan đóng dấu / Ký số,,ĐU-CV-0312-2026 Mời dự Hội nghị học tập tuyên truyền Nghị quyết ĐH XIV của Đảng.signed.pdf,842.6
422,CÔNG VĂN,313-CV/ĐU,2026,06/02/2026,Thông tin nhanh Đại hội XIV của Đảng,Tuyên giáo - Dân vận,"Định hướng tư tưởng cán bộ, đảng viên, củng cố khối đại đoàn kết toàn dân và tạo sự đồng thuận xã hội trong thực hiện các nhiệm vụ chính trị.","Tổ chức học tập, quán triệt sâu rộng các nghị quyết của Trung ương và Tỉnh uỷ; tuyên truyền các phong trào thi đua yêu nước, kỷ niệm các ngày lễ lớn và hoạt động Mặt trận, đoàn thể.",Bản scan đóng dấu / Ký số,,ĐU-CV-0313-2026 Thông tin nhanh Đại hội XIV của Đảng.signed.pdf,715.6
423,CÔNG VĂN,314-CV/ĐU,2026,Năm 2026,"CV góp ý dự thảo quy định chuẩn mực đạo đức, cách mạng cb, cc, vc (1)",Công tác Đảng & Quản lý điều hành,"Lãnh đạo, chỉ đạo và triển khai các nhiệm vụ chính trị trọng tâm theo CV góp ý dự thảo quy định chuẩn mực đạo đức, cách mạng cb, cc, vc (1).","Tổ chức phân công nhiệm vụ cụ thể cho các cơ quan, đơn vị liên quan; theo dõi, đôn đốc tiến độ và báo cáo Thường trực, Ban Thường vụ Đảng uỷ định kỳ.",Bản scan đóng dấu / Ký số,,"ĐU-CV-0314-2026 CV góp ý dự thảo quy định chuẩn mực đạo đức, cách mạng cb, cc, vc (1).pdf",61.9
424,CÔNG VĂN,315-CV/ĐU,2026,ngày 07 tháng 02 năm 2026,CV chi dao chuan bi đón đoàn Bí thư tỉnh uỷ (10.02.2026),Đất đai - Môi trường & PCTT,"Tăng cường hiệu lực quản lý nhà nước về đất đai, trật tự xây dựng, tài nguyên khoáng sản và chủ động ứng phó thiên tai, mưa lũ.","Khẩn trương chuẩn bị các điều kiện cần thiết | Nhằm chuẩn bị tốt nhất các điều kiện cần thiết, phục vụ Chương trình đồng | chí Nghiêm Xuân Thành - Uỷ viên Ban Chấp hành Trung ương Đảng, Bí thư Tỉnh",Văn bản số (Digital Text đầy đủ),,ĐU-CV-0315-2026 CV chi dao chuan bi đón đoàn Bí thư tỉnh uỷ (10.02.2026).pdf,288.3
425,CÔNG VĂN,316-CV/ĐU,2026,ngày 07 tháng 02 năm 2026,HỌP TTĐU. TUẦN 06 - 09.02.2026,Kinh tế - Ngân sách,1 (từ 14 giờ 00” – 14 giờ 30”): Nghe Uỷ ban MTTQVN xã báo,"Thực hiện Chương trình công tác của Thường trực Đảng ủy tuần thứ 06/2026; | kính mời các đồng chí dự họp Thường trực Đảng ủy cho ý kiến một số nội dung | theo chương trình công tác (đính kèm Chương trình, nội dung, thành phần cuộc",Văn bản số (Digital Text đầy đủ),,ĐU-CV-0316-2026 HỌP TTĐU. TUẦN 06 - 09.02.2026.pdf,306.3
426,CÔNG VĂN,317-CV/ĐU,2026,09/02/2026,Báo cáo tình hình tổ chức tết Bính Ngọ năm 2026,Công tác Đảng & Quản lý điều hành,"Lãnh đạo, chỉ đạo và triển khai các nhiệm vụ chính trị trọng tâm theo Báo cáo tình hình tổ chức tết Bính Ngọ năm 2026.","Tổ chức phân công nhiệm vụ cụ thể cho các cơ quan, đơn vị liên quan; theo dõi, đôn đốc tiến độ và báo cáo Thường trực, Ban Thường vụ Đảng uỷ định kỳ.",Bản scan đóng dấu / Ký số,,ĐU-CV-0317-2026 Báo cáo tình hình tổ chức tết Bính Ngọ năm 2026.signed.pdf,787.6
427,CÔNG VĂN,318-CV/ĐU,2026,09/02/2026,Cv cho ý kiến tết Ramuwan,Công tác Đảng & Quản lý điều hành,"Lãnh đạo, chỉ đạo và triển khai các nhiệm vụ chính trị trọng tâm theo Cv cho ý kiến tết Ramuwan.","Tổ chức phân công nhiệm vụ cụ thể cho các cơ quan, đơn vị liên quan; theo dõi, đôn đốc tiến độ và báo cáo Thường trực, Ban Thường vụ Đảng uỷ định kỳ.",Bản scan đóng dấu / Ký số,,ĐU-CV-0318-2026 Cv cho ý kiến tết Ramuwan.signed.pdf,704.8
428,CÔNG VĂN,319-CV/ĐU,2026,09/02/2026,cv triển khai kết luận số 229,Công tác Đảng & Quản lý điều hành,"Lãnh đạo, chỉ đạo và triển khai các nhiệm vụ chính trị trọng tâm theo cv triển khai kết luận số 229.","Tổ chức phân công nhiệm vụ cụ thể cho các cơ quan, đơn vị liên quan; theo dõi, đôn đốc tiến độ và báo cáo Thường trực, Ban Thường vụ Đảng uỷ định kỳ.",Bản scan đóng dấu / Ký số,,ĐU-CV-0319-2026 cv triển khai kết luận số 229.signed.pdf,758.7
429,CÔNG VĂN,320-CV/ĐU,2026,09/02/2026,cv chỉ đạo triển khai cv số 33,Công tác Đảng & Quản lý điều hành,"Lãnh đạo, chỉ đạo và triển khai các nhiệm vụ chính trị trọng tâm theo cv chỉ đạo triển khai cv số 33.","Tổ chức phân công nhiệm vụ cụ thể cho các cơ quan, đơn vị liên quan; theo dõi, đôn đốc tiến độ và báo cáo Thường trực, Ban Thường vụ Đảng uỷ định kỳ.",Bản scan đóng dấu / Ký số,,ĐU-CV-0320-2026 cv chỉ đạo triển khai cv số 33.signed.pdf,699.5
430,CÔNG VĂN,321-CV/ĐU,2026,09/02/2026,cv vv triển khai thực hiện Thông báo kết luận số 98-TB.TU (1),Công tác Đảng & Quản lý điều hành,"Lãnh đạo, chỉ đạo và triển khai các nhiệm vụ chính trị trọng tâm theo cv vv triển khai thực hiện Thông báo kết luận số 98-TB.TU (1).","Tổ chức phân công nhiệm vụ cụ thể cho các cơ quan, đơn vị liên quan; theo dõi, đôn đốc tiến độ và báo cáo Thường trực, Ban Thường vụ Đảng uỷ định kỳ.",Bản scan đóng dấu / Ký số,,ĐU-CV-0321-2026 cv vv triển khai thực hiện Thông báo kết luận số 98-TB.TU.signed (1).pdf,763.1
431,CÔNG VĂN,322-CV/ĐU,2026,09/02/2026,CV góp ý dự thảo Quy chế phối hợp giữa Đảng uỷ xã và Bộ đội biên phòng tỉnh Khánh Hoà,Công tác Đảng & Quản lý điều hành,"Lãnh đạo, chỉ đạo và triển khai các nhiệm vụ chính trị trọng tâm theo CV góp ý dự thảo Quy chế phối hợp giữa Đảng uỷ xã và Bộ đội biên phòng tỉnh Khánh Hoà.","Tổ chức phân công nhiệm vụ cụ thể cho các cơ quan, đơn vị liên quan; theo dõi, đôn đốc tiến độ và báo cáo Thường trực, Ban Thường vụ Đảng uỷ định kỳ.",Bản scan đóng dấu / Ký số,,ĐU-CV-0322-2026 CV góp ý dự thảo Quy chế phối hợp giữa Đảng uỷ xã và Bộ đội biên phòng tỉnh Khánh Hoà.signed.pdf,711.9
432,CÔNG VĂN,323-CV/ĐU,2026,10/02/2026,CV chỉ đạo triển khai thực hiện cv 625,Công tác Đảng & Quản lý điều hành,"Lãnh đạo, chỉ đạo và triển khai các nhiệm vụ chính trị trọng tâm theo CV chỉ đạo triển khai thực hiện cv 625.","Tổ chức phân công nhiệm vụ cụ thể cho các cơ quan, đơn vị liên quan; theo dõi, đôn đốc tiến độ và báo cáo Thường trực, Ban Thường vụ Đảng uỷ định kỳ.",Bản scan đóng dấu / Ký số,,ĐU-CV-0323-2026 CV chỉ đạo triển khai thực hiện cv 625.signed.pdf,704.6
433,CÔNG VĂN,324-CV/ĐU,2026,11/02/2026,"Công văn tham mưu triển khai thực hiện các nhiệm vụ trọng tâm, đột phá năm 2026",Công tác Đảng & Quản lý điều hành,"Lãnh đạo, chỉ đạo và triển khai các nhiệm vụ chính trị trọng tâm theo Công văn tham mưu triển khai thực hiện các nhiệm vụ trọng tâm, đột phá năm 2026.","Tổ chức phân công nhiệm vụ cụ thể cho các cơ quan, đơn vị liên quan; theo dõi, đôn đốc tiến độ và báo cáo Thường trực, Ban Thường vụ Đảng uỷ định kỳ.",Bản scan đóng dấu / Ký số,,"ĐU-CV-0324-2026 Công văn tham mưu triển khai thực hiện các nhiệm vụ trọng tâm, đột phá năm 2026.signed.pdf",899.3
434,CÔNG VĂN,325-CV/ĐU,2026,09/02/2026,CV triển khai thực hiện Thông báo kết luận số 98-TB.TU,Công tác Đảng & Quản lý điều hành,"Lãnh đạo, chỉ đạo và triển khai các nhiệm vụ chính trị trọng tâm theo CV triển khai thực hiện Thông báo kết luận số 98-TB.TU.","Tổ chức phân công nhiệm vụ cụ thể cho các cơ quan, đơn vị liên quan; theo dõi, đôn đốc tiến độ và báo cáo Thường trực, Ban Thường vụ Đảng uỷ định kỳ.",Bản scan đóng dấu / Ký số,,ĐU-CV-0325-2026 CV  triển khai thực hiện Thông báo kết luận số 98-TB.TU.signed.pdf,763.1
435,CÔNG VĂN,326-CV/ĐU,2026,12/02/2026,Tham mưu triển khai thực hiện KH số 34,Công tác Đảng & Quản lý điều hành,"Lãnh đạo, chỉ đạo và triển khai các nhiệm vụ chính trị trọng tâm theo Tham mưu triển khai thực hiện KH số 34.","Tổ chức phân công nhiệm vụ cụ thể cho các cơ quan, đơn vị liên quan; theo dõi, đôn đốc tiến độ và báo cáo Thường trực, Ban Thường vụ Đảng uỷ định kỳ.",Bản scan đóng dấu / Ký số,,ĐU-CV-0326-2026 Tham mưu triển khai thực hiện KH số 34.signed.pdf,712.0
436,CÔNG VĂN,327-CV/ĐU,2026,12/02/2026,Tham mưu triển khai thực hiện KH số 35,Công tác Đảng & Quản lý điều hành,"Lãnh đạo, chỉ đạo và triển khai các nhiệm vụ chính trị trọng tâm theo Tham mưu triển khai thực hiện KH số 35.","Tổ chức phân công nhiệm vụ cụ thể cho các cơ quan, đơn vị liên quan; theo dõi, đôn đốc tiến độ và báo cáo Thường trực, Ban Thường vụ Đảng uỷ định kỳ.",Bản scan đóng dấu / Ký số,,ĐU-CV-0327-2026Tham mưu triển khai thực hiện KH số 35.signed.pdf,716.4
437,CÔNG VĂN,328-CV/ĐU,2026,12/02/2026,Tham mưu triển khai thực hiện KH số 36,Công tác Đảng & Quản lý điều hành,"Lãnh đạo, chỉ đạo và triển khai các nhiệm vụ chính trị trọng tâm theo Tham mưu triển khai thực hiện KH số 36.","Tổ chức phân công nhiệm vụ cụ thể cho các cơ quan, đơn vị liên quan; theo dõi, đôn đốc tiến độ và báo cáo Thường trực, Ban Thường vụ Đảng uỷ định kỳ.",Bản scan đóng dấu / Ký số,,ĐU-CV-0328-2026Tham mưu triển khai thực hiện KH số 36.signed.pdf,709.2
438,CÔNG VĂN,329-CV/ĐU,2026,12/02/2026,Tham mưu triển khai thực hiện Chương trình số 13,Công tác Đảng & Quản lý điều hành,"Lãnh đạo, chỉ đạo và triển khai các nhiệm vụ chính trị trọng tâm theo Tham mưu triển khai thực hiện Chương trình số 13.","Tổ chức phân công nhiệm vụ cụ thể cho các cơ quan, đơn vị liên quan; theo dõi, đôn đốc tiến độ và báo cáo Thường trực, Ban Thường vụ Đảng uỷ định kỳ.",Bản scan đóng dấu / Ký số,,ĐU-CV-0329-2026Tham mưu triển khai thực hiện Chương trình số 13.signed.pdf,700.4
439,CÔNG VĂN,330-CV/ĐU,2026,12/02/2026,CV tham mưu triển khai thực hiện Kế hoạch số 37.TU,Công tác Đảng & Quản lý điều hành,"Lãnh đạo, chỉ đạo và triển khai các nhiệm vụ chính trị trọng tâm theo CV tham mưu triển khai thực hiện Kế hoạch số 37.TU.","Tổ chức phân công nhiệm vụ cụ thể cho các cơ quan, đơn vị liên quan; theo dõi, đôn đốc tiến độ và báo cáo Thường trực, Ban Thường vụ Đảng uỷ định kỳ.",Bản scan đóng dấu / Ký số,,ĐU-CV-0330-2026 CV tham mưu triển khai thực hiện Kế hoạch số 37.TU.signed.pdf,689.9
440,CÔNG VĂN,331-CV/ĐU,2026,12/02/2026,CV tham mưu triển khai thực hiện Công văn số 588.CV,Công tác Đảng & Quản lý điều hành,"Lãnh đạo, chỉ đạo và triển khai các nhiệm vụ chính trị trọng tâm theo CV tham mưu triển khai thực hiện Công văn số 588.CV.","Tổ chức phân công nhiệm vụ cụ thể cho các cơ quan, đơn vị liên quan; theo dõi, đôn đốc tiến độ và báo cáo Thường trực, Ban Thường vụ Đảng uỷ định kỳ.",Bản scan đóng dấu / Ký số,,ĐU-CV-0331-2026 CV tham mưu triển khai thực hiện Công văn số 588.CV.signed.pdf,764.4
441,CÔNG VĂN,332-CV/ĐU,2026,ngày 12/02/2026,MỜI DỰ CHƯƠNG TRÌNH CHÚC TẾT ĐẦU NĂM CỦA BT TỈNH UỶ,Bầu cử Quốc hội & HĐND,"Bảo đảm tổ chức thành công cuộc bầu cử ĐBQH khoá XVI và đại biểu HĐND các cấp nhiệm kỳ 2026-2031 dân chủ, đúng luật, an toàn.","Xuân Bính Ngọ 2026 của Thường trực Tỉnh ủy | Tiếp nhận Thông báo số42-TB/VPTU ngày 12/02/2026 của Văn phòng Tỉnh | uỷvềmời dựChương trình gặp mặt, chúc Tết Xuân Bính Ngọ2026 của Thường",Văn bản số (Digital Text đầy đủ),,ĐU-CV-0332-2026  MỜI DỰ CHƯƠNG TRÌNH CHÚC TẾT ĐẦU NĂM CỦA BT TỈNH UỶ.signed.signed.pdf,1188.2
442,CÔNG VĂN,333-CV/ĐU,2026,ngày 11/02/2026,cv góp ý dự thảo vị trí việc làm cấp ủy cấp xã,Công tác Đảng & Quản lý điều hành,"Lãnh đạo, chỉ đạo và triển khai các nhiệm vụ chính trị trọng tâm theo cv góp ý dự thảo vị trí việc làm cấp ủy cấp xã.","Thực hiện Công văn số767-CV/BTC, ngày 11/02/2026 của Ban Tổchức | Tỉnh ủy về việc đề nghị tham gia góp ý dự thảo vị trí việc làm của cấp ủy cấp xã. | Qua nghiên cứu dựthảo vịtrí việc làm của cấp uỷcấp xã (gồm danh mục,",Văn bản số (Digital Text đầy đủ),,ĐU-CV-0333-2026 cv góp ý dự thảo vị trí việc làm cấp ủy cấp xã.signed.signed.pdf,972.8
443,CÔNG VĂN,334-CV/ĐU,2026,ngày 07/10/2025,CV cho ý kiến ngày thầy thuốc,Công tác Đảng & Quản lý điều hành,"Lãnh đạo, chỉ đạo và triển khai các nhiệm vụ chính trị trọng tâm theo CV cho ý kiến ngày thầy thuốc.","Về việc cho ý kiến tổ chức đi thăm, chúc mừng | nhân kỷ niệm 71 năm Ngày Thầy thuốc Việt Nam | Tiếp nhận Tờtrình số46-TTr/ĐU ngày 07/10/2025 của Đảng uỷUBND xã",Văn bản số (Digital Text đầy đủ),,ĐU-CV-0334-2026 CV cho ý kiến ngày thầy thuốc.signed.signed.pdf,974.9
444,CÔNG VĂN,335-CV/ĐU,2026,ngày 22 tháng 02 năm 2026,"Hop BTV 23.02.2026 - Bao cao Tet, giao quan 2026",Bầu cử Quốc hội & HĐND,"Bảo đảm tổ chức thành công cuộc bầu cử ĐBQH khoá XVI và đại biểu HĐND các cấp nhiệm kỳ 2026-2031 dân chủ, đúng luật, an toàn.","Kính mời các đồng chí dự họp Ban Thường vụ Đảng ủy nghe báo cáo và cho | ý kiến các nội dung: (1) tình hình tổ chức các hoạt động vui Xuân, đón Tết Nguyên | đán Bính Ngọ 2026; (2) Công tác chuẩn bị giao, nhận quân năm 2026; (3) nhân sự",Văn bản số (Digital Text đầy đủ),,"ĐU-CV-0335-2026 Hop BTV 23.02.2026 - Bao cao Tet, giao quan 2026.pdf",264.1
445,CÔNG VĂN,336-CV/ĐU,2026,ngày 14/02/2026,"CV mời hội nghị học tập NQ 79, NQ80 TW",Kinh tế - Ngân sách,"Quán triệt các nội dung trọng tâm, cốt lõi của Nghịquyết số79-NQ/TW,","Mời dự Hội nghị trực tuyến nghiên cứu, học tập, | quán triệt và triển khai thực hiện Nghị quyết | - Lãnh đạo các cơ quan tham mưu giúp việc Đảng uỷ;",Văn bản số (Digital Text đầy đủ),,"ĐU-CV-0336-2026 CV mời hội nghị học tập NQ 79, NQ80 TW.signed.signed.pdf",1300.8
446,CÔNG VĂN,337-CV/ĐU,2026,24/02/2026,cv tham mưu triển khai CT 06,Công tác Đảng & Quản lý điều hành,"Lãnh đạo, chỉ đạo và triển khai các nhiệm vụ chính trị trọng tâm theo cv tham mưu triển khai CT 06.","Tổ chức phân công nhiệm vụ cụ thể cho các cơ quan, đơn vị liên quan; theo dõi, đôn đốc tiến độ và báo cáo Thường trực, Ban Thường vụ Đảng uỷ định kỳ.",Bản scan đóng dấu / Ký số,,ĐU-CV-0337-2026 cv tham mưu triển khai CT 06.signed.pdf,692.0
447,CÔNG VĂN,338-CV/ĐU,2026,24/02/2026,CV tham mưu KH 42,Công tác Đảng & Quản lý điều hành,"Lãnh đạo, chỉ đạo và triển khai các nhiệm vụ chính trị trọng tâm theo CV tham mưu KH 42.","Tổ chức phân công nhiệm vụ cụ thể cho các cơ quan, đơn vị liên quan; theo dõi, đôn đốc tiến độ và báo cáo Thường trực, Ban Thường vụ Đảng uỷ định kỳ.",Bản scan đóng dấu / Ký số,,ĐU-CV-0338-2026 CV tham mưu KH 42.signed.pdf,691.3
448,CÔNG VĂN,339-CV/ĐU,2026,24/02/2026,CV tham mưu KH 41,Công tác Đảng & Quản lý điều hành,"Lãnh đạo, chỉ đạo và triển khai các nhiệm vụ chính trị trọng tâm theo CV tham mưu KH 41.","Tổ chức phân công nhiệm vụ cụ thể cho các cơ quan, đơn vị liên quan; theo dõi, đôn đốc tiến độ và báo cáo Thường trực, Ban Thường vụ Đảng uỷ định kỳ.",Bản scan đóng dấu / Ký số,,ĐU-CV-0339-2026 CV tham mưu KH 41.signed.pdf,694.1
449,CÔNG VĂN,340-CV/ĐU,2026,24/02/2026,CV tham mưu tổ chức Đại hội LHTN,Tuyên giáo - Dân vận,"Định hướng tư tưởng cán bộ, đảng viên, củng cố khối đại đoàn kết toàn dân và tạo sự đồng thuận xã hội trong thực hiện các nhiệm vụ chính trị.","Tổ chức học tập, quán triệt sâu rộng các nghị quyết của Trung ương và Tỉnh uỷ; tuyên truyền các phong trào thi đua yêu nước, kỷ niệm các ngày lễ lớn và hoạt động Mặt trận, đoàn thể.",Bản scan đóng dấu / Ký số,,ĐU-CV-0340-2026 CV tham mưu tổ chức Đại hội LHTN.signed.pdf,695.5
450,CÔNG VĂN,341-CV/ĐU,2026,25/02/2026,cv cho ý kiến mua sắm trang thiết bị Công nghệ thông tin,Công tác Đảng & Quản lý điều hành,"Lãnh đạo, chỉ đạo và triển khai các nhiệm vụ chính trị trọng tâm theo cv cho ý kiến mua sắm trang thiết bị Công nghệ thông tin.","Tổ chức phân công nhiệm vụ cụ thể cho các cơ quan, đơn vị liên quan; theo dõi, đôn đốc tiến độ và báo cáo Thường trực, Ban Thường vụ Đảng uỷ định kỳ.",Bản scan đóng dấu / Ký số,,ĐU-CV-0341-2026 cv cho ý kiến mua sắm trang thiết bị Công nghệ thông tin.signed.pdf,690.4
451,CÔNG VĂN,343-CV/ĐU,2026,26/02/2026,CV tham mưu triển khai thực hiện Hướng dẫn số 19,Công tác Đảng & Quản lý điều hành,"Lãnh đạo, chỉ đạo và triển khai các nhiệm vụ chính trị trọng tâm theo CV tham mưu triển khai thực hiện Hướng dẫn số 19.","Tổ chức phân công nhiệm vụ cụ thể cho các cơ quan, đơn vị liên quan; theo dõi, đôn đốc tiến độ và báo cáo Thường trực, Ban Thường vụ Đảng uỷ định kỳ.",Bản scan đóng dấu / Ký số,,ĐU-CV-0343-2026 CV tham mưu triển khai thực hiện Hướng dẫn số 19.signed.pdf,692.8
452,CÔNG VĂN,344-CV/ĐU,2026,26/02/2026,CV tham mưu báo cáo chỉ thị số 45,Tuyên giáo - Dân vận,"Định hướng tư tưởng cán bộ, đảng viên, củng cố khối đại đoàn kết toàn dân và tạo sự đồng thuận xã hội trong thực hiện các nhiệm vụ chính trị.","Tổ chức học tập, quán triệt sâu rộng các nghị quyết của Trung ương và Tỉnh uỷ; tuyên truyền các phong trào thi đua yêu nước, kỷ niệm các ngày lễ lớn và hoạt động Mặt trận, đoàn thể.",Bản scan đóng dấu / Ký số,,ĐU-CV-0344-2026 CV tham mưu báo cáo chỉ thị số 45.signed.pdf,718.2
453,CÔNG VĂN,345-CV/ĐU,2026,26/02/2026,CV tham mưu xây dựng báo cáo chỉ thị 06,Tuyên giáo - Dân vận,"Định hướng tư tưởng cán bộ, đảng viên, củng cố khối đại đoàn kết toàn dân và tạo sự đồng thuận xã hội trong thực hiện các nhiệm vụ chính trị.","Tổ chức học tập, quán triệt sâu rộng các nghị quyết của Trung ương và Tỉnh uỷ; tuyên truyền các phong trào thi đua yêu nước, kỷ niệm các ngày lễ lớn và hoạt động Mặt trận, đoàn thể.",Bản scan đóng dấu / Ký số,,ĐU-CV-0345-2026 CV tham mưu xây dựng báo cáo chỉ thị 06.signed.pdf,698.3
454,CÔNG VĂN,346-CV/ĐU,2026,26/02/2026,Cv tham mưu xây dựng báo cáo chỉ thị số 07,Tuyên giáo - Dân vận,"Định hướng tư tưởng cán bộ, đảng viên, củng cố khối đại đoàn kết toàn dân và tạo sự đồng thuận xã hội trong thực hiện các nhiệm vụ chính trị.","Tổ chức học tập, quán triệt sâu rộng các nghị quyết của Trung ương và Tỉnh uỷ; tuyên truyền các phong trào thi đua yêu nước, kỷ niệm các ngày lễ lớn và hoạt động Mặt trận, đoàn thể.",Bản scan đóng dấu / Ký số,,ĐU-CV-0346-2026 Cv tham mưu xây dựng báo cáo chỉ thị số 07.signed.pdf,707.7
455,CÔNG VĂN,347-CV/ĐU,2026,26/02/2026,Cv tham mưu triển khai chương trình số 13,Công tác Đảng & Quản lý điều hành,"Lãnh đạo, chỉ đạo và triển khai các nhiệm vụ chính trị trọng tâm theo Cv tham mưu triển khai chương trình số 13.","Tổ chức phân công nhiệm vụ cụ thể cho các cơ quan, đơn vị liên quan; theo dõi, đôn đốc tiến độ và báo cáo Thường trực, Ban Thường vụ Đảng uỷ định kỳ.",Bản scan đóng dấu / Ký số,,ĐU-CV-0347-2026 Cv tham mưu triển khai chương trình số 13.signed.pdf,700.7
456,CÔNG VĂN,348-CV/ĐU,2026,26/02/2026,Cv đẩy mạnh công tác tuyên truyền bầu cử (1),Bầu cử Quốc hội & HĐND,"Bảo đảm tổ chức thành công cuộc bầu cử ĐBQH khoá XVI và đại biểu HĐND các cấp nhiệm kỳ 2026-2031 dân chủ, đúng luật, an toàn.","Thành lập Ban Chỉ đạo, xây dựng kế hoạch phân công nhiệm vụ, chuẩn bị cơ sở vật chất, lập danh sách cử tri và đẩy mạnh tuyên truyền vận động cử tri tham gia bầu cử.",Bản scan đóng dấu / Ký số,,ĐU-CV-0348-2026 Cv đẩy mạnh công tác tuyên truyền bầu cử.signed (1).pdf,726.2
457,CÔNG VĂN,349-CV/ĐU,2026,26/02/2026,Cv triển khai tuyên truyền hướng dẫn số 14 (1),Tuyên giáo - Dân vận,"Định hướng tư tưởng cán bộ, đảng viên, củng cố khối đại đoàn kết toàn dân và tạo sự đồng thuận xã hội trong thực hiện các nhiệm vụ chính trị.","Tổ chức học tập, quán triệt sâu rộng các nghị quyết của Trung ương và Tỉnh uỷ; tuyên truyền các phong trào thi đua yêu nước, kỷ niệm các ngày lễ lớn và hoạt động Mặt trận, đoàn thể.",Bản scan đóng dấu / Ký số,,ĐU-CV-0349-2026 Cv triển khai tuyên truyền hướng dẫn số 14.signed (1).pdf,781.1
458,CÔNG VĂN,350-CV/ĐU,2026,26/02/2026,"Công văn góp ý dự thảo quy định công tác kiểm tra, giám sát",Kiểm tra - Giám sát Đảng,"Giữ vững kỷ cương, kỷ luật Đảng, phòng ngừa vi phạm và chủ động phát hiện dấu hiệu vi phạm ngay từ cơ sở chi bộ thôn/trường học.","Ban hành và tổ chức thực hiện kế hoạch kiểm tra, giám sát chuyên đề; giám sát thường xuyên người đứng đầu và đảng viên; giải quyết kịp thời đơn thư khiếu nại, tố cáo.",Bản scan đóng dấu / Ký số,,"ĐU-CV-0350-2026 Công văn góp ý dự thảo quy định công tác kiểm tra, giám sát.signed.pdf",734.2
459,CÔNG VĂN,351-CV/ĐU,2026,26/02/2026,CV cung cấp tài liệu tham khảo tháng 2 (1),Công tác Đảng & Quản lý điều hành,"Lãnh đạo, chỉ đạo và triển khai các nhiệm vụ chính trị trọng tâm theo CV cung cấp tài liệu tham khảo tháng 2 (1).","Tổ chức phân công nhiệm vụ cụ thể cho các cơ quan, đơn vị liên quan; theo dõi, đôn đốc tiến độ và báo cáo Thường trực, Ban Thường vụ Đảng uỷ định kỳ.",Bản scan đóng dấu / Ký số,,ĐU-CV-0351-2026 CV cung cấp tài liệu tham khảo tháng 2.signed (1).pdf,707.2
460,CÔNG VĂN,352-CV/ĐU,2026,26/02/2026,CV lập danh sách các Chi bộ đặt Báo nhân dân,Công tác Tổ chức - Đảng viên,"Củng cố tổ chức cơ sở đảng, nâng cao năng lực lãnh đạo, chất lượng sinh hoạt chi bộ và hoàn thành chỉ tiêu phát triển đảng viên mới.","Rà soát nguồn bồi dưỡng quần chúng ưu tú, chuẩn hóa thủ tục thẩm tra lý lịch kết nạp đảng; thực hiện quy trình bổ nhiệm, điều động, xếp loại cán bộ công chức theo đúng phân cấp.",Bản scan đóng dấu / Ký số,,ĐU-CV-0352-2026 CV lập danh sách các Chi bộ đặt Báo nhân dân.signed.pdf,925.3
461,CÔNG VĂN,353-CV/ĐU,2026,27/02/2026,Cv tham gia cuộc thi trực tuyến tìm hiểu bầu cử (1),Bầu cử Quốc hội & HĐND,"Bảo đảm tổ chức thành công cuộc bầu cử ĐBQH khoá XVI và đại biểu HĐND các cấp nhiệm kỳ 2026-2031 dân chủ, đúng luật, an toàn.","Thành lập Ban Chỉ đạo, xây dựng kế hoạch phân công nhiệm vụ, chuẩn bị cơ sở vật chất, lập danh sách cử tri và đẩy mạnh tuyên truyền vận động cử tri tham gia bầu cử.",Bản scan đóng dấu / Ký số,,ĐU-CV-0353-2026 Cv tham gia cuộc thi trực tuyến tìm hiểu bầu cử.signed (1).pdf,763.8
462,CÔNG VĂN,354-CV/ĐU,2026,27/02/2026,CV tăng cường kiểm tra công tác bầu cử tại các đơn vị bầu cử,Kiểm tra - Giám sát Đảng,"Giữ vững kỷ cương, kỷ luật Đảng, phòng ngừa vi phạm và chủ động phát hiện dấu hiệu vi phạm ngay từ cơ sở chi bộ thôn/trường học.","Ban hành và tổ chức thực hiện kế hoạch kiểm tra, giám sát chuyên đề; giám sát thường xuyên người đứng đầu và đảng viên; giải quyết kịp thời đơn thư khiếu nại, tố cáo.",Bản scan đóng dấu / Ký số,,ĐU-CV-0354-2026 CV tăng cường kiểm tra công tác bầu cử tại các đơn vị bầu cử.signed.pdf,693.1
463,CÔNG VĂN,355-CV/ĐU,2026,27/02/2026,Cv góp ý dự thảo tờ trình của Đảng uỷ UBND tỉnh,Công tác Đảng & Quản lý điều hành,"Lãnh đạo, chỉ đạo và triển khai các nhiệm vụ chính trị trọng tâm theo Cv góp ý dự thảo tờ trình của Đảng uỷ UBND tỉnh.","Tổ chức phân công nhiệm vụ cụ thể cho các cơ quan, đơn vị liên quan; theo dõi, đôn đốc tiến độ và báo cáo Thường trực, Ban Thường vụ Đảng uỷ định kỳ.",Bản scan đóng dấu / Ký số,,ĐU-CV-0355-2026 Cv góp ý dự thảo tờ trình của Đảng uỷ UBND tỉnh.signed.pdf,702.4
464,CÔNG VĂN,356-CV/ĐU,2026,ngày 03/3/2026,mời HỌP TTĐU - BTVĐU. TUẦN 03.3.2026,Bầu cử Quốc hội & HĐND,"Bảo đảm tổ chức thành công cuộc bầu cử ĐBQH khoá XVI và đại biểu HĐND các cấp nhiệm kỳ 2026-2031 dân chủ, đúng luật, an toàn.","Thực hiện Chương trình công tác của Thường trực, Ban Thường vụĐảng uỷ; | kính mời các đồng chí dựhọp Thường trực, Ban Thường vụĐảng ủy đánh giá, xếp | loại cán bộ lãnh đạo, quản lý Quý I năm 2026 và một số nội dung thuộc thẩm quyền.",Văn bản số (Digital Text đầy đủ),,ĐU-CV-0356-2026 mời HỌP TTĐU - BTVĐU. TUẦN 03.3.2026.signed.signed.pdf,1205.5
465,CÔNG VĂN,357-CV/ĐU,2026,02/03/2026,CV góp ý triển khai Chỉ thị số 02,Tuyên giáo - Dân vận,"Định hướng tư tưởng cán bộ, đảng viên, củng cố khối đại đoàn kết toàn dân và tạo sự đồng thuận xã hội trong thực hiện các nhiệm vụ chính trị.","Tổ chức học tập, quán triệt sâu rộng các nghị quyết của Trung ương và Tỉnh uỷ; tuyên truyền các phong trào thi đua yêu nước, kỷ niệm các ngày lễ lớn và hoạt động Mặt trận, đoàn thể.",Bản scan đóng dấu / Ký số,,ĐU-CV-0357-2026 CV góp ý triển khai Chỉ thị số 02.signed.pdf,698.7
466,CÔNG VĂN,358-CV/ĐU,2026,04/03/2026,CV tham mưu vb chỉ đạo triển khai thực hiện sáp nhập tc ĐH Hội CTĐ,Công tác Đảng & Quản lý điều hành,"Lãnh đạo, chỉ đạo và triển khai các nhiệm vụ chính trị trọng tâm theo CV tham mưu vb chỉ đạo triển khai thực hiện sáp nhập tc ĐH Hội CTĐ.","Tổ chức phân công nhiệm vụ cụ thể cho các cơ quan, đơn vị liên quan; theo dõi, đôn đốc tiến độ và báo cáo Thường trực, Ban Thường vụ Đảng uỷ định kỳ.",Bản scan đóng dấu / Ký số,,ĐU-CV-0358-2026 CV tham mưu vb chỉ đạo triển khai thực hiện sáp nhập tc ĐH Hội CTĐ.signed.pdf,696.6
467,CÔNG VĂN,359-CV/ĐU,2026,04/03/2026,CV triển khai KL 03,Công tác Đảng & Quản lý điều hành,"Lãnh đạo, chỉ đạo và triển khai các nhiệm vụ chính trị trọng tâm theo CV triển khai KL 03.","Tổ chức phân công nhiệm vụ cụ thể cho các cơ quan, đơn vị liên quan; theo dõi, đôn đốc tiến độ và báo cáo Thường trực, Ban Thường vụ Đảng uỷ định kỳ.",Bản scan đóng dấu / Ký số,,ĐU-CV-0359-2026 CV triển khai KL 03.signed.pdf,791.0
468,CÔNG VĂN,360-CV/ĐU,2026,ngày 02/3/2026,Cv mời hội nghị BCV thang 3.2026,Kinh tế - Ngân sách,"(1) Đồng chí Võ Chí Vương - Tỉnh ủy viên, Giám đốc sởNội vụ- Ủy viên Ủy","Mời dự Hội nghị Báo cáo viên tháng 3/2026 | - Các chi bộ trực thuộc Đảng uỷ (13 chi bộ thôn). | Thực hiện Công văn số636-CV/BTGDV, ngày 02/3/2026 của Ban Tuyên giáo",Văn bản số (Digital Text đầy đủ),,ĐU-CV-0360-2026 Cv mời hội nghị BCV thang 3.2026.signed.signed.pdf,1229.2
469,CÔNG VĂN,361-CV/ĐU,2026,ngày 13/10/2025,GM HỌP BCĐ (06.3.2026),Bầu cử Quốc hội & HĐND,"Bảo đảm tổ chức thành công cuộc bầu cử ĐBQH khoá XVI và đại biểu HĐND các cấp nhiệm kỳ 2026-2031 dân chủ, đúng luật, an toàn.","Mời họp Ban Chỉ đạo công tác bầu cử đại biểu | Quốc hội khóa XVI và bầu cử đại biểu Hội đồng | - Trưởng các Ban bầu cử, Tổ trưởng các Tổ bầu cử xã.",Văn bản số (Digital Text đầy đủ),,ĐU-CV-0361-2026 GM HỌP BCĐ (06.3.2026).signed.signed.pdf,1216.3
470,CÔNG VĂN,362-CV/ĐU,2026,ngày 27/02/2026,"Chương trình hành động số15-CTr/TU (tập trung tham mưu các nhiệm vụchủyếu trên các lĩnh vực: Kinh tế; văn hoá - xã hội; quốc phòng - an ninh; các phụlục về danh mục các đềán, dựán, công trình quan trọng giai đoạn 2026-2030, phụlục về các chỉtiêu, mục tiêu chủyếu) trình Thường trực Đảng uỷ(qua Văn phòng Đảng uỷ) trước ngày 12/3/2026. - Giao Ban Xây dựng Đảng",Kinh tế - Ngân sách,"Chỉ đạo phát triển kinh tế địa phương, duy trì tốc độ tăng trưởng hai con số, đẩy mạnh thu ngân sách và huy động vốn đầu tư toàn xã hội.","- Các cơ quan tham mưu, giúp việc Đảng uỷ, | Thực hiện Chương trình hành động số15-CTr/TU ngày 27/02/2026 của Ban | Chấp hành Đảng bộtỉnh vềthực hiện Nghịquyết Đại hội Đại biểu toàn quốc lần",Văn bản số (Digital Text đầy đủ),,ĐU-CV-0362-2026 CV chỉ đạo tham mưu CTHĐ thực hiện Nghị quyết Đại hội toàn quốc.signed.signed.pdf,1019.9
471,CÔNG VĂN,363-CV/ĐU,2026,09/03/2026,CV cử cán bộ học lớp cao cấp LLCT,Công tác Đảng & Quản lý điều hành,"Lãnh đạo, chỉ đạo và triển khai các nhiệm vụ chính trị trọng tâm theo CV cử cán bộ học lớp cao cấp LLCT.","Tổ chức phân công nhiệm vụ cụ thể cho các cơ quan, đơn vị liên quan; theo dõi, đôn đốc tiến độ và báo cáo Thường trực, Ban Thường vụ Đảng uỷ định kỳ.",Bản scan đóng dấu / Ký số,,ĐU-CV-0363-2026 CV cử cán bộ học lớp cao cấp LLCT.signed.pdf,1234.8
472,CÔNG VĂN,364-CV/ĐU,2026,09/03/2026,CV góp ý dự thảo Tờ trình của Đảng uỷ UBND tỉnh,Công tác Đảng & Quản lý điều hành,"Lãnh đạo, chỉ đạo và triển khai các nhiệm vụ chính trị trọng tâm theo CV góp ý dự thảo Tờ trình của Đảng uỷ UBND tỉnh.","Tổ chức phân công nhiệm vụ cụ thể cho các cơ quan, đơn vị liên quan; theo dõi, đôn đốc tiến độ và báo cáo Thường trực, Ban Thường vụ Đảng uỷ định kỳ.",Bản scan đóng dấu / Ký số,,ĐU-CV-0364-2026 CV góp ý dự thảo Tờ trình của Đảng uỷ UBND tỉnh.signed.pdf,700.3
473,CÔNG VĂN,365-CV/ĐU,2026,09/03/2026,Triển khai Thông báo số 22-TB.BTGDV (1),Công tác Đảng & Quản lý điều hành,"Lãnh đạo, chỉ đạo và triển khai các nhiệm vụ chính trị trọng tâm theo Triển khai Thông báo số 22-TB.BTGDV (1).","Tổ chức phân công nhiệm vụ cụ thể cho các cơ quan, đơn vị liên quan; theo dõi, đôn đốc tiến độ và báo cáo Thường trực, Ban Thường vụ Đảng uỷ định kỳ.",Bản scan đóng dấu / Ký số,,ĐU-CV-0365-2026 Triển khai Thông báo số 22-TB.BTGDV.signed (1).pdf,705.2
474,CÔNG VĂN,366-CV/ĐU,2026,09/03/2026,Cv gửi báo cáo đánh giá tình hình thực hiện nhiệm vụ quý I (1),Công tác Đảng & Quản lý điều hành,"Lãnh đạo, chỉ đạo và triển khai các nhiệm vụ chính trị trọng tâm theo Cv gửi báo cáo đánh giá tình hình thực hiện nhiệm vụ quý I (1).","Tổ chức phân công nhiệm vụ cụ thể cho các cơ quan, đơn vị liên quan; theo dõi, đôn đốc tiến độ và báo cáo Thường trực, Ban Thường vụ Đảng uỷ định kỳ.",Bản scan đóng dấu / Ký số,,ĐU-CV-0366-2026 Cv gửi báo cáo đánh giá tình hình thực hiện nhiệm vụ quý I.signed (1).pdf,874.4
475,CÔNG VĂN,367-CV/ĐU,2026,09/03/2026,CV góp ý dự thảo Kế hoạch triển khai thực hiện Quy định chuẩn mực đạo đức,Công tác Đảng & Quản lý điều hành,"Lãnh đạo, chỉ đạo và triển khai các nhiệm vụ chính trị trọng tâm theo CV góp ý dự thảo Kế hoạch triển khai thực hiện Quy định chuẩn mực đạo đức.","Tổ chức phân công nhiệm vụ cụ thể cho các cơ quan, đơn vị liên quan; theo dõi, đôn đốc tiến độ và báo cáo Thường trực, Ban Thường vụ Đảng uỷ định kỳ.",Bản scan đóng dấu / Ký số,,ĐU-CV-0367-2026 CV góp ý dự thảo Kế hoạch triển khai thực hiện Quy định chuẩn mực đạo đức.signed.pdf,691.4
476,CÔNG VĂN,368-CV/ĐU,2026,09/03/2026,"Cv góp ý dự thảo quy định về quy trình xử lý thông tin, định hướng dư luận xã hội",Công tác Đảng & Quản lý điều hành,"Lãnh đạo, chỉ đạo và triển khai các nhiệm vụ chính trị trọng tâm theo Cv góp ý dự thảo quy định về quy trình xử lý thông tin, định hướng dư luận xã hội.","Tổ chức phân công nhiệm vụ cụ thể cho các cơ quan, đơn vị liên quan; theo dõi, đôn đốc tiến độ và báo cáo Thường trực, Ban Thường vụ Đảng uỷ định kỳ.",Bản scan đóng dấu / Ký số,,"ĐU-CV-0368-2026 Cv góp ý dự thảo quy định về quy trình xử lý thông tin, định hướng dư luận xã hội.signed.pdf",690.6
477,CÔNG VĂN,369-CV/ĐU,2026,09/03/2026,CV gửi đề cương tờ gấp tuyên truyền kết quả Đại hội XIV của Đảng (1),Tuyên giáo - Dân vận,"Định hướng tư tưởng cán bộ, đảng viên, củng cố khối đại đoàn kết toàn dân và tạo sự đồng thuận xã hội trong thực hiện các nhiệm vụ chính trị.","Tổ chức học tập, quán triệt sâu rộng các nghị quyết của Trung ương và Tỉnh uỷ; tuyên truyền các phong trào thi đua yêu nước, kỷ niệm các ngày lễ lớn và hoạt động Mặt trận, đoàn thể.",Bản scan đóng dấu / Ký số,,ĐU-CV-0369-2026 CV gửi đề cương tờ gấp tuyên truyền kết quả Đại hội XIV của Đảng.signed (1).pdf,1896.2
478,CÔNG VĂN,370-CV/ĐU,2026,ngày 07/3/2026,gửi báo cáo trang thiết bị,Chuyển đổi số & CCHC,"Đẩy mạnh ứng dụng công nghệ thông tin, bảo đảm an toàn thông tin mạng và số hóa toàn diện quy trình xử lý công việc trong hệ thống chính trị xã.","Gửi báo cáo rà soát, đánh giá tổng thể thực | Tiếp nhận Công văn số1138/SKHCN-TTCĐS ngày 07/3/2026 của SởKhoa | học và Công nghệvềviệc rà soát, đánh giá tổng thểthực trạng hạtầng, nền tảng,",Văn bản số (Digital Text đầy đủ),,ĐU-CV-0370-2026 gửi báo cáo trang thiết bị.signed.signed.pdf,963.3
479,CÔNG VĂN,371-CV/ĐU,2026,10/03/2026,"CV tăng cường năm bắt, định hướng dư luận xã hội về bầu cử",Bầu cử Quốc hội & HĐND,"Bảo đảm tổ chức thành công cuộc bầu cử ĐBQH khoá XVI và đại biểu HĐND các cấp nhiệm kỳ 2026-2031 dân chủ, đúng luật, an toàn.","Thành lập Ban Chỉ đạo, xây dựng kế hoạch phân công nhiệm vụ, chuẩn bị cơ sở vật chất, lập danh sách cử tri và đẩy mạnh tuyên truyền vận động cử tri tham gia bầu cử.",Bản scan đóng dấu / Ký số,,"ĐU-CV-0371-2026 CV tăng cường năm bắt, định hướng dư luận xã hội về bầu cử.signed.pdf",795.7
480,CÔNG VĂN,372-CV/ĐU,2026,11/03/2026,Tham mưu triển khai kế hoạch 46.TU,Công tác Đảng & Quản lý điều hành,"Lãnh đạo, chỉ đạo và triển khai các nhiệm vụ chính trị trọng tâm theo Tham mưu triển khai kế hoạch 46.TU.","Tổ chức phân công nhiệm vụ cụ thể cho các cơ quan, đơn vị liên quan; theo dõi, đôn đốc tiến độ và báo cáo Thường trực, Ban Thường vụ Đảng uỷ định kỳ.",Bản scan đóng dấu / Ký số,,ĐU-CV-0372-2026 Tham mưu triển khai kế hoạch 46.TU.signed.pdf,689.9
481,CÔNG VĂN,373-CV/ĐU,2026,11/03/2026,báo cáo công tác tài chính Đảng năm 2025,Công tác Đảng & Quản lý điều hành,"Lãnh đạo, chỉ đạo và triển khai các nhiệm vụ chính trị trọng tâm theo báo cáo công tác tài chính Đảng năm 2025.","Tổ chức phân công nhiệm vụ cụ thể cho các cơ quan, đơn vị liên quan; theo dõi, đôn đốc tiến độ và báo cáo Thường trực, Ban Thường vụ Đảng uỷ định kỳ.",Bản scan đóng dấu / Ký số,,ĐU-CV-0373-2026 báo cáo công tác tài chính Đảng năm 2025.signed.pdf,1306.3
482,CÔNG VĂN,374-CV/ĐU,2026,ngày 12/3/2026,Mời họp BCĐ bầu cử xã (),Bầu cử Quốc hội & HĐND,"1: Nghe UBND xã, Uỷban bầu cửxã báo cáo tình hình chuẩn","Mời họp Ban Chỉ đạo công tác bầu cử đại biểu | Quốc hội khóa XVI và bầu cử đại biểu Hội đồng | - Trưởng các Ban bầu cử, Tổ trưởng các Tổ bầu cử xã.",Văn bản số (Digital Text đầy đủ),,ĐU-CV-0374-2026 Mời họp BCĐ bầu cử xã ().pdf,1235.8
483,CÔNG VĂN,375-CV/ĐU,2026,Năm 2026,CV triển khai thực hiện CV 721,Công tác Đảng & Quản lý điều hành,"Lãnh đạo, chỉ đạo và triển khai các nhiệm vụ chính trị trọng tâm theo CV triển khai thực hiện CV 721.","Tổ chức phân công nhiệm vụ cụ thể cho các cơ quan, đơn vị liên quan; theo dõi, đôn đốc tiến độ và báo cáo Thường trực, Ban Thường vụ Đảng uỷ định kỳ.",Bản scan đóng dấu / Ký số,,ĐU-CV-0375-2026 CV triển khai thực hiện CV 721.pdf,76.9
484,CÔNG VĂN,376-CV/ĐU,2026,12/03/2026,CV tham mưu KH 45,Công tác Đảng & Quản lý điều hành,"Lãnh đạo, chỉ đạo và triển khai các nhiệm vụ chính trị trọng tâm theo CV tham mưu KH 45.","Tổ chức phân công nhiệm vụ cụ thể cho các cơ quan, đơn vị liên quan; theo dõi, đôn đốc tiến độ và báo cáo Thường trực, Ban Thường vụ Đảng uỷ định kỳ.",Bản scan đóng dấu / Ký số,,ĐU-CV-0376-2026 CV tham mưu KH 45.signed.pdf,713.7
485,CÔNG VĂN,377-CV/ĐU,2026,12/03/2026,CV triển khai TBKL của PBT Tỉnh uỷ,Công tác Đảng & Quản lý điều hành,"Lãnh đạo, chỉ đạo và triển khai các nhiệm vụ chính trị trọng tâm theo CV triển khai TBKL của PBT Tỉnh uỷ.","Tổ chức phân công nhiệm vụ cụ thể cho các cơ quan, đơn vị liên quan; theo dõi, đôn đốc tiến độ và báo cáo Thường trực, Ban Thường vụ Đảng uỷ định kỳ.",Bản scan đóng dấu / Ký số,,ĐU-CV-0377-2026 CV triển khai TBKL của PBT Tỉnh uỷ.signed.pdf,792.6
486,CÔNG VĂN,378-CV/ĐU,2026,12/03/2026,CV triển khai Kết luận số 39-KL.TU,Công tác Đảng & Quản lý điều hành,"Lãnh đạo, chỉ đạo và triển khai các nhiệm vụ chính trị trọng tâm theo CV triển khai Kết luận số 39-KL.TU.","Tổ chức phân công nhiệm vụ cụ thể cho các cơ quan, đơn vị liên quan; theo dõi, đôn đốc tiến độ và báo cáo Thường trực, Ban Thường vụ Đảng uỷ định kỳ.",Bản scan đóng dấu / Ký số,,ĐU-CV-0378-2026 CV triển khai Kết luận số 39-KL.TU.signed.pdf,783.6
487,CÔNG VĂN,379-CV/ĐU,2026,12/03/2026,CV góp ý quy chế bảo vệ Bí mật nhà nước,Công tác Đảng & Quản lý điều hành,"Lãnh đạo, chỉ đạo và triển khai các nhiệm vụ chính trị trọng tâm theo CV góp ý quy chế bảo vệ Bí mật nhà nước.","Tổ chức phân công nhiệm vụ cụ thể cho các cơ quan, đơn vị liên quan; theo dõi, đôn đốc tiến độ và báo cáo Thường trực, Ban Thường vụ Đảng uỷ định kỳ.",Bản scan đóng dấu / Ký số,,ĐU-CV-0379-2026 CV góp ý quy chế bảo vệ Bí mật nhà nước.signed.pdf,690.9
488,CÔNG VĂN,380-CV/ĐU,2026,13/03/2026,CV tham mưu KH số 04,Công tác Đảng & Quản lý điều hành,"Lãnh đạo, chỉ đạo và triển khai các nhiệm vụ chính trị trọng tâm theo CV tham mưu KH số 04.","Tổ chức phân công nhiệm vụ cụ thể cho các cơ quan, đơn vị liên quan; theo dõi, đôn đốc tiến độ và báo cáo Thường trực, Ban Thường vụ Đảng uỷ định kỳ.",Bản scan đóng dấu / Ký số,,ĐU-CV-0380-2026 CV tham mưu KH số 04.signed.pdf,693.4
489,CÔNG VĂN,381-CV/ĐU,2026,13/03/2026,"Cv sử dụng cờ Đảng, cờ tổ quốc",Công tác Đảng & Quản lý điều hành,"Lãnh đạo, chỉ đạo và triển khai các nhiệm vụ chính trị trọng tâm theo Cv sử dụng cờ Đảng, cờ tổ quốc.","Tổ chức phân công nhiệm vụ cụ thể cho các cơ quan, đơn vị liên quan; theo dõi, đôn đốc tiến độ và báo cáo Thường trực, Ban Thường vụ Đảng uỷ định kỳ.",Bản scan đóng dấu / Ký số,,"ĐU-CV-0381-2026 Cv sử dụng cờ Đảng, cờ tổ quốc.signed.pdf",741.5
490,CÔNG VĂN,382-CV/ĐU,2026,13/03/2026,CV tham mưu BC sơ kết KL 132.TW,Công tác Đảng & Quản lý điều hành,"Lãnh đạo, chỉ đạo và triển khai các nhiệm vụ chính trị trọng tâm theo CV tham mưu BC sơ kết KL 132.TW.","Tổ chức phân công nhiệm vụ cụ thể cho các cơ quan, đơn vị liên quan; theo dõi, đôn đốc tiến độ và báo cáo Thường trực, Ban Thường vụ Đảng uỷ định kỳ.",Bản scan đóng dấu / Ký số,,ĐU-CV-0382-2026 CV tham mưu BC sơ kết KL 132.TW.signed.pdf,702.7
491,CÔNG VĂN,383-CV/ĐU,2026,Năm 2026,"về việc thực hiện chế độ thông tin, báo cáo hàng tuần",Công tác Đảng & Quản lý điều hành,"Lãnh đạo, chỉ đạo và triển khai các nhiệm vụ chính trị trọng tâm theo về việc thực hiện chế độ thông tin, báo cáo hàng tuần.","Tổ chức phân công nhiệm vụ cụ thể cho các cơ quan, đơn vị liên quan; theo dõi, đôn đốc tiến độ và báo cáo Thường trực, Ban Thường vụ Đảng uỷ định kỳ.",Bản scan đóng dấu / Ký số,,"ĐU-CV-0383-2026 về việc thực hiện chế độ thông tin, báo cáo hàng tuần.pdf",65.0
492,CÔNG VĂN,384-CV/ĐU,2026,13/03/2026,Cv tham mưu triển khai công văn số 354-CV.UBKTTU,Công tác Đảng & Quản lý điều hành,"Lãnh đạo, chỉ đạo và triển khai các nhiệm vụ chính trị trọng tâm theo Cv tham mưu triển khai công văn số 354-CV.UBKTTU.","Tổ chức phân công nhiệm vụ cụ thể cho các cơ quan, đơn vị liên quan; theo dõi, đôn đốc tiến độ và báo cáo Thường trực, Ban Thường vụ Đảng uỷ định kỳ.",Bản scan đóng dấu / Ký số,,ĐU-CV-0384-2026 Cv tham mưu triển khai công văn số 354-CV.UBKTTU.signed.pdf,694.5
493,CÔNG VĂN,385-CV/ĐU,2026,17/03/2026,CV báo cáo cụ thể hoá các VB của tỉnh,Công tác Đảng & Quản lý điều hành,"Lãnh đạo, chỉ đạo và triển khai các nhiệm vụ chính trị trọng tâm theo CV báo cáo cụ thể hoá các VB của tỉnh.","Tổ chức phân công nhiệm vụ cụ thể cho các cơ quan, đơn vị liên quan; theo dõi, đôn đốc tiến độ và báo cáo Thường trực, Ban Thường vụ Đảng uỷ định kỳ.",Bản scan đóng dấu / Ký số,,ĐU-CV-0385-2026 CV báo cáo cụ thể hoá các VB của tỉnh.signed.pdf,713.0
494,CÔNG VĂN,386-CV/ĐU,2026,17/03/2026,Cv tham mưu NQ 21,Công tác Đảng & Quản lý điều hành,"Lãnh đạo, chỉ đạo và triển khai các nhiệm vụ chính trị trọng tâm theo Cv tham mưu NQ 21.","Tổ chức phân công nhiệm vụ cụ thể cho các cơ quan, đơn vị liên quan; theo dõi, đôn đốc tiến độ và báo cáo Thường trực, Ban Thường vụ Đảng uỷ định kỳ.",Bản scan đóng dấu / Ký số,,ĐU-CV-0386-2026 Cv tham mưu NQ 21.signed.pdf,696.5
495,CÔNG VĂN,391-CV/ĐU,2026,ngày 19/3/2026,CV moi hop BTV 19.3.2026 (ĐÁNH GIÁ QUÝ I),Kinh tế - Ngân sách,1 (từ14 giờ00 - 15 giờ00): Nghe UBND xã thông qua dựthảo,"Kính mời các đồng chí dựhọp Ban Thường vụĐảng ủy cho ý kiến các nội | dung theo chương trình công tác (Đính kèm chương trình, nội dung, thành phần | 1. Thời gian: Bắt đầu lúc 14 giờ 00”, ngày 19/3/2026 (chiều thứ năm).",Văn bản số (Digital Text đầy đủ),,ĐU-CV-0391-2026 CV moi hop BTV 19.3.2026 (ĐÁNH GIÁ QUÝ I).signed.signed.pdf,1170.6
496,CÔNG VĂN,392-CV/ĐU,2026,ngày 20/3/2026,GM Hội nghị về công tác cán bộ (20.3.2026) (1),Công tác Tổ chức - Đảng viên,"Củng cố tổ chức cơ sở đảng, nâng cao năng lực lãnh đạo, chất lượng sinh hoạt chi bộ và hoàn thành chỉ tiêu phát triển đảng viên mới.","Ban Thường vụĐảng ủy tổchức Hội nghịthực hiện quy trình vềcông tác cán | bộ, cụ thể thời gian, thành phần như sau: | 1. Thời gian, thành phần tham dựcác Hội nghị: Bắt đầu từ08 giờ30”",Văn bản số (Digital Text đầy đủ),,ĐU-CV-0392-2026 GM Hội nghị về công tác cán bộ (20.3.2026).signed.signed (1).pdf,1193.1
497,CÔNG VĂN,393-CV/ĐU,2026,20/03/2026,CV tuyên truyền hướng dẫn số 20,Tuyên giáo - Dân vận,"Định hướng tư tưởng cán bộ, đảng viên, củng cố khối đại đoàn kết toàn dân và tạo sự đồng thuận xã hội trong thực hiện các nhiệm vụ chính trị.","Tổ chức học tập, quán triệt sâu rộng các nghị quyết của Trung ương và Tỉnh uỷ; tuyên truyền các phong trào thi đua yêu nước, kỷ niệm các ngày lễ lớn và hoạt động Mặt trận, đoàn thể.",Bản scan đóng dấu / Ký số,,ĐU-CV-0393-2026 CV tuyên truyền hướng dẫn số 20.signed.pdf,405.0
498,CÔNG VĂN,394-CV/ĐU,2026,20/03/2026,Cv tham mưu triển khai công văn 378,Công tác Đảng & Quản lý điều hành,"Lãnh đạo, chỉ đạo và triển khai các nhiệm vụ chính trị trọng tâm theo Cv tham mưu triển khai công văn 378.","Tổ chức phân công nhiệm vụ cụ thể cho các cơ quan, đơn vị liên quan; theo dõi, đôn đốc tiến độ và báo cáo Thường trực, Ban Thường vụ Đảng uỷ định kỳ.",Bản scan đóng dấu / Ký số,,ĐU-CV-0394-2026 Cv tham mưu triển khai công văn 378.signed.pdf,335.4
499,CÔNG VĂN,395-CV/ĐU,2026,20/03/2026,CV tuyên truyền chỉ thị 39,Tuyên giáo - Dân vận,"Định hướng tư tưởng cán bộ, đảng viên, củng cố khối đại đoàn kết toàn dân và tạo sự đồng thuận xã hội trong thực hiện các nhiệm vụ chính trị.","Tổ chức học tập, quán triệt sâu rộng các nghị quyết của Trung ương và Tỉnh uỷ; tuyên truyền các phong trào thi đua yêu nước, kỷ niệm các ngày lễ lớn và hoạt động Mặt trận, đoàn thể.",Bản scan đóng dấu / Ký số,,ĐU-CV-0395-2026 CV tuyên truyền chỉ thị 39.signed.pdf,437.2
500,CÔNG VĂN,396-CV/ĐU,2026,20/03/2026,CV tuyên truyền Kế hoạch số 19,Tuyên giáo - Dân vận,"Định hướng tư tưởng cán bộ, đảng viên, củng cố khối đại đoàn kết toàn dân và tạo sự đồng thuận xã hội trong thực hiện các nhiệm vụ chính trị.","Tổ chức học tập, quán triệt sâu rộng các nghị quyết của Trung ương và Tỉnh uỷ; tuyên truyền các phong trào thi đua yêu nước, kỷ niệm các ngày lễ lớn và hoạt động Mặt trận, đoàn thể.",Bản scan đóng dấu / Ký số,,ĐU-CV-0396-2026 CV tuyên truyền Kế hoạch số 19.signed.pdf,431.5
501,CÔNG VĂN,397-CV/ĐU,2026,23/03/2026,đề nghị thẩm tra lý lịch người xin vào đảng (phan rang) (1),Công tác Tổ chức - Đảng viên,"Củng cố tổ chức cơ sở đảng, nâng cao năng lực lãnh đạo, chất lượng sinh hoạt chi bộ và hoàn thành chỉ tiêu phát triển đảng viên mới.","Rà soát nguồn bồi dưỡng quần chúng ưu tú, chuẩn hóa thủ tục thẩm tra lý lịch kết nạp đảng; thực hiện quy trình bổ nhiệm, điều động, xếp loại cán bộ công chức theo đúng phân cấp.",Bản scan đóng dấu / Ký số,,ĐU-CV-0397-2026 đề nghị thẩm tra lý lịch người xin vào đảng (phan rang).signed (1).pdf,310.4
502,CÔNG VĂN,398-CV/ĐU,2026,23/03/2026,Đề nghị thẩm tra người xin vào Đảng (Nguyễn Hải Yến) (1),Công tác Đảng & Quản lý điều hành,"Lãnh đạo, chỉ đạo và triển khai các nhiệm vụ chính trị trọng tâm theo Đề nghị thẩm tra người xin vào Đảng (Nguyễn Hải Yến) (1).","Tổ chức phân công nhiệm vụ cụ thể cho các cơ quan, đơn vị liên quan; theo dõi, đôn đốc tiến độ và báo cáo Thường trực, Ban Thường vụ Đảng uỷ định kỳ.",Bản scan đóng dấu / Ký số,,ĐU-CV-0398-2026 Đề nghị thẩm tra người xin vào Đảng (Nguyễn Hải Yến).signed (1).pdf,387.2
503,CÔNG VĂN,399-CV/ĐU,2026,ngày 24/3/2026,CV moi hop BTV 24.3.2026 (Nôi dung họp HĐND xã lần 1) (2),Bầu cử Quốc hội & HĐND,1 (từ08 giờ30’ - 09 giờ30’): Cho ý kiến các nôi dung chương,"Kính mời các đồng chí dựhọp Ban Thường vụĐảng ủy cho ý kiến các nội | dung theo chương trình công tác (Đính kèm chương trình, nội dung, thành phần | 1. Thời gian: Bắt đầu lúc 08 giờ 30”, ngày 24/3/2026 (sáng thứ ba).",Văn bản số (Digital Text đầy đủ),,ĐU-CV-0399-2026 CV moi hop BTV 24.3.2026 (Nôi dung họp HĐND xã lần 1).signed.signed (2).pdf,847.0
504,CÔNG VĂN,400-CV/ĐU,2026,24/03/2026,CV đề nghị thẩm tra người xin vào đảng,Công tác Đảng & Quản lý điều hành,"Lãnh đạo, chỉ đạo và triển khai các nhiệm vụ chính trị trọng tâm theo CV đề nghị thẩm tra người xin vào đảng.","Tổ chức phân công nhiệm vụ cụ thể cho các cơ quan, đơn vị liên quan; theo dõi, đôn đốc tiến độ và báo cáo Thường trực, Ban Thường vụ Đảng uỷ định kỳ.",Bản scan đóng dấu / Ký số,,ĐU-CV-0400-2026 CV đề nghị thẩm tra người xin vào đảng.signed.pdf,382.5
505,CÔNG VĂN,401-CV/ĐU,2026,24/03/2026,CV tham mưu vb chỉ đạo Đại hội LHTN,Tuyên giáo - Dân vận,"Định hướng tư tưởng cán bộ, đảng viên, củng cố khối đại đoàn kết toàn dân và tạo sự đồng thuận xã hội trong thực hiện các nhiệm vụ chính trị.","Tổ chức học tập, quán triệt sâu rộng các nghị quyết của Trung ương và Tỉnh uỷ; tuyên truyền các phong trào thi đua yêu nước, kỷ niệm các ngày lễ lớn và hoạt động Mặt trận, đoàn thể.",Bản scan đóng dấu / Ký số,,ĐU-CV-0401-2026 CV tham mưu vb chỉ đạo Đại hội LHTN.signed.pdf,327.4
506,CÔNG VĂN,402-CV/ĐU,2026,24/03/2026,CV triển khai sổ tay nghiệp vụ công tác kiểm tra thi hành kỷ luật Đảng,Kiểm tra - Giám sát Đảng,"Giữ vững kỷ cương, kỷ luật Đảng, phòng ngừa vi phạm và chủ động phát hiện dấu hiệu vi phạm ngay từ cơ sở chi bộ thôn/trường học.","Ban hành và tổ chức thực hiện kế hoạch kiểm tra, giám sát chuyên đề; giám sát thường xuyên người đứng đầu và đảng viên; giải quyết kịp thời đơn thư khiếu nại, tố cáo.",Bản scan đóng dấu / Ký số,,ĐU-CV-0402-2026 CV triển khai sổ tay nghiệp vụ công tác kiểm tra thi hành kỷ luật Đảng.signed.pdf,328.9
507,CÔNG VĂN,403-CV/ĐU,2026,24/03/2026,cv góp ý dự thảo,Công tác Đảng & Quản lý điều hành,"Lãnh đạo, chỉ đạo và triển khai các nhiệm vụ chính trị trọng tâm theo cv góp ý dự thảo.","Tổ chức phân công nhiệm vụ cụ thể cho các cơ quan, đơn vị liên quan; theo dõi, đôn đốc tiến độ và báo cáo Thường trực, Ban Thường vụ Đảng uỷ định kỳ.",Bản scan đóng dấu / Ký số,,ĐU-CV-0403-2026 cv góp ý dự thảo.signed.pdf,341.8
508,CÔNG VĂN,404-CV/ĐU,2026,24/03/2026,CV triển khai KH 09 CCB,Công tác Đảng & Quản lý điều hành,"Lãnh đạo, chỉ đạo và triển khai các nhiệm vụ chính trị trọng tâm theo CV triển khai KH 09 CCB.","Tổ chức phân công nhiệm vụ cụ thể cho các cơ quan, đơn vị liên quan; theo dõi, đôn đốc tiến độ và báo cáo Thường trực, Ban Thường vụ Đảng uỷ định kỳ.",Bản scan đóng dấu / Ký số,,ĐU-CV-0404-2026 CV triển khai KH 09 CCB.signed.pdf,334.0
509,CÔNG VĂN,405-CV/ĐU,2026,Năm 2026,về việc đề nghị thẩm tra lý lịch của người xin vào Đảng,Công tác Tổ chức - Đảng viên,"Củng cố tổ chức cơ sở đảng, nâng cao năng lực lãnh đạo, chất lượng sinh hoạt chi bộ và hoàn thành chỉ tiêu phát triển đảng viên mới.","Rà soát nguồn bồi dưỡng quần chúng ưu tú, chuẩn hóa thủ tục thẩm tra lý lịch kết nạp đảng; thực hiện quy trình bổ nhiệm, điều động, xếp loại cán bộ công chức theo đúng phân cấp.",Bản scan đóng dấu / Ký số,,ĐU-CV-0405-2026 về việc đề nghị thẩm tra lý lịch của người xin vào Đảng.pdf,73.5
510,CÔNG VĂN,407-CV/ĐU,2026,Năm 2026,triển khai thực hiện Kế hoạch số 50.TU ngày 20.3.2026 của BTV Tỉnh ủy,Công tác Đảng & Quản lý điều hành,"Lãnh đạo, chỉ đạo và triển khai các nhiệm vụ chính trị trọng tâm theo triển khai thực hiện Kế hoạch số 50.TU ngày 20.3.2026 của BTV Tỉnh ủy.","Tổ chức phân công nhiệm vụ cụ thể cho các cơ quan, đơn vị liên quan; theo dõi, đôn đốc tiến độ và báo cáo Thường trực, Ban Thường vụ Đảng uỷ định kỳ.",Bản scan đóng dấu / Ký số,,ĐU-CV-0407-2026  triển khai thực hiện Kế hoạch số 50.TU ngày 20.3.2026 của BTV Tỉnh ủy.pdf,66.9
511,CÔNG VĂN,408-CV/ĐU,2026,Năm 2026,Về việc triển khai thực hiện Chỉ thị số 08.TTg của Thủ tướng Chính phủ,Tuyên giáo - Dân vận,"Định hướng tư tưởng cán bộ, đảng viên, củng cố khối đại đoàn kết toàn dân và tạo sự đồng thuận xã hội trong thực hiện các nhiệm vụ chính trị.","Tổ chức học tập, quán triệt sâu rộng các nghị quyết của Trung ương và Tỉnh uỷ; tuyên truyền các phong trào thi đua yêu nước, kỷ niệm các ngày lễ lớn và hoạt động Mặt trận, đoàn thể.",Bản scan đóng dấu / Ký số,,ĐU-CV-0408-2026 Về việc triển khai thực hiện Chỉ thị số 08.TTg của Thủ tướng Chính phủ.pdf,58.7
512,CÔNG VĂN,409-CV/ĐU,2026,Năm 2026,về việc triển khai thực hiện KL14 của BCT và CĐ25 của Thủ tướng Chính phủ,Công tác Đảng & Quản lý điều hành,"Lãnh đạo, chỉ đạo và triển khai các nhiệm vụ chính trị trọng tâm theo về việc triển khai thực hiện KL14 của BCT và CĐ25 của Thủ tướng Chính phủ.","Tổ chức phân công nhiệm vụ cụ thể cho các cơ quan, đơn vị liên quan; theo dõi, đôn đốc tiến độ và báo cáo Thường trực, Ban Thường vụ Đảng uỷ định kỳ.",Bản scan đóng dấu / Ký số,,ĐU-CV-0409-2026  về việc triển khai thực hiện KL14 của BCT và CĐ25 của Thủ tướng Chính phủ.pdf,80.3
513,CÔNG VĂN,410-CV/ĐU,2026,26/03/2026,CV đăng ký danh sách mô hình học tập tư tưởng HCM,Tuyên giáo - Dân vận,"Định hướng tư tưởng cán bộ, đảng viên, củng cố khối đại đoàn kết toàn dân và tạo sự đồng thuận xã hội trong thực hiện các nhiệm vụ chính trị.","Tổ chức học tập, quán triệt sâu rộng các nghị quyết của Trung ương và Tỉnh uỷ; tuyên truyền các phong trào thi đua yêu nước, kỷ niệm các ngày lễ lớn và hoạt động Mặt trận, đoàn thể.",Bản scan đóng dấu / Ký số,,ĐU-CV-0410-2026 CV đăng ký danh sách mô hình học tập tư tưởng HCM.signed.pdf,443.0
514,CÔNG VĂN,411-CV/ĐU,2026,ngày 27/3/2026,Góp ý Đề án đổi mới (1),Tuyên giáo - Dân vận,"Định hướng tư tưởng cán bộ, đảng viên, củng cố khối đại đoàn kết toàn dân và tạo sự đồng thuận xã hội trong thực hiện các nhiệm vụ chính trị.","Thực hiện ý kiến chỉđạo của Thường trực Tỉnh uỷvềviệc xây dựng, phê | duyệt và ban hành Đềán nâng cao chất lượng hoạt động của hệthống chính trịxã | viên Ban Chấp hành Đảng uỷxã nghiên cứu, đềxuất, đóng góp ý kiến vềcác nội",Văn bản số (Digital Text đầy đủ),,ĐU-CV-0411-2026 Góp ý Đề án đổi mới.signed.signed (1).pdf,809.3
515,CÔNG VĂN,413-CV/ĐU,2026,26/03/2026,CV tham mưu KH 51,Công tác Đảng & Quản lý điều hành,"Lãnh đạo, chỉ đạo và triển khai các nhiệm vụ chính trị trọng tâm theo CV tham mưu KH 51.","Tổ chức phân công nhiệm vụ cụ thể cho các cơ quan, đơn vị liên quan; theo dõi, đôn đốc tiến độ và báo cáo Thường trực, Ban Thường vụ Đảng uỷ định kỳ.",Bản scan đóng dấu / Ký số,,ĐU-CV-0413-2026 CV tham mưu KH 51.signed.pdf,326.2
516,CÔNG VĂN,414-CV/ĐU,2026,26/03/2026,CV tham mưu KH 52,Công tác Đảng & Quản lý điều hành,"Lãnh đạo, chỉ đạo và triển khai các nhiệm vụ chính trị trọng tâm theo CV tham mưu KH 52.","Tổ chức phân công nhiệm vụ cụ thể cho các cơ quan, đơn vị liên quan; theo dõi, đôn đốc tiến độ và báo cáo Thường trực, Ban Thường vụ Đảng uỷ định kỳ.",Bản scan đóng dấu / Ký số,,ĐU-CV-0414-2026 CV tham mưu KH 52.signed.pdf,332.5
517,CÔNG VĂN,416-CV/ĐU,2026,ngày 23/3/2026,CV đăng ký HNTT và thiết bị mật,Kinh tế - Ngân sách,"Chỉ đạo phát triển kinh tế địa phương, duy trì tốc độ tăng trưởng hai con số, đẩy mạnh thu ngân sách và huy động vốn đầu tư toàn xã hội.","Về viêc rà soát, thống kê thực trạng hạ tầng, | đề xuất mua sắm thiết bị công nghệ thông tin | Tiếp nhận Công văn số1285-CV/VPTU, ngày 23/3/2026 của Văn phòng",Văn bản số (Digital Text đầy đủ),,ĐU-CV-0416-2026 CV đăng ký HNTT và thiết bị mật.signed.signed.pdf,1096.9
518,CÔNG VĂN,417-CV/ĐU,2026,ngày 30/3/2026,CV moi hop BTV 30.3.2026 (kỳ họp chuyên đề HĐND) - Copy,Kinh tế - Ngân sách,"Chỉ đạo phát triển kinh tế địa phương, duy trì tốc độ tăng trưởng hai con số, đẩy mạnh thu ngân sách và huy động vốn đầu tư toàn xã hội.","Kính mời các đồng chí dựhọp Ban Thường vụĐảng ủy cho ý kiến các kỳhọp | 1. Thời gian: Bắt đầu lúc 08 giờ 30”, ngày 30/3/2026 (sáng thứ Hai). | - Đồng chí Vũ Thị Thuỳ Trang - Bí thư Đảng uỷ xã (Chủ trì);",Văn bản số (Digital Text đầy đủ),,ĐU-CV-0417-2026 CV moi hop BTV 30.3.2026 (kỳ họp chuyên đề HĐND) - Copy.signed.signed.pdf,771.1
519,CÔNG VĂN,418-CV/ĐU,2026,30/03/2026,CV triển khai KH số 51,Công tác Đảng & Quản lý điều hành,"Lãnh đạo, chỉ đạo và triển khai các nhiệm vụ chính trị trọng tâm theo CV triển khai KH số 51.","Tổ chức phân công nhiệm vụ cụ thể cho các cơ quan, đơn vị liên quan; theo dõi, đôn đốc tiến độ và báo cáo Thường trực, Ban Thường vụ Đảng uỷ định kỳ.",Bản scan đóng dấu / Ký số,,ĐU-CV-0418-2026 CV triển khai KH số 51.signed.pdf,357.3
520,CÔNG VĂN,419-CV/ĐU,2026,30/03/2026,cv cử CB đăng ký xét tuyển đào tạo Cao cấp lý luận chính trị đợt 2,Tuyên giáo - Dân vận,"Định hướng tư tưởng cán bộ, đảng viên, củng cố khối đại đoàn kết toàn dân và tạo sự đồng thuận xã hội trong thực hiện các nhiệm vụ chính trị.","Tổ chức học tập, quán triệt sâu rộng các nghị quyết của Trung ương và Tỉnh uỷ; tuyên truyền các phong trào thi đua yêu nước, kỷ niệm các ngày lễ lớn và hoạt động Mặt trận, đoàn thể.",Bản scan đóng dấu / Ký số,,ĐU-CV-0419-2026 cv cử CB đăng ký xét tuyển đào tạo Cao cấp lý luận chính trị đợt 2.signed.pdf,396.2
521,CÔNG VĂN,420-CV/ĐU,2026,ngày 01/4/2026,CV moi hop BTV 01.4.2026,Công tác Đảng & Quản lý điều hành,"Lãnh đạo, chỉ đạo và triển khai các nhiệm vụ chính trị trọng tâm theo CV moi hop BTV 01.4.2026.","Kính mời các đồng chí dựhọp Ban Thường vụĐảng ủy cho ý kiến đánh giá, | xếp loại cá nhân cán bộlãnh đạo thuộc diện Ban Thường vụĐảng uỷquản lý quý I | năm 2026 và một số nội dung thuộc thẩm quyền.",Văn bản số (Digital Text đầy đủ),,ĐU-CV-0420-2026 CV moi hop BTV 01.4.2026 .signed.signed.pdf,827.3
522,CÔNG VĂN,421-CV/ĐU,2026,ngày 02/4/2026,Mời họp Ban Chấp hành Đảng bộ xã,Kinh tế - Ngân sách,"Chỉ đạo phát triển kinh tế địa phương, duy trì tốc độ tăng trưởng hai con số, đẩy mạnh thu ngân sách và huy động vốn đầu tư toàn xã hội.","- Đại diện lãnh đạo các Ban Đảng, Văn phòng Tỉnh ủy, | - Lãnh đạo các phòng, ban, ngành xã; Ủy viên UBKT Đảng uỷ, | - Bí thư hoặc Phó Bí thư các tổ chức cơ sở Đảng, Chi bộ trực thuộc,",Văn bản số (Digital Text đầy đủ),,ĐU-CV-0421-2026 Mời họp Ban Chấp hành Đảng bộ xã.pdf,1093.1
523,CÔNG VĂN,423-CV/ĐU,2026,01/04/2026,CV tham mưu Báo cáo KL 21,Công tác Đảng & Quản lý điều hành,"Lãnh đạo, chỉ đạo và triển khai các nhiệm vụ chính trị trọng tâm theo CV tham mưu Báo cáo KL 21.","Tổ chức phân công nhiệm vụ cụ thể cho các cơ quan, đơn vị liên quan; theo dõi, đôn đốc tiến độ và báo cáo Thường trực, Ban Thường vụ Đảng uỷ định kỳ.",Bản scan đóng dấu / Ký số,,ĐU-CV-0423-2026 CV tham mưu Báo cáo KL 21.signed.pdf,328.7
524,CÔNG VĂN,424-CV/ĐU,2026,01/04/2026,cv tham mưu quán triệt Quy định số 304,Tuyên giáo - Dân vận,"Định hướng tư tưởng cán bộ, đảng viên, củng cố khối đại đoàn kết toàn dân và tạo sự đồng thuận xã hội trong thực hiện các nhiệm vụ chính trị.","Tổ chức học tập, quán triệt sâu rộng các nghị quyết của Trung ương và Tỉnh uỷ; tuyên truyền các phong trào thi đua yêu nước, kỷ niệm các ngày lễ lớn và hoạt động Mặt trận, đoàn thể.",Bản scan đóng dấu / Ký số,,ĐU-CV-0424-2026 cv tham mưu quán triệt Quy định số 304.signed.pdf,323.6
525,CÔNG VĂN,425-CV/ĐU,2026,02/04/2026,CV tham mưu QC 03,Công tác Đảng & Quản lý điều hành,"Lãnh đạo, chỉ đạo và triển khai các nhiệm vụ chính trị trọng tâm theo CV tham mưu QC 03.","Tổ chức phân công nhiệm vụ cụ thể cho các cơ quan, đơn vị liên quan; theo dõi, đôn đốc tiến độ và báo cáo Thường trực, Ban Thường vụ Đảng uỷ định kỳ.",Bản scan đóng dấu / Ký số,,ĐU-CV-0425-2026 CV tham mưu QC 03.signed.pdf,325.1
526,CÔNG VĂN,426-CV/ĐU,2026,02/04/2026,CV tham mưu BC CT 28,Công tác Đảng & Quản lý điều hành,"Lãnh đạo, chỉ đạo và triển khai các nhiệm vụ chính trị trọng tâm theo CV tham mưu BC CT 28.","Tổ chức phân công nhiệm vụ cụ thể cho các cơ quan, đơn vị liên quan; theo dõi, đôn đốc tiến độ và báo cáo Thường trực, Ban Thường vụ Đảng uỷ định kỳ.",Bản scan đóng dấu / Ký số,,ĐU-CV-0426-2026 CV tham mưu BC CT 28.signed.pdf,326.1
527,CÔNG VĂN,427-CV/ĐU,2026,06/04/2026,CV triển khai thông báo số 29,Công tác Đảng & Quản lý điều hành,"Lãnh đạo, chỉ đạo và triển khai các nhiệm vụ chính trị trọng tâm theo CV triển khai thông báo số 29.","Tổ chức phân công nhiệm vụ cụ thể cho các cơ quan, đơn vị liên quan; theo dõi, đôn đốc tiến độ và báo cáo Thường trực, Ban Thường vụ Đảng uỷ định kỳ.",Bản scan đóng dấu / Ký số,,ĐU-CV-0427-2026 CV triển khai thông báo số 29.signed.pdf,343.3
528,CÔNG VĂN,428-CV/ĐU,2026,06/04/2026,CV báo cáo sơ kết KL 21,Công tác Đảng & Quản lý điều hành,"Lãnh đạo, chỉ đạo và triển khai các nhiệm vụ chính trị trọng tâm theo CV báo cáo sơ kết KL 21.","Tổ chức phân công nhiệm vụ cụ thể cho các cơ quan, đơn vị liên quan; theo dõi, đôn đốc tiến độ và báo cáo Thường trực, Ban Thường vụ Đảng uỷ định kỳ.",Bản scan đóng dấu / Ký số,,ĐU-CV-0428-2026 CV báo cáo sơ kết KL 21.signed.pdf,335.0
529,CÔNG VĂN,429-CV/ĐU,2026,06/04/2026,CV rà soát tổ chức luân phiên lưc lượng dân quân,Công tác Đảng & Quản lý điều hành,"Lãnh đạo, chỉ đạo và triển khai các nhiệm vụ chính trị trọng tâm theo CV rà soát tổ chức luân phiên lưc lượng dân quân.","Tổ chức phân công nhiệm vụ cụ thể cho các cơ quan, đơn vị liên quan; theo dõi, đôn đốc tiến độ và báo cáo Thường trực, Ban Thường vụ Đảng uỷ định kỳ.",Bản scan đóng dấu / Ký số,,ĐU-CV-0429-2026 CV rà soát tổ chức luân phiên lưc lượng dân quân.signed.pdf,336.0
530,CÔNG VĂN,430-CV/ĐU,2026,06/04/2026,CV tăng cường chỉ đạo công tác dân quân năm 2026,Công tác Đảng & Quản lý điều hành,"Lãnh đạo, chỉ đạo và triển khai các nhiệm vụ chính trị trọng tâm theo CV tăng cường chỉ đạo công tác dân quân năm 2026.","Tổ chức phân công nhiệm vụ cụ thể cho các cơ quan, đơn vị liên quan; theo dõi, đôn đốc tiến độ và báo cáo Thường trực, Ban Thường vụ Đảng uỷ định kỳ.",Bản scan đóng dấu / Ký số,,ĐU-CV-0430-2026 CV tăng cường chỉ đạo công tác dân quân năm 2026.signed.pdf,382.9
531,CÔNG VĂN,431-CV/ĐU,2026,ngày 07/4/2026,CV mời họp Thường trực Đảng uỷ (07-4) (1),Bầu cử Quốc hội & HĐND,Cho ý kiến công tác chuẩn bịtổchức Đại hội Hội Liên hiệp,"Thường trực Đảng uỷkính mời các đồng chí dựhọp Thường trực Đảng ủy | cho ý kiến các nội dung theo chương trình công tác. | 1. Thời gian: Bắt đầu lúc 08 giờ 30”, ngày 07/4/2026 (sáng thứ Ba).",Văn bản số (Digital Text đầy đủ),,ĐU-CV-0431-2026 CV mời họp Thường trực Đảng uỷ (07-4).signed.signed (1).pdf,774.4
532,CÔNG VĂN,432-CV/ĐU,2026,06/04/2026,CV tham mưu triển khai cv867,Công tác Đảng & Quản lý điều hành,"Lãnh đạo, chỉ đạo và triển khai các nhiệm vụ chính trị trọng tâm theo CV tham mưu triển khai cv867.","Tổ chức phân công nhiệm vụ cụ thể cho các cơ quan, đơn vị liên quan; theo dõi, đôn đốc tiến độ và báo cáo Thường trực, Ban Thường vụ Đảng uỷ định kỳ.",Bản scan đóng dấu / Ký số,,ĐU-CV-0432-2026CV tham mưu triển khai cv867.signed.pdf,331.2
533,CÔNG VĂN,433-CV/ĐU,2026,06/04/2026,CV đề xuất kiến nghị tại HN đối thoại với Thường trực tỉnh ủy,Công tác Đảng & Quản lý điều hành,"Lãnh đạo, chỉ đạo và triển khai các nhiệm vụ chính trị trọng tâm theo CV đề xuất kiến nghị tại HN đối thoại với Thường trực tỉnh ủy.","Tổ chức phân công nhiệm vụ cụ thể cho các cơ quan, đơn vị liên quan; theo dõi, đôn đốc tiến độ và báo cáo Thường trực, Ban Thường vụ Đảng uỷ định kỳ.",Bản scan đóng dấu / Ký số,,ĐU-CV-0433-2026 CV đề xuất kiến nghị tại HN đối thoại với Thường trực tỉnh ủy.signed.pdf,552.2
534,CÔNG VĂN,434-CV/ĐU,2026,Năm 2026,CV báo cáo số liệu xây dựng đề án,Công tác Đảng & Quản lý điều hành,"Lãnh đạo, chỉ đạo và triển khai các nhiệm vụ chính trị trọng tâm theo CV báo cáo số liệu xây dựng đề án.","Tổ chức phân công nhiệm vụ cụ thể cho các cơ quan, đơn vị liên quan; theo dõi, đôn đốc tiến độ và báo cáo Thường trực, Ban Thường vụ Đảng uỷ định kỳ.",Bản scan đóng dấu / Ký số,,ĐU-CV-0434-2026 CV báo cáo số liệu xây dựng đề án.pdf,1331.7
535,CÔNG VĂN,-/CÔNG VĂN,2025,31/12/2025,ĐU-CV-061-2025 Cv mời dự hội nghị thông báo kết quả HN lần thứ 15,Công tác Đảng & Quản lý điều hành,"Lãnh đạo, chỉ đạo và triển khai các nhiệm vụ chính trị trọng tâm theo ĐU-CV-061-2025 Cv mời dự hội nghị thông báo kết quả HN lần thứ 15.","Tổ chức phân công nhiệm vụ cụ thể cho các cơ quan, đơn vị liên quan; theo dõi, đôn đốc tiến độ và báo cáo Thường trực, Ban Thường vụ Đảng uỷ định kỳ.",Bản scan đóng dấu / Ký số,,ĐU-CV-061-2025 Cv mời dự hội nghị thông báo kết quả HN lần thứ 15.signed.pdf,706.2
536,HƯỚNG DẪN,1-HD/ĐU,2025,03/12/2025,Hướng dẫn thực hiện mô hình chi bộ bốn tốt,Công tác Tổ chức - Đảng viên,"Củng cố tổ chức cơ sở đảng, nâng cao năng lực lãnh đạo, chất lượng sinh hoạt chi bộ và hoàn thành chỉ tiêu phát triển đảng viên mới.","Rà soát nguồn bồi dưỡng quần chúng ưu tú, chuẩn hóa thủ tục thẩm tra lý lịch kết nạp đảng; thực hiện quy trình bổ nhiệm, điều động, xếp loại cán bộ công chức theo đúng phân cấp.",Bản scan đóng dấu / Ký số,,ĐU-HD-0001-2025 Hướng dẫn thực hiện mô hình chi bộ bốn tốt.signed.pdf,1121.7
537,HƯỚNG DẪN,2-HD/ĐU,2025,ngày 30/8/2025,"HUONG DAN KIEM DIEM TT, CN dien BTVĐU quan ly",Công tác Tổ chức - Đảng viên,trình bày trong phạm vi không quá 02 trang A4,"một số nội dung về việc kiểm điểm, đánh giá, xếp loại chất lượng | đối với tập thể, cá nhân diện Ban Thường vụ Đảng ủy quản lý | Thực hiện Quy định số366-QĐ/TW, ngày 30/8/2025 của BộChính trịvề",Văn bản số (Digital Text đầy đủ),,"ĐU-HD-0002-2025_HUONG DAN KIEM DIEM TT, CN dien BTVĐU quan ly.signed.signed.signed.pdf",2595.1
538,HƯỚNG DẪN,3-HD/ĐU,2025,17/12/2025,Hướng dẫn sinh hoạt chuyên đề Đảng viên tiên phong học tập kỹ năng số,Công tác Tổ chức - Đảng viên,"Củng cố tổ chức cơ sở đảng, nâng cao năng lực lãnh đạo, chất lượng sinh hoạt chi bộ và hoàn thành chỉ tiêu phát triển đảng viên mới.","Rà soát nguồn bồi dưỡng quần chúng ưu tú, chuẩn hóa thủ tục thẩm tra lý lịch kết nạp đảng; thực hiện quy trình bổ nhiệm, điều động, xếp loại cán bộ công chức theo đúng phân cấp.",Bản scan đóng dấu / Ký số,,ĐU-HD-0003-2025 Hướng dẫn sinh hoạt chuyên đề Đảng viên tiên phong học tập kỹ năng số.signed.pdf,1052.0
539,HƯỚNG DẪN,4-HD/ĐU,2025,23/12/2025,HD xây dựng mô hình dân vận khéo trên địa bàn xã,Tuyên giáo - Dân vận,"Định hướng tư tưởng cán bộ, đảng viên, củng cố khối đại đoàn kết toàn dân và tạo sự đồng thuận xã hội trong thực hiện các nhiệm vụ chính trị.","Tổ chức học tập, quán triệt sâu rộng các nghị quyết của Trung ương và Tỉnh uỷ; tuyên truyền các phong trào thi đua yêu nước, kỷ niệm các ngày lễ lớn và hoạt động Mặt trận, đoàn thể.",Bản scan đóng dấu / Ký số,,ĐU-HD-0004-2025 HD xây dựng mô hình dân vận khéo trên địa bàn xã.signed.pdf,1707.9
540,HƯỚNG DẪN,5-HD/ĐU,2026,19/01/2026,Hướng dẫn công tác khoa giáo năm 2026,Công tác Đảng & Quản lý điều hành,"Lãnh đạo, chỉ đạo và triển khai các nhiệm vụ chính trị trọng tâm theo Hướng dẫn công tác khoa giáo năm 2026.","Tổ chức phân công nhiệm vụ cụ thể cho các cơ quan, đơn vị liên quan; theo dõi, đôn đốc tiến độ và báo cáo Thường trực, Ban Thường vụ Đảng uỷ định kỳ.",Bản scan đóng dấu / Ký số,,ĐU-HD-0005-2026 Hướng dẫn công tác khoa giáo năm 2026.signed.signed.pdf,1731.9
541,HƯỚNG DẪN,6-HD/ĐU,2026,02/02/2026,Hướng dẫn công tác tuyên truyền miệng,Tuyên giáo - Dân vận,"Định hướng tư tưởng cán bộ, đảng viên, củng cố khối đại đoàn kết toàn dân và tạo sự đồng thuận xã hội trong thực hiện các nhiệm vụ chính trị.","Tổ chức học tập, quán triệt sâu rộng các nghị quyết của Trung ương và Tỉnh uỷ; tuyên truyền các phong trào thi đua yêu nước, kỷ niệm các ngày lễ lớn và hoạt động Mặt trận, đoàn thể.",Bản scan đóng dấu / Ký số,,ĐU-HD-0006-2026 Hướng dẫn công tác tuyên truyền miệng.signed.pdf,917.6
542,HƯỚNG DẪN,7-HD/ĐU,2026,03/02/2026,Hướng dẫn tuyên truyền Chỉ thị 52 TW,Tuyên giáo - Dân vận,"Định hướng tư tưởng cán bộ, đảng viên, củng cố khối đại đoàn kết toàn dân và tạo sự đồng thuận xã hội trong thực hiện các nhiệm vụ chính trị.","Tổ chức học tập, quán triệt sâu rộng các nghị quyết của Trung ương và Tỉnh uỷ; tuyên truyền các phong trào thi đua yêu nước, kỷ niệm các ngày lễ lớn và hoạt động Mặt trận, đoàn thể.",Bản scan đóng dấu / Ký số,,ĐU-HD-0007-2026 Hướng dẫn tuyên truyền Chỉ thị 52 TW.signed.pdf,966.0
543,HƯỚNG DẪN,8-HD/ĐU,2026,26/02/2026,Hướng dẫn tuyên truyền kỷ niệm 120 năm ngày sinh đ.c Phạm Văn Đồng,Tuyên giáo - Dân vận,"Định hướng tư tưởng cán bộ, đảng viên, củng cố khối đại đoàn kết toàn dân và tạo sự đồng thuận xã hội trong thực hiện các nhiệm vụ chính trị.","Tổ chức học tập, quán triệt sâu rộng các nghị quyết của Trung ương và Tỉnh uỷ; tuyên truyền các phong trào thi đua yêu nước, kỷ niệm các ngày lễ lớn và hoạt động Mặt trận, đoàn thể.",Bản scan đóng dấu / Ký số,,ĐU-HD-0008-2026 Hướng dẫn tuyên truyền kỷ niệm 120 năm ngày sinh đ.c Phạm Văn Đồng.signed.pdf,895.2
544,HƯỚNG DẪN,9-HD/ĐU,2026,04/03/2026,Hướng dẫn tuyên truyền các ngày lễ lớn,Tuyên giáo - Dân vận,"Định hướng tư tưởng cán bộ, đảng viên, củng cố khối đại đoàn kết toàn dân và tạo sự đồng thuận xã hội trong thực hiện các nhiệm vụ chính trị.","Tổ chức học tập, quán triệt sâu rộng các nghị quyết của Trung ương và Tỉnh uỷ; tuyên truyền các phong trào thi đua yêu nước, kỷ niệm các ngày lễ lớn và hoạt động Mặt trận, đoàn thể.",Bản scan đóng dấu / Ký số,,ĐU-HD-0009-2026 Hướng dẫn tuyên truyền các ngày lễ lớn.signed.pdf,1745.8
545,HƯỚNG DẪN,10-HD/ĐU,2026,13/03/2026,Hướng dẫn tuyên truyền Nghị quyết số 79,Tuyên giáo - Dân vận,"Định hướng tư tưởng cán bộ, đảng viên, củng cố khối đại đoàn kết toàn dân và tạo sự đồng thuận xã hội trong thực hiện các nhiệm vụ chính trị.","Tổ chức học tập, quán triệt sâu rộng các nghị quyết của Trung ương và Tỉnh uỷ; tuyên truyền các phong trào thi đua yêu nước, kỷ niệm các ngày lễ lớn và hoạt động Mặt trận, đoàn thể.",Bản scan đóng dấu / Ký số,,ĐU-HD-0010-2026 Hướng dẫn tuyên truyền Nghị quyết số 79.signed.pdf,1040.7
546,HƯỚNG DẪN,11-HD/ĐU,2026,20/03/2026,Hướng dẫn tuyên truyền Nghị quyết 80,Tuyên giáo - Dân vận,"Định hướng tư tưởng cán bộ, đảng viên, củng cố khối đại đoàn kết toàn dân và tạo sự đồng thuận xã hội trong thực hiện các nhiệm vụ chính trị.","Tổ chức học tập, quán triệt sâu rộng các nghị quyết của Trung ương và Tỉnh uỷ; tuyên truyền các phong trào thi đua yêu nước, kỷ niệm các ngày lễ lớn và hoạt động Mặt trận, đoàn thể.",Bản scan đóng dấu / Ký số,,ĐU-HD-0011-2026 Hướng dẫn tuyên truyền Nghị quyết 80.signed.pdf,614.1
547,HƯỚNG DẪN,12-HD/ĐU,2026,Năm 2026,Công tác dư luận xã hội năm 2026,Công tác Đảng & Quản lý điều hành,"Lãnh đạo, chỉ đạo và triển khai các nhiệm vụ chính trị trọng tâm theo Công tác dư luận xã hội năm 2026.","Tổ chức phân công nhiệm vụ cụ thể cho các cơ quan, đơn vị liên quan; theo dõi, đôn đốc tiến độ và báo cáo Thường trực, Ban Thường vụ Đảng uỷ định kỳ.",Bản scan đóng dấu / Ký số,,ĐU-HD-0012-2026 Công tác dư luận xã hội năm 2026.pdf,382.6
548,HƯỚNG DẪN,13-HD/ĐU,2026,06/04/2026,Hướng dẫn công tác tuyên truyền quý II,Tuyên giáo - Dân vận,"Định hướng tư tưởng cán bộ, đảng viên, củng cố khối đại đoàn kết toàn dân và tạo sự đồng thuận xã hội trong thực hiện các nhiệm vụ chính trị.","Tổ chức học tập, quán triệt sâu rộng các nghị quyết của Trung ương và Tỉnh uỷ; tuyên truyền các phong trào thi đua yêu nước, kỷ niệm các ngày lễ lớn và hoạt động Mặt trận, đoàn thể.",Bản scan đóng dấu / Ký số,,ĐU-HD-0013-2026 Hướng dẫn công tác tuyên truyền quý II.signed.pdf,930.1
549,KẾ HOẠCH,1-KH/ĐU,2025,Năm 2025,Kế hoạch phát triển Đảng viên mới 6 tháng cuối năm 2025,Công tác Tổ chức - Đảng viên,"Củng cố tổ chức cơ sở đảng, nâng cao năng lực lãnh đạo, chất lượng sinh hoạt chi bộ và hoàn thành chỉ tiêu phát triển đảng viên mới.","Rà soát nguồn bồi dưỡng quần chúng ưu tú, chuẩn hóa thủ tục thẩm tra lý lịch kết nạp đảng; thực hiện quy trình bổ nhiệm, điều động, xếp loại cán bộ công chức theo đúng phân cấp.",Bản scan đóng dấu / Ký số,,ĐU-KH-0001-2025 Kế hoạch phát triển Đảng viên mới 6 tháng cuối năm 2025.pdf,234.8
550,KẾ HOẠCH,2-KH/ĐU,2025,Năm 2025,"Kế hoạch tuyên truyền, vận động sưu tầm giao nộp, hiến tặng tài liệu",Tuyên giáo - Dân vận,"Định hướng tư tưởng cán bộ, đảng viên, củng cố khối đại đoàn kết toàn dân và tạo sự đồng thuận xã hội trong thực hiện các nhiệm vụ chính trị.","Tổ chức học tập, quán triệt sâu rộng các nghị quyết của Trung ương và Tỉnh uỷ; tuyên truyền các phong trào thi đua yêu nước, kỷ niệm các ngày lễ lớn và hoạt động Mặt trận, đoàn thể.",Bản scan đóng dấu / Ký số,,"ĐU-KH-0002-2025 Kế hoạch tuyên truyền, vận động sưu tầm giao nộp, hiến tặng tài liệu.pdf",299.6
551,KẾ HOẠCH,3-KH/ĐU,2025,Năm 2025,"Kế hoạch quán triệt, tuyên truyền kế hoạch số 04-KHBCĐ",Tuyên giáo - Dân vận,"Định hướng tư tưởng cán bộ, đảng viên, củng cố khối đại đoàn kết toàn dân và tạo sự đồng thuận xã hội trong thực hiện các nhiệm vụ chính trị.","Tổ chức học tập, quán triệt sâu rộng các nghị quyết của Trung ương và Tỉnh uỷ; tuyên truyền các phong trào thi đua yêu nước, kỷ niệm các ngày lễ lớn và hoạt động Mặt trận, đoàn thể.",Bản scan đóng dấu / Ký số,,"ĐU-KH-0003-2025 Kế hoạch quán triệt, tuyên truyền kế hoạch số 04-KHBCĐ.pdf",160.8
552,KẾ HOẠCH,4-KH/ĐU,2025,Năm 2025,"Kế hoạch thực hiện kế hoạch số 237 về triển khai thực hiện chỉ đạo của đồng chí Tổng Bí thư Tô Lâm về công tác kiểm tra, giám sát, thi hành kỷ luật Đảng",Kiểm tra - Giám sát Đảng,"Giữ vững kỷ cương, kỷ luật Đảng, phòng ngừa vi phạm và chủ động phát hiện dấu hiệu vi phạm ngay từ cơ sở chi bộ thôn/trường học.","Ban hành và tổ chức thực hiện kế hoạch kiểm tra, giám sát chuyên đề; giám sát thường xuyên người đứng đầu và đảng viên; giải quyết kịp thời đơn thư khiếu nại, tố cáo.",Bản scan đóng dấu / Ký số,,"ĐU-KH-0004-2025Kế hoạch thực hiện kế hoạch số 237 về triển khai thực hiện chỉ đạo của đồng chí Tổng Bí thư Tô Lâm về công tác kiểm tra, giám sát, thi hành kỷ luật Đảng.pdf",459.5
553,KẾ HOẠCH,5-KH/ĐU,2025,Năm 2025,"Kế hoạch học tập, quán triệt Nghị quyết Đại hội Đảng bộ xã",Tuyên giáo - Dân vận,"Định hướng tư tưởng cán bộ, đảng viên, củng cố khối đại đoàn kết toàn dân và tạo sự đồng thuận xã hội trong thực hiện các nhiệm vụ chính trị.","Tổ chức học tập, quán triệt sâu rộng các nghị quyết của Trung ương và Tỉnh uỷ; tuyên truyền các phong trào thi đua yêu nước, kỷ niệm các ngày lễ lớn và hoạt động Mặt trận, đoàn thể.",Bản scan đóng dấu / Ký số,,"ĐU-KH-0005-2025 Kế hoạch học tập, quán triệt Nghị quyết Đại hội Đảng bộ xã.pdf",161.9
554,KẾ HOẠCH,6-KH/ĐU,2025,ngày 21/5/2025,"KẾ HOẠCH thực hiện Kết luận số 156-KL/TW ngày 21/5/2025 của Bộ Chính trị về tiếp tục thực hiện Nghị quyết số 33-NQ/TW của Ban Chấp hành Trung ương Đảng khóa XI về xây dựng và phát triển văn hóa, con người Việt Nam đáp ứng yêu cầu phát triển bền vững đất nước",Kinh tế - Ngân sách,"Chỉ đạo phát triển kinh tế địa phương, duy trì tốc độ tăng trưởng hai con số, đẩy mạnh thu ngân sách và huy động vốn đầu tư toàn xã hội.","thực hiện Kết luận số 156-KL/TW ngày 21/5/2025 của Bộ Chính trị | về tiếp tục thực hiện Nghị quyết số 33-NQ/TW của Ban Chấp hành | Trung ương Đảng khóa XI về xây dựng và phát triển văn hóa,",Văn bản số (Digital Text đầy đủ),,ĐU-KH-0006-2025 KH thực hiện KL 156 TW về phát triển văn hoá.signed.signed.pdf,1106.1
555,KẾ HOẠCH,8-KH/ĐU,2025,28/08/2025,"Kế hoạch quán triệt các quy định, nghị quyết của Trung ương",Tuyên giáo - Dân vận,"Định hướng tư tưởng cán bộ, đảng viên, củng cố khối đại đoàn kết toàn dân và tạo sự đồng thuận xã hội trong thực hiện các nhiệm vụ chính trị.","Tổ chức học tập, quán triệt sâu rộng các nghị quyết của Trung ương và Tỉnh uỷ; tuyên truyền các phong trào thi đua yêu nước, kỷ niệm các ngày lễ lớn và hoạt động Mặt trận, đoàn thể.",Bản scan đóng dấu / Ký số,,"ĐU-KH-0008-2025Kế hoạch quán triệt các quy định, nghị quyết của Trung ương.signed.pdf",799.3
556,KẾ HOẠCH,9-KH/ĐU,2025,04/09/2025,Kế hoạch tổng kết công tác tổ chức Đại hội,Tuyên giáo - Dân vận,"Định hướng tư tưởng cán bộ, đảng viên, củng cố khối đại đoàn kết toàn dân và tạo sự đồng thuận xã hội trong thực hiện các nhiệm vụ chính trị.","Tổ chức học tập, quán triệt sâu rộng các nghị quyết của Trung ương và Tỉnh uỷ; tuyên truyền các phong trào thi đua yêu nước, kỷ niệm các ngày lễ lớn và hoạt động Mặt trận, đoàn thể.",Bản scan đóng dấu / Ký số,,ĐU-KH-0009-2025 Kế hoạch tổng kết công tác tổ chức Đại hội.signed.pdf,879.6
557,KẾ HOẠCH,10-KH/ĐU,2025,ngày 27/8/2025,"KẾ HOẠCH Tổng kết công tác phòng, chống tham nhũng, lãnh phí, tiêu cực nhiệm kỳ Đại hội XIII của Đảng",Kinh tế - Ngân sách,"Đánh giá tình hình, kết quảthực hiện công tác PCTNLPTC nhiệm kỳĐại","Tổng kết công tác phòng, chống tham nhũng, lãnh phí, tiêu cực | Thực hiện Kếhoạch số17-KH/TU ngày 27/8/2025 của Ban Thường vụTỉnh | uỷ, vềtổng kết công tác phòng, chống tham nhũng, lãng phí, tiêu cực",Văn bản số (Digital Text đầy đủ),,"ĐU-KH-0010-2025KH tổng kết công tác phòng, chống tham nhũng, lãnh phí, tiêu cực.signed.signed.pdf",1168.2
558,KẾ HOẠCH,11-KH/ĐU,2025,11/09/2025,Kế hoạch triển khai Nghị quyết 01TU về tăng trưởng kinh tế 2 con số,Kinh tế - Ngân sách,"Chỉ đạo phát triển kinh tế địa phương, duy trì tốc độ tăng trưởng hai con số, đẩy mạnh thu ngân sách và huy động vốn đầu tư toàn xã hội.","Giao UBND xã và các bộ phận chuyên môn xây dựng kịch bản tăng trưởng, tháo gỡ khó khăn cho sản xuất kinh doanh, giải ngân đầu tư công và thu ngân sách đạt chỉ tiêu tỉnh giao.",Bản scan đóng dấu / Ký số,,ĐU-KH-0011-2025Kế hoạch triển khai Nghị quyết 01TU về tăng trưởng kinh tế 2 con số.signed.pdf,943.0
559,KẾ HOẠCH,12-KH/ĐU,2025,Năm 2025,"Kế hoạch phát triển khoa học, công nghệ, đổi mới sáng tạo",Chuyển đổi số & CCHC,"Đẩy mạnh ứng dụng công nghệ thông tin, bảo đảm an toàn thông tin mạng và số hóa toàn diện quy trình xử lý công việc trong hệ thống chính trị xã.","Triển khai xử lý hồ sơ trên hệ thống E-Office, đưa ứng dụng Sổ tay đảng viên điện tử vào sinh hoạt chi bộ, đẩy mạnh dịch vụ công trực tuyến và chỉ đạo Đề án 06.",Bản scan đóng dấu / Ký số,,"ĐU-KH-0012-2025 Kế hoạch phát triển khoa học, công nghệ, đổi mới sáng tạo.pdf",495.7
560,KẾ HOẠCH,12-KH/ĐU,2025,ngày 01/7/2025,"KẾ HOẠCH tổ chức làm việc với các tổ chức cơ sở Đảng trực thuộc, các cơ quan tham mưu, giúp việc Đảng uỷ, Uỷ ban MTTQVN xã về tình hình, kết quả thực hiện nhiệm vụ năm 2025",Công tác Tổ chức - Đảng viên,"làm việc: Tình hình, kết quảlãnh đạo thực hiện nhiệm vụQuý","tổ chức làm việc với các tổ chức cơ sở Đảng trực thuộc, | các cơ quan tham mưu, giúp việc Đảng uỷ, Uỷ ban MTTQVN xã | về tình hình, kết quả thực hiện nhiệm vụ năm 2025",Văn bản số (Digital Text đầy đủ),,ĐU-KH-0012-2025KH lam viec voi cac TCCSĐ 2025.signed.signed.pdf,1610.1
561,KẾ HOẠCH,14-KH/ĐU,2025,18/09/2025,Kế hoạch thực hiện Chỉ thị số 50-CTTW,Tuyên giáo - Dân vận,"Định hướng tư tưởng cán bộ, đảng viên, củng cố khối đại đoàn kết toàn dân và tạo sự đồng thuận xã hội trong thực hiện các nhiệm vụ chính trị.","Tổ chức học tập, quán triệt sâu rộng các nghị quyết của Trung ương và Tỉnh uỷ; tuyên truyền các phong trào thi đua yêu nước, kỷ niệm các ngày lễ lớn và hoạt động Mặt trận, đoàn thể.",Bản scan đóng dấu / Ký số,,ĐU-KH-0014-2025 Kế hoạch thực hiện Chỉ thị số 50-CTTW.signed.pdf,1060.1
562,KẾ HOẠCH,15-KH/ĐU,2025,29/09/2025,"kế hoạch quán triệt, tuyên truyền quy định 337",Tuyên giáo - Dân vận,"Định hướng tư tưởng cán bộ, đảng viên, củng cố khối đại đoàn kết toàn dân và tạo sự đồng thuận xã hội trong thực hiện các nhiệm vụ chính trị.","Tổ chức học tập, quán triệt sâu rộng các nghị quyết của Trung ương và Tỉnh uỷ; tuyên truyền các phong trào thi đua yêu nước, kỷ niệm các ngày lễ lớn và hoạt động Mặt trận, đoàn thể.",Bản scan đóng dấu / Ký số,,"ĐU-KH-0015-2025 kế hoạch quán triệt, tuyên truyền quy định 337.signed.pdf",802.1
563,KẾ HOẠCH,16-KH/ĐU,2025,30/09/2025,"Kế hoạch học tập, quán triệt tuyên truyền các Nghị quyết quy định, chỉ thị của Trung ương, Tu",Tuyên giáo - Dân vận,"Định hướng tư tưởng cán bộ, đảng viên, củng cố khối đại đoàn kết toàn dân và tạo sự đồng thuận xã hội trong thực hiện các nhiệm vụ chính trị.","Tổ chức học tập, quán triệt sâu rộng các nghị quyết của Trung ương và Tỉnh uỷ; tuyên truyền các phong trào thi đua yêu nước, kỷ niệm các ngày lễ lớn và hoạt động Mặt trận, đoàn thể.",Bản scan đóng dấu / Ký số,,"ĐU-KH-0016-2025 Kế hoạch học tập, quán triệt tuyên truyền các Nghị quyết quy định, chỉ thị của Trung ương, Tu.signed.pdf",818.7
564,KẾ HOẠCH,17-KH/ĐU,2025,09/10/2025,Kế hoạch tuyên truyền Đại hội ĐB MTTQVN xã Công Hải lần thứ I,Tuyên giáo - Dân vận,"Định hướng tư tưởng cán bộ, đảng viên, củng cố khối đại đoàn kết toàn dân và tạo sự đồng thuận xã hội trong thực hiện các nhiệm vụ chính trị.","Tổ chức học tập, quán triệt sâu rộng các nghị quyết của Trung ương và Tỉnh uỷ; tuyên truyền các phong trào thi đua yêu nước, kỷ niệm các ngày lễ lớn và hoạt động Mặt trận, đoàn thể.",Bản scan đóng dấu / Ký số,,ĐU-KH-0017-2025 Kế hoạch tuyên truyền Đại hội ĐB MTTQVN xã Công Hải lần thứ I.signed.pdf,1040.7
565,KẾ HOẠCH,18-KH/ĐU,2025,ngày 16/5/2025,KẾ HOẠCH lãnh đạo cuộc bầu cử đại biểu Quốc hội khóa XVI và bầu cử đại biểu Hội đồng nhân dân các cấp nhiệm kỳ 2026 - 2031,Công tác Tổ chức - Đảng viên,"Củng cố tổ chức cơ sở đảng, nâng cao năng lực lãnh đạo, chất lượng sinh hoạt chi bộ và hoàn thành chỉ tiêu phát triển đảng viên mới.","lãnh đạo cuộc bầu cử đại biểu Quốc hội khóa XVI | và bầu cử đại biểu Hội đồng nhân dân các cấp nhiệm kỳ 2026 - 2031 | Thực hiện Chỉthịsố46-CT/TW, ngày 16/5/2025 của BộChính trịvềlãnh",Văn bản số (Digital Text đầy đủ),⭐ [Kế hoạch trọng tâm],"ĐU-KH-0018-2025 KH BAU CU DBQH, HDND CAC CAP 2026-2031.signed.signed.pdf",1059.7
566,KẾ HOẠCH,19-KH/ĐU,2025,15/10/2025,"kế hoạch học tập, quán triệt các Nghị quyết của BCH đảng bộ tỉnh",Tuyên giáo - Dân vận,"Định hướng tư tưởng cán bộ, đảng viên, củng cố khối đại đoàn kết toàn dân và tạo sự đồng thuận xã hội trong thực hiện các nhiệm vụ chính trị.","Tổ chức học tập, quán triệt sâu rộng các nghị quyết của Trung ương và Tỉnh uỷ; tuyên truyền các phong trào thi đua yêu nước, kỷ niệm các ngày lễ lớn và hoạt động Mặt trận, đoàn thể.",Bản scan đóng dấu / Ký số,,"ĐU-KH-0019-2025 kế hoạch học tập, quán triệt các Nghị quyết của BCH đảng bộ tỉnh.signed.pdf",914.2
567,KẾ HOẠCH,20-KH/ĐU,2025,28/10/2025,"Kế hoạch quán triệt, tuyên truyền nghị quyết hội nghị lần thứ I",Tuyên giáo - Dân vận,"Định hướng tư tưởng cán bộ, đảng viên, củng cố khối đại đoàn kết toàn dân và tạo sự đồng thuận xã hội trong thực hiện các nhiệm vụ chính trị.","Tổ chức học tập, quán triệt sâu rộng các nghị quyết của Trung ương và Tỉnh uỷ; tuyên truyền các phong trào thi đua yêu nước, kỷ niệm các ngày lễ lớn và hoạt động Mặt trận, đoàn thể.",Bản scan đóng dấu / Ký số,,"ĐU-KH-0020-2025 Kế hoạch quán triệt, tuyên truyền nghị quyết hội nghị lần thứ I.signed.pdf",807.4
568,KẾ HOẠCH,21-KH/ĐU,2025,31/10/2025,Kế hoạch tuyên truyền bầu cử ĐB QH khóa XVI,Bầu cử Quốc hội & HĐND,"Bảo đảm tổ chức thành công cuộc bầu cử ĐBQH khoá XVI và đại biểu HĐND các cấp nhiệm kỳ 2026-2031 dân chủ, đúng luật, an toàn.","Thành lập Ban Chỉ đạo, xây dựng kế hoạch phân công nhiệm vụ, chuẩn bị cơ sở vật chất, lập danh sách cử tri và đẩy mạnh tuyên truyền vận động cử tri tham gia bầu cử.",Bản scan đóng dấu / Ký số,⭐ [Kế hoạch trọng tâm],ĐU-KH-0021-2025 Kế hoạch tuyên truyền bầu cử ĐB QH khóa XVI.signed.pdf,1354.4
569,KẾ HOẠCH,22-KH/ĐU,2025,31/10/2025,"Kế hoạch tuyên truyền, quán triệt Chỉ thị 39-CTTW",Tuyên giáo - Dân vận,"Định hướng tư tưởng cán bộ, đảng viên, củng cố khối đại đoàn kết toàn dân và tạo sự đồng thuận xã hội trong thực hiện các nhiệm vụ chính trị.","Tổ chức học tập, quán triệt sâu rộng các nghị quyết của Trung ương và Tỉnh uỷ; tuyên truyền các phong trào thi đua yêu nước, kỷ niệm các ngày lễ lớn và hoạt động Mặt trận, đoàn thể.",Bản scan đóng dấu / Ký số,,"ĐU-KH-0022-2025 Kế hoạch tuyên truyền, quán triệt Chỉ thị 39-CTTW.signed.pdf",796.4
570,KẾ HOẠCH,23-KH/ĐU,2025,04/11/2025,Kế hoạch thực hiện KH 14 TU,Công tác Đảng & Quản lý điều hành,"Lãnh đạo, chỉ đạo và triển khai các nhiệm vụ chính trị trọng tâm theo Kế hoạch thực hiện KH 14 TU.","Tổ chức phân công nhiệm vụ cụ thể cho các cơ quan, đơn vị liên quan; theo dõi, đôn đốc tiến độ và báo cáo Thường trực, Ban Thường vụ Đảng uỷ định kỳ.",Bản scan đóng dấu / Ký số,,ĐU-KH-0023-2025 Kế hoạch thực hiện KH 14 TU.signed.pdf,1414.5
571,KẾ HOẠCH,24-KH/ĐU,2025,07/11/2025,Kế hoạch tuyên truyền Nghị quyết 70,Tuyên giáo - Dân vận,"Định hướng tư tưởng cán bộ, đảng viên, củng cố khối đại đoàn kết toàn dân và tạo sự đồng thuận xã hội trong thực hiện các nhiệm vụ chính trị.","Tổ chức học tập, quán triệt sâu rộng các nghị quyết của Trung ương và Tỉnh uỷ; tuyên truyền các phong trào thi đua yêu nước, kỷ niệm các ngày lễ lớn và hoạt động Mặt trận, đoàn thể.",Bản scan đóng dấu / Ký số,,ĐU-KH-0024-2025 Kế hoạch tuyên truyền Nghị quyết 70.signed.pdf,804.3
572,KẾ HOẠCH,25-KH/ĐU,2025,Năm 2025,Kế hoạch tuyên truyền 96 năm ngày thành lập Đảng,Tuyên giáo - Dân vận,"Định hướng tư tưởng cán bộ, đảng viên, củng cố khối đại đoàn kết toàn dân và tạo sự đồng thuận xã hội trong thực hiện các nhiệm vụ chính trị.","Tổ chức học tập, quán triệt sâu rộng các nghị quyết của Trung ương và Tỉnh uỷ; tuyên truyền các phong trào thi đua yêu nước, kỷ niệm các ngày lễ lớn và hoạt động Mặt trận, đoàn thể.",Bản scan đóng dấu / Ký số,,ĐU-KH-0025-2025 Kế hoạch tuyên truyền 96 năm ngày thành lập Đảng.pdf,527.9
573,KẾ HOẠCH,26-KH/ĐU,2025,10/11/2025,kế hoạch tổ chức làm việc của Thường trực Đảng ủy với các chi bộ thôn,Công tác Tổ chức - Đảng viên,"Củng cố tổ chức cơ sở đảng, nâng cao năng lực lãnh đạo, chất lượng sinh hoạt chi bộ và hoàn thành chỉ tiêu phát triển đảng viên mới.","Rà soát nguồn bồi dưỡng quần chúng ưu tú, chuẩn hóa thủ tục thẩm tra lý lịch kết nạp đảng; thực hiện quy trình bổ nhiệm, điều động, xếp loại cán bộ công chức theo đúng phân cấp.",Bản scan đóng dấu / Ký số,,ĐU-KH-0026-2025 kế hoạch tổ chức làm việc của Thường trực Đảng ủy với các chi bộ thôn.signed.pdf,822.4
574,KẾ HOẠCH,27-KH/ĐU,2025,19/11/2025,Kế hoạch tuyên truyền nghị quyết số 72-NQTW,Tuyên giáo - Dân vận,"Định hướng tư tưởng cán bộ, đảng viên, củng cố khối đại đoàn kết toàn dân và tạo sự đồng thuận xã hội trong thực hiện các nhiệm vụ chính trị.","Tổ chức học tập, quán triệt sâu rộng các nghị quyết của Trung ương và Tỉnh uỷ; tuyên truyền các phong trào thi đua yêu nước, kỷ niệm các ngày lễ lớn và hoạt động Mặt trận, đoàn thể.",Bản scan đóng dấu / Ký số,,ĐU-KH-0027-2025 Kế hoạch tuyên truyền nghị quyết số 72-NQTW.signed.pdf,857.0
575,KẾ HOẠCH,28-KH/ĐU,2025,25/11/2025,KH tuyên truyền Chỉ thị 53,Tuyên giáo - Dân vận,"Định hướng tư tưởng cán bộ, đảng viên, củng cố khối đại đoàn kết toàn dân và tạo sự đồng thuận xã hội trong thực hiện các nhiệm vụ chính trị.","Tổ chức học tập, quán triệt sâu rộng các nghị quyết của Trung ương và Tỉnh uỷ; tuyên truyền các phong trào thi đua yêu nước, kỷ niệm các ngày lễ lớn và hoạt động Mặt trận, đoàn thể.",Bản scan đóng dấu / Ký số,,ĐU-KH-0028-2025 KH tuyên truyền Chỉ thị 53.signed.pdf,764.8
576,KẾ HOẠCH,29-KH/ĐU,2025,28/11/2025,Kế hoạch công tác tuyên truyền năm 2026,Tuyên giáo - Dân vận,"Định hướng tư tưởng cán bộ, đảng viên, củng cố khối đại đoàn kết toàn dân và tạo sự đồng thuận xã hội trong thực hiện các nhiệm vụ chính trị.","Tổ chức học tập, quán triệt sâu rộng các nghị quyết của Trung ương và Tỉnh uỷ; tuyên truyền các phong trào thi đua yêu nước, kỷ niệm các ngày lễ lớn và hoạt động Mặt trận, đoàn thể.",Bản scan đóng dấu / Ký số,,ĐU-KH-0029-2025 Kế hoạch công tác tuyên truyền năm 2026.signed.pdf,1301.0
577,KẾ HOẠCH,30-KH/ĐU,2025,04/12/2025,Kế hoạch triển khai thực hiện KH 07-TU và chỉ thị số 39-CTTW,Tuyên giáo - Dân vận,"Định hướng tư tưởng cán bộ, đảng viên, củng cố khối đại đoàn kết toàn dân và tạo sự đồng thuận xã hội trong thực hiện các nhiệm vụ chính trị.","Tổ chức học tập, quán triệt sâu rộng các nghị quyết của Trung ương và Tỉnh uỷ; tuyên truyền các phong trào thi đua yêu nước, kỷ niệm các ngày lễ lớn và hoạt động Mặt trận, đoàn thể.",Bản scan đóng dấu / Ký số,,ĐU-KH-0030-2025 Kế hoạch triển khai thực hiện KH 07-TU và chỉ thị số 39-CTTW.signed.pdf,1266.3
578,KẾ HOẠCH,31-KH/ĐU,2025,03/12/2025,"Kế hoạch kiểm tra các Chi, Đảng bộ trực thuộc",Kiểm tra - Giám sát Đảng,"Giữ vững kỷ cương, kỷ luật Đảng, phòng ngừa vi phạm và chủ động phát hiện dấu hiệu vi phạm ngay từ cơ sở chi bộ thôn/trường học.","Ban hành và tổ chức thực hiện kế hoạch kiểm tra, giám sát chuyên đề; giám sát thường xuyên người đứng đầu và đảng viên; giải quyết kịp thời đơn thư khiếu nại, tố cáo.",Bản scan đóng dấu / Ký số,,"ĐU-KH-0031-2025Kế hoạch kiểm tra các Chi, Đảng bộ trực thuộc.signed.pdf",1435.7
579,KẾ HOẠCH,32-KH/ĐU,2025,03/12/2025,Kế hoạch tuyên truyền nâng cao chất lượng đội ngũ CBQL giáo dục,Tuyên giáo - Dân vận,"Định hướng tư tưởng cán bộ, đảng viên, củng cố khối đại đoàn kết toàn dân và tạo sự đồng thuận xã hội trong thực hiện các nhiệm vụ chính trị.","Tổ chức học tập, quán triệt sâu rộng các nghị quyết của Trung ương và Tỉnh uỷ; tuyên truyền các phong trào thi đua yêu nước, kỷ niệm các ngày lễ lớn và hoạt động Mặt trận, đoàn thể.",Bản scan đóng dấu / Ký số,,ĐU-KH-0032-2025 Kế hoạch tuyên truyền nâng cao chất lượng đội ngũ CBQL giáo dục.signed.pdf,805.4
580,KẾ HOẠCH,33-KH/ĐU,2025,ngày 26/5/2025,"KẾ HOẠCH Kiểm điểm, đánh giá, xếp loại chất lượng hằng năm",Đất đai - Môi trường & PCTT,"bổsung các nội dung kiểm điểm đối với tập thể, cá nhân thuộc","Kiểm điểm, đánh giá, xếp loại chất lượng hằng năm đối với | tập thể, cá nhân trong hệ thống chính trị xã Công Hải | - Căn cứQuy định số294-QĐ/TW, ngày 26/5/2025 của Ban Chấp hành Trung",Văn bản số (Digital Text đầy đủ),⭐ [Kế hoạch trọng tâm],"ĐU-KH-0033-2025 KẾ HOẠCH Kiểm điểm, đánh giá, xếp loại chất lượng hằng năm.signed.signed.pdf",1725.2
581,KẾ HOẠCH,34-KH/ĐU,2025,12/12/2025,Kế hoạch quán triệt chỉ thị 52,Tuyên giáo - Dân vận,"Định hướng tư tưởng cán bộ, đảng viên, củng cố khối đại đoàn kết toàn dân và tạo sự đồng thuận xã hội trong thực hiện các nhiệm vụ chính trị.","Tổ chức học tập, quán triệt sâu rộng các nghị quyết của Trung ương và Tỉnh uỷ; tuyên truyền các phong trào thi đua yêu nước, kỷ niệm các ngày lễ lớn và hoạt động Mặt trận, đoàn thể.",Bản scan đóng dấu / Ký số,,ĐU-KH-0034-2025 Kế hoạch quán triệt chỉ thị 52.signed.pdf,808.2
582,KẾ HOẠCH,35-KH/ĐU,2025,17/12/2025,Kế hoạch tuyên truyền nghị quyết số 03-NQ-ĐU,Tuyên giáo - Dân vận,"Định hướng tư tưởng cán bộ, đảng viên, củng cố khối đại đoàn kết toàn dân và tạo sự đồng thuận xã hội trong thực hiện các nhiệm vụ chính trị.","Tổ chức học tập, quán triệt sâu rộng các nghị quyết của Trung ương và Tỉnh uỷ; tuyên truyền các phong trào thi đua yêu nước, kỷ niệm các ngày lễ lớn và hoạt động Mặt trận, đoàn thể.",Bản scan đóng dấu / Ký số,,ĐU-KH-0035-2025 Kế hoạch tuyên truyền nghị quyết số 03-NQ-ĐU.signed.pdf,849.9
583,KẾ HOẠCH,36-KH/ĐU,2025,22/12/2025,Kế hoạch tuyên truyền kết luận 196-KL,Tuyên giáo - Dân vận,"Định hướng tư tưởng cán bộ, đảng viên, củng cố khối đại đoàn kết toàn dân và tạo sự đồng thuận xã hội trong thực hiện các nhiệm vụ chính trị.","Tổ chức học tập, quán triệt sâu rộng các nghị quyết của Trung ương và Tỉnh uỷ; tuyên truyền các phong trào thi đua yêu nước, kỷ niệm các ngày lễ lớn và hoạt động Mặt trận, đoàn thể.",Bản scan đóng dấu / Ký số,,ĐU-KH-0036-2025 Kế hoạch tuyên truyền kết luận 196-KL.signed.pdf,823.8
584,KẾ HOẠCH,37-KH/ĐU,2025,24/12/2025,"Kế hoạch quán triệt, tuyên truyền chỉ thị của Trung ương",Tuyên giáo - Dân vận,"Định hướng tư tưởng cán bộ, đảng viên, củng cố khối đại đoàn kết toàn dân và tạo sự đồng thuận xã hội trong thực hiện các nhiệm vụ chính trị.","Tổ chức học tập, quán triệt sâu rộng các nghị quyết của Trung ương và Tỉnh uỷ; tuyên truyền các phong trào thi đua yêu nước, kỷ niệm các ngày lễ lớn và hoạt động Mặt trận, đoàn thể.",Bản scan đóng dấu / Ký số,,"ĐU-KH-0037-2025Kế hoạch quán triệt, tuyên truyền chỉ thị của Trung ương.signed.pdf",810.1
585,KẾ HOẠCH,38-KH/ĐU,2025,24/12/2025,kế hoạch quán triệt Nghị quyết 71,Tuyên giáo - Dân vận,"Định hướng tư tưởng cán bộ, đảng viên, củng cố khối đại đoàn kết toàn dân và tạo sự đồng thuận xã hội trong thực hiện các nhiệm vụ chính trị.","Tổ chức học tập, quán triệt sâu rộng các nghị quyết của Trung ương và Tỉnh uỷ; tuyên truyền các phong trào thi đua yêu nước, kỷ niệm các ngày lễ lớn và hoạt động Mặt trận, đoàn thể.",Bản scan đóng dấu / Ký số,,ĐU-KH-0038-2025 kế hoạch quán triệt Nghị quyết 71.signed.pdf,1011.7
586,KẾ HOẠCH,39-KH/ĐU,2025,12/01/2026,Kế hoạch quán triệt Kết luận 207 về công tác bảo vệ quyền lợi người tiêu dùng,Tuyên giáo - Dân vận,"Định hướng tư tưởng cán bộ, đảng viên, củng cố khối đại đoàn kết toàn dân và tạo sự đồng thuận xã hội trong thực hiện các nhiệm vụ chính trị.","Tổ chức học tập, quán triệt sâu rộng các nghị quyết của Trung ương và Tỉnh uỷ; tuyên truyền các phong trào thi đua yêu nước, kỷ niệm các ngày lễ lớn và hoạt động Mặt trận, đoàn thể.",Bản scan đóng dấu / Ký số,,ĐU-KH-0039-2025 Kế hoạch quán triệt Kết luận 207 về công tác bảo vệ quyền lợi người tiêu dùng.signed.pdf,916.2
587,KẾ HOẠCH,40-KH/ĐU,2026,12/01/2026,KH thực hiện chỉ thị 53,Tuyên giáo - Dân vận,"Định hướng tư tưởng cán bộ, đảng viên, củng cố khối đại đoàn kết toàn dân và tạo sự đồng thuận xã hội trong thực hiện các nhiệm vụ chính trị.","Tổ chức học tập, quán triệt sâu rộng các nghị quyết của Trung ương và Tỉnh uỷ; tuyên truyền các phong trào thi đua yêu nước, kỷ niệm các ngày lễ lớn và hoạt động Mặt trận, đoàn thể.",Bản scan đóng dấu / Ký số,,ĐU-KH-0040-2026 KH thực hiện chỉ thị 53.signed.pdf,1019.1
588,KẾ HOẠCH,41-KH/ĐU,2026,15/01/2026,KH triển khai thực hiện NQ 70 về đảm bảo an ninh quốc gia,Quốc phòng - An ninh - Nội chính,"Bảo đảm an ninh chính trị, trật tự an toàn xã hội, xây dựng xã không ma túy và hoàn thành chỉ tiêu tuyển quân quốc phòng.","Chỉ đạo Công an và Quân sự xã trực ban sẵn sàng chiến đấu, mở các đợt cao điểm tấn công trấn áp tội phạm, tuần tra vũ trang và bảo vệ tuyệt đối an toàn các ngày lễ, Tết.",Bản scan đóng dấu / Ký số,,ĐU-KH-0041-2026 KH triển khai thực hiện NQ 70 về đảm bảo an ninh quốc gia.signed.pdf,1018.2
589,KẾ HOẠCH,42-KH/ĐU,2026,26/01/2026,"Kế hoạch tổ chức quán triệt, tuyên truyền nghị quyết, chỉ thị của Trung ương, tỉnh",Tuyên giáo - Dân vận,"Định hướng tư tưởng cán bộ, đảng viên, củng cố khối đại đoàn kết toàn dân và tạo sự đồng thuận xã hội trong thực hiện các nhiệm vụ chính trị.","Tổ chức học tập, quán triệt sâu rộng các nghị quyết của Trung ương và Tỉnh uỷ; tuyên truyền các phong trào thi đua yêu nước, kỷ niệm các ngày lễ lớn và hoạt động Mặt trận, đoàn thể.",Bản scan đóng dấu / Ký số,,"ĐU-KH-0042-2026 Kế hoạch tổ chức quán triệt, tuyên truyền nghị quyết, chỉ thị của Trung ương, tỉnh.signed.pdf",810.8
590,KẾ HOẠCH,43-KH/ĐU,2026,02/02/2026,"Kế hoạch xây dựng mô hình điển hình trong học tập, làm theo tư tưởng HCM",Tuyên giáo - Dân vận,"Định hướng tư tưởng cán bộ, đảng viên, củng cố khối đại đoàn kết toàn dân và tạo sự đồng thuận xã hội trong thực hiện các nhiệm vụ chính trị.","Tổ chức học tập, quán triệt sâu rộng các nghị quyết của Trung ương và Tỉnh uỷ; tuyên truyền các phong trào thi đua yêu nước, kỷ niệm các ngày lễ lớn và hoạt động Mặt trận, đoàn thể.",Bản scan đóng dấu / Ký số,,"ĐU-KH-0043-2026 Kế hoạch xây dựng mô hình điển hình trong học tập, làm theo tư tưởng HCM.signed.pdf",1462.0
591,KẾ HOẠCH,44-KH/ĐU,2026,Năm 2026,"Kế hoạch nghiên cứu, học tập, quán triệt, tuyên truyền và triển khai thực hiện Nghị quyết Đại hội đại biểu toàn quốc lần thứ XIV của Đảng",Tuyên giáo - Dân vận,"Định hướng tư tưởng cán bộ, đảng viên, củng cố khối đại đoàn kết toàn dân và tạo sự đồng thuận xã hội trong thực hiện các nhiệm vụ chính trị.","Tổ chức học tập, quán triệt sâu rộng các nghị quyết của Trung ương và Tỉnh uỷ; tuyên truyền các phong trào thi đua yêu nước, kỷ niệm các ngày lễ lớn và hoạt động Mặt trận, đoàn thể.",Bản scan đóng dấu / Ký số,,"ĐU-KH-0044-2026 Kế hoạch nghiên cứu, học tập, quán triệt, tuyên truyền và triển khai thực hiện Nghị quyết Đại hội đại biểu toàn quốc lần thứ XIV của Đảng.pdf",240.7
592,KẾ HOẠCH,45-KH/ĐU,2026,ngày 20/02/2025,"KẾ HOẠCH thực hiện phát triển khoa học công nghệ, đổi mới sáng tạo và chuyển đổi số các cơ quan Đảng xã Công Hải năm 2026",Chuyển đổi số & CCHC,"Đẩy mạnh ứng dụng công nghệ thông tin, bảo đảm an toàn thông tin mạng và số hóa toàn diện quy trình xử lý công việc trong hệ thống chính trị xã.","thực hiện phát triển khoa học công nghệ, đổi mới sáng tạo | và chuyển đổi số các cơ quan Đảng xã Công Hải năm 2026 | Thực hiện Nghịquyết số48-NQ/TU, ngày 20/02/2025 của Tỉnh uỷvềthực",Văn bản số (Digital Text đầy đủ),⭐ [Kế hoạch trọng tâm],ĐU-KH-0045-2026 KH CDS trong các cơ quan Đảng năm 2026.signed.signed.pdf,1159.0
593,KẾ HOẠCH,46-KH/ĐU,2026,26/02/2026,KH tuyên tuyền Kết luận 213,Công tác Đảng & Quản lý điều hành,"Lãnh đạo, chỉ đạo và triển khai các nhiệm vụ chính trị trọng tâm theo KH tuyên tuyền Kết luận 213.","Tổ chức phân công nhiệm vụ cụ thể cho các cơ quan, đơn vị liên quan; theo dõi, đôn đốc tiến độ và báo cáo Thường trực, Ban Thường vụ Đảng uỷ định kỳ.",Bản scan đóng dấu / Ký số,,ĐU-KH-0046-2026 KH tuyên tuyền Kết luận 213.signed.pdf,812.4
594,KẾ HOẠCH,47-KH/ĐU,2026,26/02/2026,KH tuyên truyền kết luận 219,Tuyên giáo - Dân vận,"Định hướng tư tưởng cán bộ, đảng viên, củng cố khối đại đoàn kết toàn dân và tạo sự đồng thuận xã hội trong thực hiện các nhiệm vụ chính trị.","Tổ chức học tập, quán triệt sâu rộng các nghị quyết của Trung ương và Tỉnh uỷ; tuyên truyền các phong trào thi đua yêu nước, kỷ niệm các ngày lễ lớn và hoạt động Mặt trận, đoàn thể.",Bản scan đóng dấu / Ký số,,ĐU-KH-0047-2026 KH tuyên truyền kết luận 219.signed.pdf,812.2
595,KẾ HOẠCH,48-KH/ĐU,2026,27/02/2026,KH quán triệt Chỉ thị số 06 (1),Tuyên giáo - Dân vận,"Định hướng tư tưởng cán bộ, đảng viên, củng cố khối đại đoàn kết toàn dân và tạo sự đồng thuận xã hội trong thực hiện các nhiệm vụ chính trị.","Tổ chức học tập, quán triệt sâu rộng các nghị quyết của Trung ương và Tỉnh uỷ; tuyên truyền các phong trào thi đua yêu nước, kỷ niệm các ngày lễ lớn và hoạt động Mặt trận, đoàn thể.",Bản scan đóng dấu / Ký số,,ĐU-KH-0048-2026 KH quán triệt Chỉ thị số 06.signed (1).pdf,857.9
596,KẾ HOẠCH,49-KH/ĐU,2026,03/03/2026,Kế hoạch triển khai thực hiện Đề án 06,Chuyển đổi số & CCHC,"Đẩy mạnh ứng dụng công nghệ thông tin, bảo đảm an toàn thông tin mạng và số hóa toàn diện quy trình xử lý công việc trong hệ thống chính trị xã.","Triển khai xử lý hồ sơ trên hệ thống E-Office, đưa ứng dụng Sổ tay đảng viên điện tử vào sinh hoạt chi bộ, đẩy mạnh dịch vụ công trực tuyến và chỉ đạo Đề án 06.",Bản scan đóng dấu / Ký số,⭐ [Kế hoạch trọng tâm],ĐU-KH-0049-2026 Kế hoạch triển khai thực hiện Đề án 06.signed.pdf,1123.6
597,KẾ HOẠCH,50-KH/ĐU,2026,04/03/2026,"KH công tác văn hoá, văn nghệ năm 2026",Công tác Đảng & Quản lý điều hành,"Lãnh đạo, chỉ đạo và triển khai các nhiệm vụ chính trị trọng tâm theo KH công tác văn hoá, văn nghệ năm 2026.","Tổ chức phân công nhiệm vụ cụ thể cho các cơ quan, đơn vị liên quan; theo dõi, đôn đốc tiến độ và báo cáo Thường trực, Ban Thường vụ Đảng uỷ định kỳ.",Bản scan đóng dấu / Ký số,,"ĐU-KH-0050-2026 KH công tác văn hoá, văn nghệ năm 2026.signed.pdf",925.9
598,KẾ HOẠCH,51-KH/ĐU,2026,13/03/2026,KH công tác trọng tâm thực hiện dân chủ cơ sở,Công tác Đảng & Quản lý điều hành,"Lãnh đạo, chỉ đạo và triển khai các nhiệm vụ chính trị trọng tâm theo KH công tác trọng tâm thực hiện dân chủ cơ sở.","Tổ chức phân công nhiệm vụ cụ thể cho các cơ quan, đơn vị liên quan; theo dõi, đôn đốc tiến độ và báo cáo Thường trực, Ban Thường vụ Đảng uỷ định kỳ.",Bản scan đóng dấu / Ký số,,ĐU-KH-0051-2026 KH công tác trọng tâm thực hiện dân chủ cơ sở.signed.pdf,990.7
599,KẾ HOẠCH,52-KH/ĐU,2026,24/03/2026,KH thực hiện công tác LLCT năm 2026,Công tác Đảng & Quản lý điều hành,"Lãnh đạo, chỉ đạo và triển khai các nhiệm vụ chính trị trọng tâm theo KH thực hiện công tác LLCT năm 2026.","Tổ chức phân công nhiệm vụ cụ thể cho các cơ quan, đơn vị liên quan; theo dõi, đôn đốc tiến độ và báo cáo Thường trực, Ban Thường vụ Đảng uỷ định kỳ.",Bản scan đóng dấu / Ký số,,ĐU-KH-0052-2026 KH thực hiện công tác LLCT năm 2026.signed.pdf,667.6
600,KẾ HOẠCH,53-KH/ĐU,2026,24/03/2026,KH công tác thông tin đối ngoại năm 2026,Công tác Đảng & Quản lý điều hành,"Lãnh đạo, chỉ đạo và triển khai các nhiệm vụ chính trị trọng tâm theo KH công tác thông tin đối ngoại năm 2026.","Tổ chức phân công nhiệm vụ cụ thể cho các cơ quan, đơn vị liên quan; theo dõi, đôn đốc tiến độ và báo cáo Thường trực, Ban Thường vụ Đảng uỷ định kỳ.",Bản scan đóng dấu / Ký số,,ĐU-KH-0053-2026 KH công tác thông tin đối ngoại năm 2026.signed.pdf,649.2
601,KẾ HOẠCH,54-KH/ĐU,2026,26/03/2026,"Kế hoạch thực hiện nhiệm vụ trọng tâm, đột phá năm 2026",Công tác Đảng & Quản lý điều hành,"Lãnh đạo, chỉ đạo và triển khai các nhiệm vụ chính trị trọng tâm theo Kế hoạch thực hiện nhiệm vụ trọng tâm, đột phá năm 2026.","Tổ chức phân công nhiệm vụ cụ thể cho các cơ quan, đơn vị liên quan; theo dõi, đôn đốc tiến độ và báo cáo Thường trực, Ban Thường vụ Đảng uỷ định kỳ.",Bản scan đóng dấu / Ký số,⭐ [Kế hoạch trọng tâm],"ĐU-KH-0054-2026 Kế hoạch thực hiện nhiệm vụ trọng tâm, đột phá năm 2026.signed.pdf",751.9
602,KẾ HOẠCH,55-KH/ĐU,2026,27/03/2026,Kế hoạch triển khai tuyên truyền Kết luận chăm sóc bảo vệ trẻ em,Tuyên giáo - Dân vận,"Định hướng tư tưởng cán bộ, đảng viên, củng cố khối đại đoàn kết toàn dân và tạo sự đồng thuận xã hội trong thực hiện các nhiệm vụ chính trị.","Tổ chức học tập, quán triệt sâu rộng các nghị quyết của Trung ương và Tỉnh uỷ; tuyên truyền các phong trào thi đua yêu nước, kỷ niệm các ngày lễ lớn và hoạt động Mặt trận, đoàn thể.",Bản scan đóng dấu / Ký số,,ĐU-KH-0055-2026 Kế hoạch triển khai tuyên truyền Kết luận chăm sóc bảo vệ trẻ em.signed.pdf,437.5
603,KẾT LUẬN,2-KL/ĐU,2025,10/10/2025,Kết luận hội nghị Ban chấp hành Đảng bộ xã lần thứ I.,Công tác Đảng & Quản lý điều hành,"Lãnh đạo, chỉ đạo và triển khai các nhiệm vụ chính trị trọng tâm theo Kết luận hội nghị Ban chấp hành Đảng bộ xã lần thứ I..","Tổ chức phân công nhiệm vụ cụ thể cho các cơ quan, đơn vị liên quan; theo dõi, đôn đốc tiến độ và báo cáo Thường trực, Ban Thường vụ Đảng uỷ định kỳ.",Bản scan đóng dấu / Ký số,,ĐU-KL-0002-2025 Kết luận hội nghị Ban chấp hành Đảng bộ xã lần thứ I..pdf,1054.2
604,KẾT LUẬN,3-KL/ĐU,2025,Ngày 13/11/2025,KẾT LUẬN HỘI NGHỊ BAN CHẤP HÀNH ĐẢNG BỘ XÃ LẦN THỨ 2,Kiểm tra - Giám sát Đảng,"Giữ vững kỷ cương, kỷ luật Đảng, phòng ngừa vi phạm và chủ động phát hiện dấu hiệu vi phạm ngay từ cơ sở chi bộ thôn/trường học.","HỘI NGHỊ BAN CHẤP HÀNH ĐẢNG BỘ XÃ LẦN THỨ 2 | Ngày 13/11/2025, tại Hội trường UBND xã, Ban Chấp hành Đảng bộxã lần | thứI tổchức Hội nghịlần thứhai, cho ý kiến các nội dung: (1) Dựthảo Chương",Văn bản số (Digital Text đầy đủ),,ĐU-KL-0003-2025 KL HN BCH LẦN THỨ 2 - 13.11..2025.signed.signed.pdf,995.2
605,KẾT LUẬN,4-KL/ĐU,2025,15/12/2025,"KL của BTV về đánh giá, xếp loại cá nhân CB lãnh đạo, quản lý xã CH năm 2025",Công tác Đảng & Quản lý điều hành,"Lãnh đạo, chỉ đạo và triển khai các nhiệm vụ chính trị trọng tâm theo KL của BTV về đánh giá, xếp loại cá nhân CB lãnh đạo, quản lý xã CH năm 2025.","Tổ chức phân công nhiệm vụ cụ thể cho các cơ quan, đơn vị liên quan; theo dõi, đôn đốc tiến độ và báo cáo Thường trực, Ban Thường vụ Đảng uỷ định kỳ.",Bản scan đóng dấu / Ký số,,"ĐU-KL-0004-2025 KL của BTV về đánh giá, xếp loại cá nhân CB lãnh đạo, quản lý xã CH năm 2025.signed.pdf",1611.3
606,KẾT LUẬN,5-KL/ĐU,2025,15/12/2025,"Kết luận của BTV về đánh giá, xếp loại cá nhân CB lãnh đạo, quản lý xã Công Hải năm 2025 (Vũ Thị Thùy Trang)",Công tác Đảng & Quản lý điều hành,"Lãnh đạo, chỉ đạo và triển khai các nhiệm vụ chính trị trọng tâm theo Kết luận của BTV về đánh giá, xếp loại cá nhân CB lãnh đạo, quản lý xã Công Hải năm 2025 (Vũ Thị Thùy Trang).","Tổ chức phân công nhiệm vụ cụ thể cho các cơ quan, đơn vị liên quan; theo dõi, đôn đốc tiến độ và báo cáo Thường trực, Ban Thường vụ Đảng uỷ định kỳ.",Bản scan đóng dấu / Ký số,,"ĐU-KL-0005-2025 Kết luận của BTV về đánh giá, xếp loại cá nhân CB lãnh đạo, quản lý xã Công Hải năm 2025 (Vũ Thị Thùy Trang).signed.pdf",770.7
607,KẾT LUẬN,6-KL/ĐU,2025,15/12/2025,"KL của BTV đánh giá, xếp loại cb lãnh đạo (Nguyễn Xuân Hoàng)",Công tác Đảng & Quản lý điều hành,"Lãnh đạo, chỉ đạo và triển khai các nhiệm vụ chính trị trọng tâm theo KL của BTV đánh giá, xếp loại cb lãnh đạo (Nguyễn Xuân Hoàng).","Tổ chức phân công nhiệm vụ cụ thể cho các cơ quan, đơn vị liên quan; theo dõi, đôn đốc tiến độ và báo cáo Thường trực, Ban Thường vụ Đảng uỷ định kỳ.",Bản scan đóng dấu / Ký số,,"ĐU-KL-0006-2025 KL của BTV đánh giá, xếp loại cb lãnh đạo (Nguyễn Xuân Hoàng).signed.pdf",768.1
608,KẾT LUẬN,7-KL/ĐU,2025,15/12/2025,"KL của BTV đảng ủy về đánh giá, xếp loại (Trương Minh Vũ)",Công tác Đảng & Quản lý điều hành,"Lãnh đạo, chỉ đạo và triển khai các nhiệm vụ chính trị trọng tâm theo KL của BTV đảng ủy về đánh giá, xếp loại (Trương Minh Vũ).","Tổ chức phân công nhiệm vụ cụ thể cho các cơ quan, đơn vị liên quan; theo dõi, đôn đốc tiến độ và báo cáo Thường trực, Ban Thường vụ Đảng uỷ định kỳ.",Bản scan đóng dấu / Ký số,,"ĐU-KL-0007-2025 KL của BTV đảng ủy về đánh giá, xếp loại (Trương Minh Vũ).signed.pdf",755.0
609,KẾT LUẬN,9-KL/ĐU,2025,Ngày 17/12/2025,KL Hoi nghi BCH lan thu 3- danh gia tinh hinh thucn hien nhiem vu nam 2025.,Kinh tế - Ngân sách,"các cơ quan, đơn vịđược phân công chủtrì tham mưu thực hiện, chủđộng","Hội nghị Ban Chấp hành Đảng bộ xã lần thứ 3 | Ngày 17/12/2025, Ban Chấp hành Đảng bộxã tổchức Hội nghịcho ý kiến | các nội dung: (1) Đánh giá tình hình, kết quảthực hiện nhiệm vụnăm 2025; (2)",Văn bản số (Digital Text đầy đủ),,ĐU-KL-0009-2025 KL Hoi nghi  BCH lan thu 3- danh gia tinh hinh thucn hien nhiem vu nam 2025..pdf,1084.1
610,NGHỊ QUYẾT,01-NQ/,2025,ngày 11/08/2025,"Nghị quyết số 01-NQ/ĐH ngày 11/08/2025 của Đại hội đại biểu Đảng bộ xã Công Hải lần thứ I về Nghị quyết Đại hội đại biểu Đảng bộ xã Công Hải lần thứ I, nhiệm kỳ 2025 - 2030",Kinh tế - Ngân sách,"Chỉ đạo phát triển kinh tế địa phương, duy trì tốc độ tăng trưởng hai con số, đẩy mạnh thu ngân sách và huy động vốn đầu tư toàn xã hội.","# Nghị quyết số 01-NQ/ĐH ngày 11/08/2025 của Đại hội đại biểu Đảng bộ xã Công Hải lần thứ I về Nghị quyết Đại hội đại biểu Đảng bộ xã Công Hải lần thứ I, nhiệm kỳ 2025 - 2030 | - Mã hồ sơ / mã lưu trữ: A32.65-ĐU-NQ-0001-2025 | - Cơ quan ban hành: Đại hội đại biểu Đảng bộ xã Công Hải lần thứ I, nhiệm kỳ 2025 - 2030",Văn bản số (Markdown đầy đủ),🌟 [Tri thức cốt lõi - Nghị quyết],A32.65-ĐU-NQ-0001-2025.md,30.4
611,NGHỊ QUYẾT,1-NQ/ĐU,2025,Năm 2025,Nghị Quyết số 1 năm 2025,Tuyên giáo - Dân vận,"Định hướng tư tưởng cán bộ, đảng viên, củng cố khối đại đoàn kết toàn dân và tạo sự đồng thuận xã hội trong thực hiện các nhiệm vụ chính trị.","Tổ chức học tập, quán triệt sâu rộng các nghị quyết của Trung ương và Tỉnh uỷ; tuyên truyền các phong trào thi đua yêu nước, kỷ niệm các ngày lễ lớn và hoạt động Mặt trận, đoàn thể.",Bản scan đóng dấu / Ký số,🌟 [Tri thức cốt lõi - Nghị quyết],A32.65-ĐU-NQ-0001-2025.pdf,635.9
612,NGHỊ QUYẾT,02,2025,ngày 31/8/2023,"NGHỊ QUYẾT số 02 -NQ/ĐU ngày 31/8/2023 của Ban Thường vụ Đảng uỷ xã Công Hải về thực hiện Nghị quyết số 57-NQ/TW ngày 22/12/20224 của Bộ Chính trị về đẩy mạnh phát triển khoa học, công nghệ, đổi mới sáng tạo và chuyển đổi số quốc gia",Kinh tế - Ngân sách,"Chỉ đạo phát triển kinh tế địa phương, duy trì tốc độ tăng trưởng hai con số, đẩy mạnh thu ngân sách và huy động vốn đầu tư toàn xã hội.","# NGHỊ QUYẾT số 02 -NQ/ĐU ngày 31/8/2023 của Ban Thường vụ Đảng uỷ xã Công Hải về thực hiện Nghị quyết số 57-NQ/TW ngày 22/12/20224 của Bộ Chính trị về đẩy mạnh phát triển khoa học, công nghệ, đổi mới sáng tạo và chuyển đổi số quốc gia | - Mã hồ sơ / mã lưu trữ: A32.65-ĐU-NQ-0002-2025 | - Cơ quan ban hành: Ban Thường vụ Đảng uỷ xã Công Hải",Văn bản số (Markdown đầy đủ),🌟 [Tri thức cốt lõi - Nghị quyết],A32.65-ĐU-NQ-0002-2025.md,30.8
613,NGHỊ QUYẾT,2-NQ/ĐU,2025,ngày 22/12/2024,Nghị Quyết số 2 năm 2025,Kinh tế - Ngân sách,"Chỉ đạo phát triển kinh tế địa phương, duy trì tốc độ tăng trưởng hai con số, đẩy mạnh thu ngân sách và huy động vốn đầu tư toàn xã hội.","thực hiện Nghị quyết số 57-NQ/TW ngày 22/12/2024 của Bộ Chính trị | về đột phá phát triển khoa học công nghệ, đổi mới sáng tạo | Phát triển khoa học, công nghệ, đổi mới sáng tạo và chuyển đổi sốđang là nhân",Văn bản số (Digital Text đầy đủ),🌟 [Tri thức cốt lõi - Nghị quyết],A32.65-ĐU-NQ-0002-2025.pdf,1124.3
614,NGHỊ QUYẾT,03,2025,ngày 05 tháng 12 năm 2023,"NGHỊ QUYẾT số 03 -NQ/ĐU ngày 05 tháng 12 năm 2023 của BAN THƯỜNG VỤ ĐẢNG ỦY XÃ CÔNG HẢI về tăng cường sự lãnh đạo của Đảng đối với công tác phòng, chống, kiểm soát ma túy và xây dựng xã Công Hải trở thành xã không ma túy, giai đoạn 2025 - 2030",Kinh tế - Ngân sách,"Quán triệt, nâng cao nhận thức, phát huy vai trò, trách nhiệm của người đứng đầu, các cấp ủy, tổ chức đảng, các ban, ngành, mặt trận, đoàn thể và Nhân dân để huy động sức mạnh của cả hệ thống chính trị và toàn xã hội tham gia phòng, chống và kiểm soát ma túy","# NGHỊ QUYẾT số 03 -NQ/ĐU ngày 05 tháng 12 năm 2023 của BAN THƯỜNG VỤ ĐẢNG ỦY XÃ CÔNG HẢI về tăng cường sự lãnh đạo của Đảng đối với công tác phòng, chống, kiểm soát ma túy và xây dựng xã Công Hải trở thành xã không ma túy, giai đoạn 2025 - 2030 | - Mã hồ sơ / mã lưu trữ: A32.65-ĐU-NQ-0003-2025 | - Cơ quan ban hành: BAN THƯỜNG VỤ ĐẢNG ỦY XÃ CÔNG HẢ",Văn bản số (Markdown đầy đủ),🌟 [Tri thức cốt lõi - Nghị quyết],A32.65-ĐU-NQ-0003-2025.md,18.8
615,NGHỊ QUYẾT,3-NQ/ĐU,2025,ngày 18/3/2025,Nghị Quyết số 3 năm 2025,Kinh tế - Ngân sách,"Quán triệt, nâng cao nhận thức, phát huy vai trò, trách nhiệm của người đứng","về tăng cường sự lãnh đạo của Đảng đối với công tác phòng, chống, | kiểm soát ma túy và xây dựng xã Công Hải trở thành xã không ma túy, | Thời gian qua, được sựquan tâm lãnh đạo, chỉđạo chặt chẽcủa các cấp uỷ",Văn bản số (Digital Text đầy đủ),🌟 [Tri thức cốt lõi - Nghị quyết],A32.65-ĐU-NQ-0003-2025.pdf,1078.2
616,NGHỊ QUYẾT,04,2025,ngày 05 tháng 12 năm 2025,"NGHỊ QUYẾT số 04 -NQ/ĐU ngày 05 tháng 12 năm 2025 của ĐẢNG UỶ XÃ CÔNG HẢI về Về tăng cường sự lãnh đạo của Đảng trong công tác phòng ngừa, đấu tranh, xử lý tội phạm và hành vi vi phạm pháp luật trong lĩnh vực đất đai, trật tự xây dựng, tài nguyên, khoáng sản và môi trường trên địa bàn xã Công Hải, giai đoạn 2025 - 2030",Kinh tế - Ngân sách,"Tăng cường, nâng cao năng lực lãnh đạo toàn diện, trực tiếp, sức chiến đấu của toàn Đảng bộ đối với công tác phòng ngừa, đấu tranh với các loại tội phạm, các hành vi vi phạm pháp luật về đất đai, trật tự xây dựng, tài nguyên, khoáng sản và môi trường","# NGHỊ QUYẾT số 04 -NQ/ĐU ngày 05 tháng 12 năm 2025 của ĐẢNG UỶ XÃ CÔNG HẢI về Về tăng cường sự lãnh đạo của Đảng trong công tác phòng ngừa, đấu tranh, xử lý tội phạm và hành vi vi phạm pháp luật trong lĩnh vực đất đai, trật tự xây dựng, tài nguyên, khoáng sản và môi trường trên địa bàn xã Công Hải, giai đoạn 2025 - 2030 | - Mã hồ sơ / mã lưu trữ: ",Văn bản số (Markdown đầy đủ),🌟 [Tri thức cốt lõi - Nghị quyết],A32.65-ĐU-NQ-0004-2025.md,11.8
617,NGHỊ QUYẾT,4-NQ/ĐU,2025,05/12/2025,Nghị Quyết số 4 năm 2025,Kinh tế - Ngân sách,"Tăng cường, nâng cao năng lực lãnh đạo toàn diện, trực tiếp, sức chiến đấu của","Về tăng cường sự lãnh đạo của Đảng trong công tác phòng ngừa, đấu tranh, | xử lý tội phạm và hành vi vi phạm pháp luật trong lĩnh vực đất đai, trật tự | xây dựng, tài nguyên, khoáng sản và môi trường trên địa bàn xã Công Hải,",Văn bản số (Digital Text đầy đủ),🌟 [Tri thức cốt lõi - Nghị quyết],A32.65-ĐU-NQ-0004-2025.pdf,1081.6
618,NGHỊ QUYẾT,05-NQ/,2025,ngày 26 tháng 12 năm 2025,"Nghị quyết số 05-NQ/ĐU ngày 26 tháng 12 năm 2025 của Ban Chấp hành Đảng bộ xã về phương hướng, nhiệm vụ năm 2026",Kinh tế - Ngân sách,TỔNG QUÁT: Tập trung lãnh đạo thực hiện các nhiệm vụ chính trị quan trọng của xã,"# Nghị quyết số 05-NQ/ĐU ngày 26 tháng 12 năm 2025 của Ban Chấp hành Đảng bộ xã về phương hướng, nhiệm vụ năm 2026 | - Mã hồ sơ / mã lưu trữ: A32.65-ĐU-NQ-0005-2025 | - Cơ quan ban hành: Ban Chấp hành Đảng bộ xã Công Hải",Văn bản số (Markdown đầy đủ),🌟 [Tri thức cốt lõi - Nghị quyết],A32.65-ĐU-NQ-0005-2025.md,37.1
619,NGHỊ QUYẾT,5-NQ/ĐU,2025,Năm 2025,Nghị Quyết số 5 năm 2025,Tuyên giáo - Dân vận,"Định hướng tư tưởng cán bộ, đảng viên, củng cố khối đại đoàn kết toàn dân và tạo sự đồng thuận xã hội trong thực hiện các nhiệm vụ chính trị.","Tổ chức học tập, quán triệt sâu rộng các nghị quyết của Trung ương và Tỉnh uỷ; tuyên truyền các phong trào thi đua yêu nước, kỷ niệm các ngày lễ lớn và hoạt động Mặt trận, đoàn thể.",Bản scan đóng dấu / Ký số,🌟 [Tri thức cốt lõi - Nghị quyết],A32.65-ĐU-NQ-0005-2025.pdf,897.3
620,NGHỊ QUYẾT,07,2026,ngày 13 tháng 3 năm 2026,"NGHỊ QUYẾT số 07 -NQ/ĐU ngày 13 tháng 3 năm 2026 của ĐẢNG ỦY XÃ CÔNG HẢI về nâng cao năng lực lãnh đạo, chỉ đạo và chất lượng sinh hoạt chi bộ giai đoạn 2026 - 2030 và những năm tiếp theo",Kinh tế - Ngân sách,"Chỉ đạo phát triển kinh tế địa phương, duy trì tốc độ tăng trưởng hai con số, đẩy mạnh thu ngân sách và huy động vốn đầu tư toàn xã hội.","# NGHỊ QUYẾT số 07 -NQ/ĐU ngày 13 tháng 3 năm 2026 của ĐẢNG ỦY XÃ CÔNG HẢI về nâng cao năng lực lãnh đạo, chỉ đạo và chất lượng sinh hoạt chi bộ giai đoạn 2026 - 2030 và những năm tiếp theo | - Mã hồ sơ / mã lưu trữ: A32.65-ĐU-NQ-0007-2026 | - Trích yếu / tiêu đề: Về nâng cao năng lực lãnh đạo, chỉ đạo và chất lượng sinh hoạt chi bộ giai đoạn 2026 ",Văn bản số (Markdown đầy đủ),🌟 [Tri thức cốt lõi - Nghị quyết],A32.65-ĐU-NQ-0007-2026.md,21.3
621,NGHỊ QUYẾT,7-NQ/ĐU,2026,13/03/2026,Nghị Quyết số 7 năm 2026,Tuyên giáo - Dân vận,"Định hướng tư tưởng cán bộ, đảng viên, củng cố khối đại đoàn kết toàn dân và tạo sự đồng thuận xã hội trong thực hiện các nhiệm vụ chính trị.","Tổ chức học tập, quán triệt sâu rộng các nghị quyết của Trung ương và Tỉnh uỷ; tuyên truyền các phong trào thi đua yêu nước, kỷ niệm các ngày lễ lớn và hoạt động Mặt trận, đoàn thể.",Bản scan đóng dấu / Ký số,🌟 [Tri thức cốt lõi - Nghị quyết],A32.65-ĐU-NQ-0007-2026.pdf,1203.4
622,QUY CHẾ,1-QC/ĐU,2026,13/01/2026,Quy Chế số 1 năm 2026,Công tác Đảng & Quản lý điều hành,"Lãnh đạo, chỉ đạo và triển khai các nhiệm vụ chính trị trọng tâm theo Quy Chế số 1 năm 2026.","Tổ chức phân công nhiệm vụ cụ thể cho các cơ quan, đơn vị liên quan; theo dõi, đôn đốc tiến độ và báo cáo Thường trực, Ban Thường vụ Đảng uỷ định kỳ.",Bản scan đóng dấu / Ký số,,A32.65-ĐU-QC-0001-2026.pdf,1189.3
623,QUY CHẾ,2-QC/ĐU,2026,13/01/2026,Quy Chế số 2 năm 2026,Công tác Đảng & Quản lý điều hành,"Lãnh đạo, chỉ đạo và triển khai các nhiệm vụ chính trị trọng tâm theo Quy Chế số 2 năm 2026.","Tổ chức phân công nhiệm vụ cụ thể cho các cơ quan, đơn vị liên quan; theo dõi, đôn đốc tiến độ và báo cáo Thường trực, Ban Thường vụ Đảng uỷ định kỳ.",Bản scan đóng dấu / Ký số,,A32.65-ĐU-QC-0002-2026.pdf,1122.3
624,QUY CHẾ,3-QC/ĐU,2026,13/01/2026,Quy Chế số 3 năm 2026,Công tác Đảng & Quản lý điều hành,"Lãnh đạo, chỉ đạo và triển khai các nhiệm vụ chính trị trọng tâm theo Quy Chế số 3 năm 2026.","Tổ chức phân công nhiệm vụ cụ thể cho các cơ quan, đơn vị liên quan; theo dõi, đôn đốc tiến độ và báo cáo Thường trực, Ban Thường vụ Đảng uỷ định kỳ.",Bản scan đóng dấu / Ký số,,A32.65-ĐU-QC-0003-2026.pdf,1140.9
625,QUY CHẾ,4-QC/ĐU,2026,13/01/2026,Quy Chế số 4 năm 2026,Công tác Đảng & Quản lý điều hành,"Lãnh đạo, chỉ đạo và triển khai các nhiệm vụ chính trị trọng tâm theo Quy Chế số 4 năm 2026.","Tổ chức phân công nhiệm vụ cụ thể cho các cơ quan, đơn vị liên quan; theo dõi, đôn đốc tiến độ và báo cáo Thường trực, Ban Thường vụ Đảng uỷ định kỳ.",Bản scan đóng dấu / Ký số,,A32.65-ĐU-QC-0004-2026.pdf,1130.2
626,QUY ĐỊNH,1-QĐ/ĐU,2025,24/11/2025,Quy Định số 1 năm 2025,Công tác Đảng & Quản lý điều hành,"Lãnh đạo, chỉ đạo và triển khai các nhiệm vụ chính trị trọng tâm theo Quy Định số 1 năm 2025.","Tổ chức phân công nhiệm vụ cụ thể cho các cơ quan, đơn vị liên quan; theo dõi, đôn đốc tiến độ và báo cáo Thường trực, Ban Thường vụ Đảng uỷ định kỳ.",Bản scan đóng dấu / Ký số,,A32.65-ĐU-QĐ-0001-2025.pdf,1191.3
627,QUY ĐỊNH,2-QĐ/ĐU,2025,Năm 2025,Quy Định số 2 năm 2025,Công tác Đảng & Quản lý điều hành,"Lãnh đạo, chỉ đạo và triển khai các nhiệm vụ chính trị trọng tâm theo Quy Định số 2 năm 2025.","Tổ chức phân công nhiệm vụ cụ thể cho các cơ quan, đơn vị liên quan; theo dõi, đôn đốc tiến độ và báo cáo Thường trực, Ban Thường vụ Đảng uỷ định kỳ.",Bản scan đóng dấu / Ký số,,A32.65-ĐU-QĐ-0002-2025.pdf,851.4
628,QUY ĐỊNH,3-QĐ/ĐU,2025,28/01/2026,Quy Định số 3 năm 2025,Công tác Đảng & Quản lý điều hành,"Lãnh đạo, chỉ đạo và triển khai các nhiệm vụ chính trị trọng tâm theo Quy Định số 3 năm 2025.","Tổ chức phân công nhiệm vụ cụ thể cho các cơ quan, đơn vị liên quan; theo dõi, đôn đốc tiến độ và báo cáo Thường trực, Ban Thường vụ Đảng uỷ định kỳ.",Bản scan đóng dấu / Ký số,,A32.65-ĐU-QĐ-0003-2025.pdf,1121.0
629,QUY ĐỊNH,4-QĐ/ĐU,2025,28/01/2026,Quy Định số 4 năm 2025,Công tác Đảng & Quản lý điều hành,"Lãnh đạo, chỉ đạo và triển khai các nhiệm vụ chính trị trọng tâm theo Quy Định số 4 năm 2025.","Tổ chức phân công nhiệm vụ cụ thể cho các cơ quan, đơn vị liên quan; theo dõi, đôn đốc tiến độ và báo cáo Thường trực, Ban Thường vụ Đảng uỷ định kỳ.",Bản scan đóng dấu / Ký số,,A32.65-ĐU-QĐ-0004-2025.pdf,1312.7
630,QUY ĐỊNH,5-QĐ/ĐU,2026,12/03/2026,"Quy định tiêu chuẩn, chức danh CB diện BTV quản lý",Công tác Đảng & Quản lý điều hành,"Lãnh đạo, chỉ đạo và triển khai các nhiệm vụ chính trị trọng tâm theo Quy định tiêu chuẩn, chức danh CB diện BTV quản lý.","Tổ chức phân công nhiệm vụ cụ thể cho các cơ quan, đơn vị liên quan; theo dõi, đôn đốc tiến độ và báo cáo Thường trực, Ban Thường vụ Đảng uỷ định kỳ.",Bản scan đóng dấu / Ký số,,"ĐU-QĐ-0005-2026 Quy định tiêu chuẩn, chức danh CB diện BTV quản lý.signed.pdf",1785.6
631,QUY ĐỊNH,6-QĐ/ĐU,2026,12/03/2026,Quy định về phân cấp quản lý CB,Công tác Đảng & Quản lý điều hành,"Lãnh đạo, chỉ đạo và triển khai các nhiệm vụ chính trị trọng tâm theo Quy định về phân cấp quản lý CB.","Tổ chức phân công nhiệm vụ cụ thể cho các cơ quan, đơn vị liên quan; theo dõi, đôn đốc tiến độ và báo cáo Thường trực, Ban Thường vụ Đảng uỷ định kỳ.",Bản scan đóng dấu / Ký số,,ĐU-QĐ-0006-2026 Quy định về phân cấp quản lý CB.signed.pdf,5436.1
632,QUY ĐỊNH,7-QĐ/ĐU,2026,12/03/2026,"Quy định về Vị trí, chức danh",Công tác Đảng & Quản lý điều hành,"Lãnh đạo, chỉ đạo và triển khai các nhiệm vụ chính trị trọng tâm theo Quy định về Vị trí, chức danh.","Tổ chức phân công nhiệm vụ cụ thể cho các cơ quan, đơn vị liên quan; theo dõi, đôn đốc tiến độ và báo cáo Thường trực, Ban Thường vụ Đảng uỷ định kỳ.",Bản scan đóng dấu / Ký số,,"ĐU-QĐ-0007-2026 Quy định về  Vị trí, chức danh.signed.pdf",959.1
633,QUYẾT ĐỊNH,5-QĐ/ĐU,2025,04/09/2025,Quyết Định số 5 năm 2025,Công tác Đảng & Quản lý điều hành,"Lãnh đạo, chỉ đạo và triển khai các nhiệm vụ chính trị trọng tâm theo Quyết Định số 5 năm 2025.","Tổ chức phân công nhiệm vụ cụ thể cho các cơ quan, đơn vị liên quan; theo dõi, đôn đốc tiến độ và báo cáo Thường trực, Ban Thường vụ Đảng uỷ định kỳ.",Bản scan đóng dấu / Ký số,,A32.65-ĐU-QĐ-0005-2025.pdf,1517.0
634,QUYẾT ĐỊNH,6-QĐ/ĐU,2025,ngày 24/6/2025,"QUYẾT ĐỊNH Về việc tiếp nhận, điều động và bổ nhiệm cán bộ",Công tác Tổ chức - Đảng viên,"Củng cố tổ chức cơ sở đảng, nâng cao năng lực lãnh đạo, chất lượng sinh hoạt chi bộ và hoàn thành chỉ tiêu phát triển đảng viên mới.","Về việc tiếp nhận, điều động và bổ nhiệm cán bộ | - Căn cứ Luật Cán bộ, công chức ngày 24/6/2025; | - Căn cứNghịđịnh số170/2025/NĐ-CP, ngày 30/6/2025 của Chính phủ",Văn bản số (Digital Text đầy đủ),,A32.65-ĐU-QĐ-0006-2025.pdf,968.8
635,QUYẾT ĐỊNH,7-QĐ/ĐU,2025,ngày 22/12/2024,"QUYẾT ĐỊNH thành lập Ban Chỉ đạo phát triển khoa học, công nghệ, đổi mới sáng tạo và chuyển đổi số xã Công Hải",Kinh tế - Ngân sách,"Chỉ đạo phát triển kinh tế địa phương, duy trì tốc độ tăng trưởng hai con số, đẩy mạnh thu ngân sách và huy động vốn đầu tư toàn xã hội.","thành lập Ban Chỉ đạo phát triển khoa học, công nghệ, | đổi mới sáng tạo và chuyển đổi số xã Công Hải | Căn cứNghịquyết số57-NQ/TW, ngày 22/12/2024 của BộChính trịvềđột",Văn bản số (Digital Text đầy đủ),,A32.65-ĐU-QĐ-0007-2025.pdf,986.0
636,QUYẾT ĐỊNH,9-QĐ/ĐU,2025,18/09/2025,Quyết Định số 9 năm 2025,Công tác Đảng & Quản lý điều hành,"Lãnh đạo, chỉ đạo và triển khai các nhiệm vụ chính trị trọng tâm theo Quyết Định số 9 năm 2025.","Tổ chức phân công nhiệm vụ cụ thể cho các cơ quan, đơn vị liên quan; theo dõi, đôn đốc tiến độ và báo cáo Thường trực, Ban Thường vụ Đảng uỷ định kỳ.",Bản scan đóng dấu / Ký số,,A32.65-ĐU-QĐ-0009-2025.pdf,1642.3
637,QUYẾT ĐỊNH,10-QĐ/ĐU,2025,Năm 2025,Quyết Định số 10 năm 2025,Công tác Đảng & Quản lý điều hành,"Lãnh đạo, chỉ đạo và triển khai các nhiệm vụ chính trị trọng tâm theo Quyết Định số 10 năm 2025.","Tổ chức phân công nhiệm vụ cụ thể cho các cơ quan, đơn vị liên quan; theo dõi, đôn đốc tiến độ và báo cáo Thường trực, Ban Thường vụ Đảng uỷ định kỳ.",Bản scan đóng dấu / Ký số,,A32.65-ĐU-QĐ-0010-2025.pdf,71.4
638,QUYẾT ĐỊNH,11-QĐ/ĐU,2025,ngày 24/6/2025,QUYẾT ĐỊNH thành lập Ban Chỉ đạo công tác bầu cử đại biểu Quốc hội khóa XVI và bầu cử đại biểu Hội đồng nhân dân các cấp nhiệm kỳ 2026 - 2031,Công tác Tổ chức - Đảng viên,"Củng cố tổ chức cơ sở đảng, nâng cao năng lực lãnh đạo, chất lượng sinh hoạt chi bộ và hoàn thành chỉ tiêu phát triển đảng viên mới.",thành lập Ban Chỉ đạo công tác bầu cử đại biểu Quốc hội khóa XVI | và bầu cử đại biểu Hội đồng nhân dân các cấp nhiệm kỳ 2026 - 2031 | - Căn cứLuật Bầu cửđại biểu Quốc hội và đại biểu Hội đồng nhân dân số,Văn bản số (Digital Text đầy đủ),,A32.65-ĐU-QĐ-0011-2025.pdf,990.3
639,QUYẾT ĐỊNH,12-QĐ/ĐU,2025,21/10/2025,Quyết Định số 12 năm 2025,Công tác Đảng & Quản lý điều hành,"Lãnh đạo, chỉ đạo và triển khai các nhiệm vụ chính trị trọng tâm theo Quyết Định số 12 năm 2025.","Tổ chức phân công nhiệm vụ cụ thể cho các cơ quan, đơn vị liên quan; theo dõi, đôn đốc tiến độ và báo cáo Thường trực, Ban Thường vụ Đảng uỷ định kỳ.",Bản scan đóng dấu / Ký số,,A32.65-ĐU-QĐ-0012-2025.pdf,635.7
640,QUYẾT ĐỊNH,13-QĐ/ĐU,2025,21/10/2025,Quyết Định số 13 năm 2025,Công tác Đảng & Quản lý điều hành,"Lãnh đạo, chỉ đạo và triển khai các nhiệm vụ chính trị trọng tâm theo Quyết Định số 13 năm 2025.","Tổ chức phân công nhiệm vụ cụ thể cho các cơ quan, đơn vị liên quan; theo dõi, đôn đốc tiến độ và báo cáo Thường trực, Ban Thường vụ Đảng uỷ định kỳ.",Bản scan đóng dấu / Ký số,,A32.65-ĐU-QĐ-0013-2025.pdf,710.7
641,QUYẾT ĐỊNH,14-QĐ/ĐU,2025,22/10/2025,Quyết Định số 14 năm 2025,Công tác Đảng & Quản lý điều hành,"Lãnh đạo, chỉ đạo và triển khai các nhiệm vụ chính trị trọng tâm theo Quyết Định số 14 năm 2025.","Tổ chức phân công nhiệm vụ cụ thể cho các cơ quan, đơn vị liên quan; theo dõi, đôn đốc tiến độ và báo cáo Thường trực, Ban Thường vụ Đảng uỷ định kỳ.",Bản scan đóng dấu / Ký số,,A32.65-ĐU-QĐ-0014-2025.pdf,707.2
642,QUYẾT ĐỊNH,15-QĐ/ĐU,2025,27/10/2025,Quyết Định số 15 năm 2025,Công tác Đảng & Quản lý điều hành,"Lãnh đạo, chỉ đạo và triển khai các nhiệm vụ chính trị trọng tâm theo Quyết Định số 15 năm 2025.","Tổ chức phân công nhiệm vụ cụ thể cho các cơ quan, đơn vị liên quan; theo dõi, đôn đốc tiến độ và báo cáo Thường trực, Ban Thường vụ Đảng uỷ định kỳ.",Bản scan đóng dấu / Ký số,,A32.65-ĐU-QĐ-0015-2025.pdf,714.5
643,QUYẾT ĐỊNH,16-QĐ/ĐU,2025,Năm 2025,Quyết Định số 16 năm 2025,Công tác Đảng & Quản lý điều hành,"Lãnh đạo, chỉ đạo và triển khai các nhiệm vụ chính trị trọng tâm theo Quyết Định số 16 năm 2025.","Tổ chức phân công nhiệm vụ cụ thể cho các cơ quan, đơn vị liên quan; theo dõi, đôn đốc tiến độ và báo cáo Thường trực, Ban Thường vụ Đảng uỷ định kỳ.",Bản scan đóng dấu / Ký số,,A32.65-ĐU-QĐ-0016-2025.pdf,112.9
644,QUYẾT ĐỊNH,17-QĐ/ĐU,2025,29/10/2025,Quyết Định số 17 năm 2025,Công tác Đảng & Quản lý điều hành,"Lãnh đạo, chỉ đạo và triển khai các nhiệm vụ chính trị trọng tâm theo Quyết Định số 17 năm 2025.","Tổ chức phân công nhiệm vụ cụ thể cho các cơ quan, đơn vị liên quan; theo dõi, đôn đốc tiến độ và báo cáo Thường trực, Ban Thường vụ Đảng uỷ định kỳ.",Bản scan đóng dấu / Ký số,,A32.65-ĐU-QĐ-0017-2025.pdf,757.6
645,QUYẾT ĐỊNH,18-QĐ/ĐU,2025,Năm 2025,Quyết Định số 18 năm 2025,Công tác Đảng & Quản lý điều hành,"Lãnh đạo, chỉ đạo và triển khai các nhiệm vụ chính trị trọng tâm theo Quyết Định số 18 năm 2025.","Tổ chức phân công nhiệm vụ cụ thể cho các cơ quan, đơn vị liên quan; theo dõi, đôn đốc tiến độ và báo cáo Thường trực, Ban Thường vụ Đảng uỷ định kỳ.",Bản scan đóng dấu / Ký số,,A32.65-ĐU-QĐ-0018-2025.pdf,157.1
646,QUYẾT ĐỊNH,19-QĐ/ĐU,2025,Năm 2025,Quyết Định số 19 năm 2025,Công tác Đảng & Quản lý điều hành,"Lãnh đạo, chỉ đạo và triển khai các nhiệm vụ chính trị trọng tâm theo Quyết Định số 19 năm 2025.","Tổ chức phân công nhiệm vụ cụ thể cho các cơ quan, đơn vị liên quan; theo dõi, đôn đốc tiến độ và báo cáo Thường trực, Ban Thường vụ Đảng uỷ định kỳ.",Bản scan đóng dấu / Ký số,,A32.65-ĐU-QĐ-0019-2025.pdf,147.1
647,QUYẾT ĐỊNH,20-QĐ/ĐU,2025,Năm 2025,Quyết Định số 20 năm 2025,Công tác Đảng & Quản lý điều hành,"Lãnh đạo, chỉ đạo và triển khai các nhiệm vụ chính trị trọng tâm theo Quyết Định số 20 năm 2025.","Tổ chức phân công nhiệm vụ cụ thể cho các cơ quan, đơn vị liên quan; theo dõi, đôn đốc tiến độ và báo cáo Thường trực, Ban Thường vụ Đảng uỷ định kỳ.",Bản scan đóng dấu / Ký số,,A32.65-ĐU-QĐ-0020-2025.pdf,160.5
648,QUYẾT ĐỊNH,21-QĐ/ĐU,2025,14/11/2025,Quyết Định số 21 năm 2025,Công tác Đảng & Quản lý điều hành,"Lãnh đạo, chỉ đạo và triển khai các nhiệm vụ chính trị trọng tâm theo Quyết Định số 21 năm 2025.","Tổ chức phân công nhiệm vụ cụ thể cho các cơ quan, đơn vị liên quan; theo dõi, đôn đốc tiến độ và báo cáo Thường trực, Ban Thường vụ Đảng uỷ định kỳ.",Bản scan đóng dấu / Ký số,,A32.65-ĐU-QĐ-0021-2025.pdf,771.3
649,QUYẾT ĐỊNH,22-QĐ/ĐU,2025,Năm 2025,Quyết Định số 22 năm 2025,Công tác Đảng & Quản lý điều hành,"Lãnh đạo, chỉ đạo và triển khai các nhiệm vụ chính trị trọng tâm theo Quyết Định số 22 năm 2025.","Tổ chức phân công nhiệm vụ cụ thể cho các cơ quan, đơn vị liên quan; theo dõi, đôn đốc tiến độ và báo cáo Thường trực, Ban Thường vụ Đảng uỷ định kỳ.",Bản scan đóng dấu / Ký số,,A32.65-ĐU-QĐ-0022-2025.pdf,187.0
650,QUYẾT ĐỊNH,23-QĐ/ĐU,2025,Năm 2025,Quyết Định số 23 năm 2025,Công tác Đảng & Quản lý điều hành,"Lãnh đạo, chỉ đạo và triển khai các nhiệm vụ chính trị trọng tâm theo Quyết Định số 23 năm 2025.","Tổ chức phân công nhiệm vụ cụ thể cho các cơ quan, đơn vị liên quan; theo dõi, đôn đốc tiến độ và báo cáo Thường trực, Ban Thường vụ Đảng uỷ định kỳ.",Bản scan đóng dấu / Ký số,,A32.65-ĐU-QĐ-0023-2025.pdf,349.0
651,QUYẾT ĐỊNH,24-QĐ/ĐU,2025,24/11/2025,Quyết Định số 24 năm 2025,Công tác Đảng & Quản lý điều hành,"Lãnh đạo, chỉ đạo và triển khai các nhiệm vụ chính trị trọng tâm theo Quyết Định số 24 năm 2025.","Tổ chức phân công nhiệm vụ cụ thể cho các cơ quan, đơn vị liên quan; theo dõi, đôn đốc tiến độ và báo cáo Thường trực, Ban Thường vụ Đảng uỷ định kỳ.",Bản scan đóng dấu / Ký số,,A32.65-ĐU-QĐ-0024-2025.pdf,1332.8
652,QUYẾT ĐỊNH,25-QĐ/ĐU,2025,05/12/2025,Quyết Định số 25 năm 2025,Công tác Đảng & Quản lý điều hành,"Lãnh đạo, chỉ đạo và triển khai các nhiệm vụ chính trị trọng tâm theo Quyết Định số 25 năm 2025.","Tổ chức phân công nhiệm vụ cụ thể cho các cơ quan, đơn vị liên quan; theo dõi, đôn đốc tiến độ và báo cáo Thường trực, Ban Thường vụ Đảng uỷ định kỳ.",Bản scan đóng dấu / Ký số,,A32.65-ĐU-QĐ-0025-2025.pdf,2067.9
653,QUYẾT ĐỊNH,26-QĐ/ĐU,2025,ngày 30/08/2025,"QUYẾT ĐỊNH Về việc ban hành Quy chế đánh giá, xếp loại chất lượng cán bộ, công chức, viên chức trên địa bàn xã Công Hải",Tuyên giáo - Dân vận,"Định hướng tư tưởng cán bộ, đảng viên, củng cố khối đại đoàn kết toàn dân và tạo sự đồng thuận xã hội trong thực hiện các nhiệm vụ chính trị.","Về việc ban hành Quy chế đánh giá, xếp loại chất lượng | cán bộ, công chức, viên chức trên địa bàn xã Công Hải | - Căn cứQuy định số366-QĐ/TW, ngày 30/08/2025 của BộChính trị",Văn bản số (Digital Text đầy đủ),,A32.65-ĐU-QĐ-0026-2025.pdf,2071.3
654,QUYẾT ĐỊNH,27-QĐ/ĐU,2025,Năm 2025,Quyết Định số 27 năm 2025,Công tác Đảng & Quản lý điều hành,"Lãnh đạo, chỉ đạo và triển khai các nhiệm vụ chính trị trọng tâm theo Quyết Định số 27 năm 2025.","Tổ chức phân công nhiệm vụ cụ thể cho các cơ quan, đơn vị liên quan; theo dõi, đôn đốc tiến độ và báo cáo Thường trực, Ban Thường vụ Đảng uỷ định kỳ.",Bản scan đóng dấu / Ký số,,A32.65-ĐU-QĐ-0027-2025.pdf,152.3
655,QUYẾT ĐỊNH,28-QĐ/ĐU,2025,Năm 2025,Quyết Định số 28 năm 2025,Công tác Đảng & Quản lý điều hành,"Lãnh đạo, chỉ đạo và triển khai các nhiệm vụ chính trị trọng tâm theo Quyết Định số 28 năm 2025.","Tổ chức phân công nhiệm vụ cụ thể cho các cơ quan, đơn vị liên quan; theo dõi, đôn đốc tiến độ và báo cáo Thường trực, Ban Thường vụ Đảng uỷ định kỳ.",Bản scan đóng dấu / Ký số,,A32.65-ĐU-QĐ-0028-2025.pdf,151.1
656,QUYẾT ĐỊNH,29-QĐ/ĐU,2025,Năm 2025,Quyết Định số 29 năm 2025,Công tác Đảng & Quản lý điều hành,"Lãnh đạo, chỉ đạo và triển khai các nhiệm vụ chính trị trọng tâm theo Quyết Định số 29 năm 2025.","Tổ chức phân công nhiệm vụ cụ thể cho các cơ quan, đơn vị liên quan; theo dõi, đôn đốc tiến độ và báo cáo Thường trực, Ban Thường vụ Đảng uỷ định kỳ.",Bản scan đóng dấu / Ký số,,A32.65-ĐU-QĐ-0029-2025.pdf,149.4
657,QUYẾT ĐỊNH,30-QĐ/ĐU,2025,Năm 2025,Quyết Định số 30 năm 2025,Công tác Đảng & Quản lý điều hành,"Lãnh đạo, chỉ đạo và triển khai các nhiệm vụ chính trị trọng tâm theo Quyết Định số 30 năm 2025.","Tổ chức phân công nhiệm vụ cụ thể cho các cơ quan, đơn vị liên quan; theo dõi, đôn đốc tiến độ và báo cáo Thường trực, Ban Thường vụ Đảng uỷ định kỳ.",Bản scan đóng dấu / Ký số,,A32.65-ĐU-QĐ-0030-2025.pdf,140.9
658,QUYẾT ĐỊNH,31-QĐ/ĐU,2025,Năm 2025,Quyết Định số 31 năm 2025,Công tác Đảng & Quản lý điều hành,"Lãnh đạo, chỉ đạo và triển khai các nhiệm vụ chính trị trọng tâm theo Quyết Định số 31 năm 2025.","Tổ chức phân công nhiệm vụ cụ thể cho các cơ quan, đơn vị liên quan; theo dõi, đôn đốc tiến độ và báo cáo Thường trực, Ban Thường vụ Đảng uỷ định kỳ.",Bản scan đóng dấu / Ký số,,A32.65-ĐU-QĐ-0031-2025.pdf,184.8
659,QUYẾT ĐỊNH,32-QĐ/ĐU,2025,Năm 2025,Quyết Định số 32 năm 2025,Công tác Đảng & Quản lý điều hành,"Lãnh đạo, chỉ đạo và triển khai các nhiệm vụ chính trị trọng tâm theo Quyết Định số 32 năm 2025.","Tổ chức phân công nhiệm vụ cụ thể cho các cơ quan, đơn vị liên quan; theo dõi, đôn đốc tiến độ và báo cáo Thường trực, Ban Thường vụ Đảng uỷ định kỳ.",Bản scan đóng dấu / Ký số,,A32.65-ĐU-QĐ-0032-2025.pdf,144.2
660,QUYẾT ĐỊNH,33-QĐ/ĐU,2025,Năm 2025,Quyết Định số 33 năm 2025,Công tác Đảng & Quản lý điều hành,"Lãnh đạo, chỉ đạo và triển khai các nhiệm vụ chính trị trọng tâm theo Quyết Định số 33 năm 2025.","Tổ chức phân công nhiệm vụ cụ thể cho các cơ quan, đơn vị liên quan; theo dõi, đôn đốc tiến độ và báo cáo Thường trực, Ban Thường vụ Đảng uỷ định kỳ.",Bản scan đóng dấu / Ký số,,A32.65-ĐU-QĐ-0033-2025.pdf,192.0
661,QUYẾT ĐỊNH,34-QĐ/ĐU,2025,30/12/2025,Quyết Định số 34 năm 2025,Công tác Đảng & Quản lý điều hành,"Lãnh đạo, chỉ đạo và triển khai các nhiệm vụ chính trị trọng tâm theo Quyết Định số 34 năm 2025.","Tổ chức phân công nhiệm vụ cụ thể cho các cơ quan, đơn vị liên quan; theo dõi, đôn đốc tiến độ và báo cáo Thường trực, Ban Thường vụ Đảng uỷ định kỳ.",Bản scan đóng dấu / Ký số,,A32.65-ĐU-QĐ-0034-2025.pdf,1309.5
662,QUYẾT ĐỊNH,35-QĐ/ĐU,2025,30/12/2025,Quyết Định số 35 năm 2025,Công tác Đảng & Quản lý điều hành,"Lãnh đạo, chỉ đạo và triển khai các nhiệm vụ chính trị trọng tâm theo Quyết Định số 35 năm 2025.","Tổ chức phân công nhiệm vụ cụ thể cho các cơ quan, đơn vị liên quan; theo dõi, đôn đốc tiến độ và báo cáo Thường trực, Ban Thường vụ Đảng uỷ định kỳ.",Bản scan đóng dấu / Ký số,,A32.65-ĐU-QĐ-0035-2025.pdf,1422.1
663,QUYẾT ĐỊNH,36-QĐ/ĐU,2025,08/01/2026,Quyết Định số 36 năm 2025,Công tác Đảng & Quản lý điều hành,"Lãnh đạo, chỉ đạo và triển khai các nhiệm vụ chính trị trọng tâm theo Quyết Định số 36 năm 2025.","Tổ chức phân công nhiệm vụ cụ thể cho các cơ quan, đơn vị liên quan; theo dõi, đôn đốc tiến độ và báo cáo Thường trực, Ban Thường vụ Đảng uỷ định kỳ.",Bản scan đóng dấu / Ký số,,A32.65-ĐU-QĐ-0036-2025.pdf,1280.2
664,QUYẾT ĐỊNH,37-QĐ/ĐU,2025,08/01/2026,Quyết Định số 37 năm 2025,Công tác Đảng & Quản lý điều hành,"Lãnh đạo, chỉ đạo và triển khai các nhiệm vụ chính trị trọng tâm theo Quyết Định số 37 năm 2025.","Tổ chức phân công nhiệm vụ cụ thể cho các cơ quan, đơn vị liên quan; theo dõi, đôn đốc tiến độ và báo cáo Thường trực, Ban Thường vụ Đảng uỷ định kỳ.",Bản scan đóng dấu / Ký số,,A32.65-ĐU-QĐ-0037-2025.pdf,2352.0
665,QUYẾT ĐỊNH,38-QĐ/ĐU,2026,19/01/2026,Quyết Định số 38 năm 2026,Công tác Đảng & Quản lý điều hành,"Lãnh đạo, chỉ đạo và triển khai các nhiệm vụ chính trị trọng tâm theo Quyết Định số 38 năm 2026.","Tổ chức phân công nhiệm vụ cụ thể cho các cơ quan, đơn vị liên quan; theo dõi, đôn đốc tiến độ và báo cáo Thường trực, Ban Thường vụ Đảng uỷ định kỳ.",Bản scan đóng dấu / Ký số,,A32.65-ĐU-QĐ-0038-2026.pdf,2894.7
666,QUYẾT ĐỊNH,39-QĐ/ĐU,2026,27/01/2026,Quyết Định số 39 năm 2026,Công tác Đảng & Quản lý điều hành,"Lãnh đạo, chỉ đạo và triển khai các nhiệm vụ chính trị trọng tâm theo Quyết Định số 39 năm 2026.","Tổ chức phân công nhiệm vụ cụ thể cho các cơ quan, đơn vị liên quan; theo dõi, đôn đốc tiến độ và báo cáo Thường trực, Ban Thường vụ Đảng uỷ định kỳ.",Bản scan đóng dấu / Ký số,,A32.65-ĐU-QĐ-0039-2026.pdf,739.3
667,QUYẾT ĐỊNH,40-QĐ/ĐU,2026,27/01/2026,Quyết Định số 40 năm 2026,Công tác Đảng & Quản lý điều hành,"Lãnh đạo, chỉ đạo và triển khai các nhiệm vụ chính trị trọng tâm theo Quyết Định số 40 năm 2026.","Tổ chức phân công nhiệm vụ cụ thể cho các cơ quan, đơn vị liên quan; theo dõi, đôn đốc tiến độ và báo cáo Thường trực, Ban Thường vụ Đảng uỷ định kỳ.",Bản scan đóng dấu / Ký số,,A32.65-ĐU-QĐ-0040-2026.pdf,835.7
668,QUYẾT ĐỊNH,41-QĐ/ĐU,2026,27/01/2026,Quyết Định số 41 năm 2026,Công tác Đảng & Quản lý điều hành,"Lãnh đạo, chỉ đạo và triển khai các nhiệm vụ chính trị trọng tâm theo Quyết Định số 41 năm 2026.","Tổ chức phân công nhiệm vụ cụ thể cho các cơ quan, đơn vị liên quan; theo dõi, đôn đốc tiến độ và báo cáo Thường trực, Ban Thường vụ Đảng uỷ định kỳ.",Bản scan đóng dấu / Ký số,,A32.65-ĐU-QĐ-0041-2026.pdf,1362.9
669,QUYẾT ĐỊNH,42-QĐ/ĐU,2026,27/01/2026,Quyết Định số 42 năm 2026,Công tác Đảng & Quản lý điều hành,"Lãnh đạo, chỉ đạo và triển khai các nhiệm vụ chính trị trọng tâm theo Quyết Định số 42 năm 2026.","Tổ chức phân công nhiệm vụ cụ thể cho các cơ quan, đơn vị liên quan; theo dõi, đôn đốc tiến độ và báo cáo Thường trực, Ban Thường vụ Đảng uỷ định kỳ.",Bản scan đóng dấu / Ký số,,A32.65-ĐU-QĐ-0042-2026.pdf,1214.5
670,QUYẾT ĐỊNH,43-QĐ/ĐU,2026,27/01/2026,Quyết Định số 43 năm 2026,Công tác Đảng & Quản lý điều hành,"Lãnh đạo, chỉ đạo và triển khai các nhiệm vụ chính trị trọng tâm theo Quyết Định số 43 năm 2026.","Tổ chức phân công nhiệm vụ cụ thể cho các cơ quan, đơn vị liên quan; theo dõi, đôn đốc tiến độ và báo cáo Thường trực, Ban Thường vụ Đảng uỷ định kỳ.",Bản scan đóng dấu / Ký số,,A32.65-ĐU-QĐ-0043-2026.pdf,932.4
671,QUYẾT ĐỊNH,44-QĐ/ĐU,2026,Năm 2026,Quyết Định số 44 năm 2026,Công tác Đảng & Quản lý điều hành,"Lãnh đạo, chỉ đạo và triển khai các nhiệm vụ chính trị trọng tâm theo Quyết Định số 44 năm 2026.","Tổ chức phân công nhiệm vụ cụ thể cho các cơ quan, đơn vị liên quan; theo dõi, đôn đốc tiến độ và báo cáo Thường trực, Ban Thường vụ Đảng uỷ định kỳ.",Bản scan đóng dấu / Ký số,,A32.65-ĐU-QĐ-0044-2026.pdf,191.8
672,QUYẾT ĐỊNH,45-QĐ/ĐU,2026,Năm 2026,Quyết Định số 45 năm 2026,Công tác Đảng & Quản lý điều hành,"Lãnh đạo, chỉ đạo và triển khai các nhiệm vụ chính trị trọng tâm theo Quyết Định số 45 năm 2026.","Tổ chức phân công nhiệm vụ cụ thể cho các cơ quan, đơn vị liên quan; theo dõi, đôn đốc tiến độ và báo cáo Thường trực, Ban Thường vụ Đảng uỷ định kỳ.",Bản scan đóng dấu / Ký số,,A32.65-ĐU-QĐ-0045-2026.pdf,185.7
673,QUYẾT ĐỊNH,46-QĐ/ĐU,2026,Năm 2026,Quyết Định số 46 năm 2026,Công tác Đảng & Quản lý điều hành,"Lãnh đạo, chỉ đạo và triển khai các nhiệm vụ chính trị trọng tâm theo Quyết Định số 46 năm 2026.","Tổ chức phân công nhiệm vụ cụ thể cho các cơ quan, đơn vị liên quan; theo dõi, đôn đốc tiến độ và báo cáo Thường trực, Ban Thường vụ Đảng uỷ định kỳ.",Bản scan đóng dấu / Ký số,,A32.65-ĐU-QĐ-0046-2026.pdf,185.4
674,QUYẾT ĐỊNH,47-QĐ/ĐU,2026,Năm 2026,Quyết Định số 47 năm 2026,Công tác Đảng & Quản lý điều hành,"Lãnh đạo, chỉ đạo và triển khai các nhiệm vụ chính trị trọng tâm theo Quyết Định số 47 năm 2026.","Tổ chức phân công nhiệm vụ cụ thể cho các cơ quan, đơn vị liên quan; theo dõi, đôn đốc tiến độ và báo cáo Thường trực, Ban Thường vụ Đảng uỷ định kỳ.",Bản scan đóng dấu / Ký số,,A32.65-ĐU-QĐ-0047-2026.pdf,187.7
675,QUYẾT ĐỊNH,48-QĐ/ĐU,2026,Năm 2026,Quyết Định số 48 năm 2026,Công tác Đảng & Quản lý điều hành,"Lãnh đạo, chỉ đạo và triển khai các nhiệm vụ chính trị trọng tâm theo Quyết Định số 48 năm 2026.","Tổ chức phân công nhiệm vụ cụ thể cho các cơ quan, đơn vị liên quan; theo dõi, đôn đốc tiến độ và báo cáo Thường trực, Ban Thường vụ Đảng uỷ định kỳ.",Bản scan đóng dấu / Ký số,,A32.65-ĐU-QĐ-0048-2026.pdf,184.3
676,QUYẾT ĐỊNH,49-QĐ/ĐU,2026,10/02/2026,Quyết Định số 49 năm 2026,Công tác Đảng & Quản lý điều hành,"Lãnh đạo, chỉ đạo và triển khai các nhiệm vụ chính trị trọng tâm theo Quyết Định số 49 năm 2026.","Tổ chức phân công nhiệm vụ cụ thể cho các cơ quan, đơn vị liên quan; theo dõi, đôn đốc tiến độ và báo cáo Thường trực, Ban Thường vụ Đảng uỷ định kỳ.",Bản scan đóng dấu / Ký số,,A32.65-ĐU-QĐ-0049-2026.pdf,719.4
677,QUYẾT ĐỊNH,50-QĐ/ĐU,2026,26/02/2026,Quyết Định số 50 năm 2026,Công tác Đảng & Quản lý điều hành,"Lãnh đạo, chỉ đạo và triển khai các nhiệm vụ chính trị trọng tâm theo Quyết Định số 50 năm 2026.","Tổ chức phân công nhiệm vụ cụ thể cho các cơ quan, đơn vị liên quan; theo dõi, đôn đốc tiến độ và báo cáo Thường trực, Ban Thường vụ Đảng uỷ định kỳ.",Bản scan đóng dấu / Ký số,,A32.65-ĐU-QĐ-0050-2026.pdf,729.2
678,QUYẾT ĐỊNH,51-QĐ/ĐU,2026,26/02/2026,Quyết Định số 51 năm 2026,Công tác Đảng & Quản lý điều hành,"Lãnh đạo, chỉ đạo và triển khai các nhiệm vụ chính trị trọng tâm theo Quyết Định số 51 năm 2026.","Tổ chức phân công nhiệm vụ cụ thể cho các cơ quan, đơn vị liên quan; theo dõi, đôn đốc tiến độ và báo cáo Thường trực, Ban Thường vụ Đảng uỷ định kỳ.",Bản scan đóng dấu / Ký số,,A32.65-ĐU-QĐ-0051-2026.pdf,710.2
679,QUYẾT ĐỊNH,52-QĐ/ĐU,2026,26/02/2026,Quyết Định số 52 năm 2026,Công tác Đảng & Quản lý điều hành,"Lãnh đạo, chỉ đạo và triển khai các nhiệm vụ chính trị trọng tâm theo Quyết Định số 52 năm 2026.","Tổ chức phân công nhiệm vụ cụ thể cho các cơ quan, đơn vị liên quan; theo dõi, đôn đốc tiến độ và báo cáo Thường trực, Ban Thường vụ Đảng uỷ định kỳ.",Bản scan đóng dấu / Ký số,,A32.65-ĐU-QĐ-0052-2026.pdf,704.7
680,QUYẾT ĐỊNH,53-QĐ/ĐU,2026,26/02/2026,Quyết Định số 53 năm 2026,Công tác Đảng & Quản lý điều hành,"Lãnh đạo, chỉ đạo và triển khai các nhiệm vụ chính trị trọng tâm theo Quyết Định số 53 năm 2026.","Tổ chức phân công nhiệm vụ cụ thể cho các cơ quan, đơn vị liên quan; theo dõi, đôn đốc tiến độ và báo cáo Thường trực, Ban Thường vụ Đảng uỷ định kỳ.",Bản scan đóng dấu / Ký số,,A32.65-ĐU-QĐ-0053-2026.pdf,721.4
681,QUYẾT ĐỊNH,54-QĐ/ĐU,2026,Năm 2026,Quyết Định số 54 năm 2026,Công tác Đảng & Quản lý điều hành,"Lãnh đạo, chỉ đạo và triển khai các nhiệm vụ chính trị trọng tâm theo Quyết Định số 54 năm 2026.","Tổ chức phân công nhiệm vụ cụ thể cho các cơ quan, đơn vị liên quan; theo dõi, đôn đốc tiến độ và báo cáo Thường trực, Ban Thường vụ Đảng uỷ định kỳ.",Bản scan đóng dấu / Ký số,,A32.65-ĐU-QĐ-0054-2026.pdf,187.0
682,QUYẾT ĐỊNH,55-QĐ/ĐU,2026,24/03/2026,Quyết Định số 55 năm 2026,Công tác Đảng & Quản lý điều hành,"Lãnh đạo, chỉ đạo và triển khai các nhiệm vụ chính trị trọng tâm theo Quyết Định số 55 năm 2026.","Tổ chức phân công nhiệm vụ cụ thể cho các cơ quan, đơn vị liên quan; theo dõi, đôn đốc tiến độ và báo cáo Thường trực, Ban Thường vụ Đảng uỷ định kỳ.",Bản scan đóng dấu / Ký số,,A32.65-ĐU-QĐ-0055-2026.pdf,271.7
683,QUYẾT ĐỊNH,57-QĐ/ĐU,2026,12/03/2026,Quyết Định số 57 năm 2026,Công tác Đảng & Quản lý điều hành,"Lãnh đạo, chỉ đạo và triển khai các nhiệm vụ chính trị trọng tâm theo Quyết Định số 57 năm 2026.","Tổ chức phân công nhiệm vụ cụ thể cho các cơ quan, đơn vị liên quan; theo dõi, đôn đốc tiến độ và báo cáo Thường trực, Ban Thường vụ Đảng uỷ định kỳ.",Bản scan đóng dấu / Ký số,,A32.65-ĐU-QĐ-0057-2026.pdf,718.9
684,QUYẾT ĐỊNH,58-QĐ/ĐU,2026,23/03/2026,Quyết Định số 58 năm 2026,Công tác Đảng & Quản lý điều hành,"Lãnh đạo, chỉ đạo và triển khai các nhiệm vụ chính trị trọng tâm theo Quyết Định số 58 năm 2026.","Tổ chức phân công nhiệm vụ cụ thể cho các cơ quan, đơn vị liên quan; theo dõi, đôn đốc tiến độ và báo cáo Thường trực, Ban Thường vụ Đảng uỷ định kỳ.",Bản scan đóng dấu / Ký số,,A32.65-ĐU-QĐ-0058-2026.pdf,494.9
685,QUYẾT ĐỊNH,1-QĐ/ĐU,2025,Năm 2025,QĐ nâng bậc lương thường xuyên đ.v Patau Xá Quốc,Công tác Đảng & Quản lý điều hành,"Lãnh đạo, chỉ đạo và triển khai các nhiệm vụ chính trị trọng tâm theo QĐ nâng bậc lương thường xuyên đ.v Patau Xá Quốc.","Tổ chức phân công nhiệm vụ cụ thể cho các cơ quan, đơn vị liên quan; theo dõi, đôn đốc tiến độ và báo cáo Thường trực, Ban Thường vụ Đảng uỷ định kỳ.",Bản scan đóng dấu / Ký số,,ĐU-QĐ-0001-2025 QĐ nâng bậc lương thường xuyên đ.v Patau Xá Quốc.pdf,74.7
686,QUYẾT ĐỊNH,2-QĐ/ĐU,2025,Năm 2025,QĐ nâng bậc lương thường xuyên đ.v KaTor Xung,Công tác Đảng & Quản lý điều hành,"Lãnh đạo, chỉ đạo và triển khai các nhiệm vụ chính trị trọng tâm theo QĐ nâng bậc lương thường xuyên đ.v KaTor Xung.","Tổ chức phân công nhiệm vụ cụ thể cho các cơ quan, đơn vị liên quan; theo dõi, đôn đốc tiến độ và báo cáo Thường trực, Ban Thường vụ Đảng uỷ định kỳ.",Bản scan đóng dấu / Ký số,,ĐU-QĐ-0002-2025 QĐ nâng bậc lương thường xuyên đ.v KaTor Xung.pdf,69.5
687,QUYẾT ĐỊNH,3-QĐ/ĐU,2025,Năm 2025,QĐ giải quyết thôi việc theo Nghị định 178 đ.c PiNangVô,Công tác Đảng & Quản lý điều hành,"Lãnh đạo, chỉ đạo và triển khai các nhiệm vụ chính trị trọng tâm theo QĐ giải quyết thôi việc theo Nghị định 178 đ.c PiNangVô.","Tổ chức phân công nhiệm vụ cụ thể cho các cơ quan, đơn vị liên quan; theo dõi, đôn đốc tiến độ và báo cáo Thường trực, Ban Thường vụ Đảng uỷ định kỳ.",Bản scan đóng dấu / Ký số,,ĐU-QĐ-0003-2025 QĐ giải quyết thôi việc theo Nghị định 178 đ.c PiNangVô.pdf,98.9
688,QUYẾT ĐỊNH,4-QĐ/ĐU,2025,Năm 2025,QĐ giải quyết thôi việc theo NĐ 178 đ.c Chamalea Khuyên,Công tác Đảng & Quản lý điều hành,"Lãnh đạo, chỉ đạo và triển khai các nhiệm vụ chính trị trọng tâm theo QĐ giải quyết thôi việc theo NĐ 178 đ.c Chamalea Khuyên.","Tổ chức phân công nhiệm vụ cụ thể cho các cơ quan, đơn vị liên quan; theo dõi, đôn đốc tiến độ và báo cáo Thường trực, Ban Thường vụ Đảng uỷ định kỳ.",Bản scan đóng dấu / Ký số,,ĐU-QĐ-0004-2025 QĐ giải quyết thôi việc theo NĐ 178 đ.c Chamalea Khuyên.pdf,107.4
689,THÔNG BÁO,1-TB/ĐU,2025,Năm 2025,Thông báo Kết luận của Thường trực Đảng ủy về một số nội dung họp ngày 13-8,Công tác Đảng & Quản lý điều hành,"Lãnh đạo, chỉ đạo và triển khai các nhiệm vụ chính trị trọng tâm theo Thông báo Kết luận của Thường trực Đảng ủy về một số nội dung họp ngày 13-8.","Tổ chức phân công nhiệm vụ cụ thể cho các cơ quan, đơn vị liên quan; theo dõi, đôn đốc tiến độ và báo cáo Thường trực, Ban Thường vụ Đảng uỷ định kỳ.",Bản scan đóng dấu / Ký số,,ĐU-TB-0001-2025 Thông báo Kết luận của Thường trực Đảng ủy về một số nội dung họp ngày 13-8.pdf,77.4
690,THÔNG BÁO,3-TB/ĐU,2025,Năm 2025,Thông báo một số một số nội dung họp BTV ngày 14-8,Công tác Đảng & Quản lý điều hành,"Lãnh đạo, chỉ đạo và triển khai các nhiệm vụ chính trị trọng tâm theo Thông báo một số một số nội dung họp BTV ngày 14-8.","Tổ chức phân công nhiệm vụ cụ thể cho các cơ quan, đơn vị liên quan; theo dõi, đôn đốc tiến độ và báo cáo Thường trực, Ban Thường vụ Đảng uỷ định kỳ.",Bản scan đóng dấu / Ký số,,ĐU-TB-0003-2025 Thông báo một số một số nội dung họp BTV ngày 14-8.pdf,86.6
691,THÔNG BÁO,-/THÔNG BÁO,2025,Năm 2025,ĐU-TB-0004-Thông báo chương trình làm việc của TT với trường học,Công tác Đảng & Quản lý điều hành,"Lãnh đạo, chỉ đạo và triển khai các nhiệm vụ chính trị trọng tâm theo ĐU-TB-0004-Thông báo chương trình làm việc của TT với trường học.","Tổ chức phân công nhiệm vụ cụ thể cho các cơ quan, đơn vị liên quan; theo dõi, đôn đốc tiến độ và báo cáo Thường trực, Ban Thường vụ Đảng uỷ định kỳ.",Bản scan đóng dấu / Ký số,,ĐU-TB-0004-Thông báo chương trình làm việc của TT với trường học.pdf,76.3
692,THÔNG BÁO,5-TB/ĐU,2025,ngày 26/8/2025,THÔNG BÁO KẾT LUẬN CỦA THƯỜNG TRỰC ĐẢNG ỦY về một số nội dung cuộc họp ngày 26/8/2025,Đất đai - Môi trường & PCTT,"Tăng cường hiệu lực quản lý nhà nước về đất đai, trật tự xây dựng, tài nguyên khoáng sản và chủ động ứng phó thiên tai, mưa lũ.","về một số nội dung cuộc họp ngày 26/8/2025 | Ngày 26/8/2025, Thường trực Đảng ủy họp nghe báo cáo và cho ý kiến các | nội dung: (1) tình hình thực hiện nhiệm vụtừngày 01/7 đến nay; nhiệm vụtrọng",Văn bản số (Digital Text đầy đủ),,ĐU-TB-0005-2025 TBKL họp Thường trực ngày 26-8-2025.pdf,1089.1
693,THÔNG BÁO,6-TB/ĐU,2025,ngày 08/02/2023,THÔNG BÁO KẾT LUẬN CỦA THƯỜNG TRỰC ĐẢNG ỦY v ề c h o chủ trương thành lập Hội đồng Đội xã,Công tác Đảng & Quản lý điều hành,"Lãnh đạo, chỉ đạo và triển khai các nhiệm vụ chính trị trọng tâm theo THÔNG BÁO KẾT LUẬN CỦA THƯỜNG TRỰC ĐẢNG ỦY v ề c h o chủ trương thành lập Hội đồng Đội xã.","Căn cứQuy định số753-QĐ/TU, ngày 08/02/2023 của Ban Thường vụ | Tỉnh ủy vềphân cấp quản lý cán bộvà bổnhiệm, giới thiệu cán bộứng cử; | Quyết định số1076-QĐ/TU, ngày 17/01/2025 của Ban Thường vụTỉnh uỷvề",Văn bản số (Digital Text đầy đủ),,ĐU-TB-0006-2025 TB_TTĐU cho chủ trương thành lập Hội đồng Đội xã.signed.signed.pdf,985.7
694,THÔNG BÁO,7-TB/ĐU,2025,ngày 08/02/2023,"THÔNG BÁO KẾT LUẬN CỦA THƯỜNG TRỰC ĐẢNG ỦY v ề c h o chủ trương thực hiện quy trình kiện toàn, bổ sung Ủy viên Ban Chấp hành, Ban Thường vụ và chức danh Phó Chủ tịch Hội Nông dân xã,",Công tác Tổ chức - Đảng viên,"Củng cố tổ chức cơ sở đảng, nâng cao năng lực lãnh đạo, chất lượng sinh hoạt chi bộ và hoàn thành chỉ tiêu phát triển đảng viên mới.","chủ trương thực hiện quy trình kiện toàn, bổ sung Ủy viên Ban | Chấp hành, Ban Thường vụ và chức danh Phó Chủ tịch Hội Nông dân xã, | Căn cứQuy định số753-QĐ/TU, ngày 08/02/2023 của Ban Thường vụ",Văn bản số (Digital Text đầy đủ),,ĐU-TB-0007-2025 TB_TTĐU cho chủ trương kiện toàn PCT HND xã..pdf,976.3
695,THÔNG BÁO,8-TB/ĐU,2025,25/09/2025,Thông báo kết luận họp Thường trực ngày 16-9,Công tác Đảng & Quản lý điều hành,"Lãnh đạo, chỉ đạo và triển khai các nhiệm vụ chính trị trọng tâm theo Thông báo kết luận họp Thường trực ngày 16-9.","Tổ chức phân công nhiệm vụ cụ thể cho các cơ quan, đơn vị liên quan; theo dõi, đôn đốc tiến độ và báo cáo Thường trực, Ban Thường vụ Đảng uỷ định kỳ.",Bản scan đóng dấu / Ký số,,ĐU-TB-0008-2025 Thông báo kết luận họp Thường trực ngày 16-9.signed.pdf,782.4
696,THÔNG BÁO,9-TB/ĐU,2025,18/09/2025,Thông báo kết luận về nội dung họp BTV ngày 17-9,Công tác Đảng & Quản lý điều hành,"Lãnh đạo, chỉ đạo và triển khai các nhiệm vụ chính trị trọng tâm theo Thông báo kết luận về nội dung họp BTV ngày 17-9.","Tổ chức phân công nhiệm vụ cụ thể cho các cơ quan, đơn vị liên quan; theo dõi, đôn đốc tiến độ và báo cáo Thường trực, Ban Thường vụ Đảng uỷ định kỳ.",Bản scan đóng dấu / Ký số,,ĐU-TB-0009-2025 Thông báo kết luận về nội dung họp BTV ngày 17-9.signed.pdf,754.6
697,THÔNG BÁO,13-TTr/,2025,Ngày 19/9/2025,THÔNG BÁO KẾT LUẬN CỦA THƯỜNG TRỰC ĐẢNG ỦY cho chủ trương sắp xếp đơn vị sự nghiệp trực thuộc UBND xã,Chuyển đổi số & CCHC,"Đẩy mạnh ứng dụng công nghệ thông tin, bảo đảm an toàn thông tin mạng và số hóa toàn diện quy trình xử lý công việc trong hệ thống chính trị xã.","cho chủ trương sắp xếp đơn vị sự nghiệp trực thuộc UBND xã | Ngày 19/9/2025, Thường trực Đảng uỷhọp nghe Đảng uỷUBND xã báo | cáo đềxuất phương án sắp xếp đơn vịsựnghiệp trực thuộc UBND xã (theo Tờ",Văn bản số (Digital Text đầy đủ),,ĐU-TB-0010-TBKL TT cho chủ trương sắp xếp đơn vị sự nghiệp thuộc UBND xã.pdf,972.2
698,THÔNG BÁO,11-TB/ĐU,2025,23/09/2025,Thông báo chương trình làm việc với các TCCSĐ trực thuộc,Công tác Đảng & Quản lý điều hành,"Lãnh đạo, chỉ đạo và triển khai các nhiệm vụ chính trị trọng tâm theo Thông báo chương trình làm việc với các TCCSĐ trực thuộc.","Tổ chức phân công nhiệm vụ cụ thể cho các cơ quan, đơn vị liên quan; theo dõi, đôn đốc tiến độ và báo cáo Thường trực, Ban Thường vụ Đảng uỷ định kỳ.",Bản scan đóng dấu / Ký số,,ĐU-TB-0011-2025 Thông báo chương trình làm việc với các TCCSĐ trực thuộc.signed.signed.pdf,1347.6
699,THÔNG BÁO,12-TB/ĐU,2025,23/09/2025,"Thông báo chương trình làm việc với các cơ quan tham mưu, giúp việc Đảng ủy",Công tác Đảng & Quản lý điều hành,"Lãnh đạo, chỉ đạo và triển khai các nhiệm vụ chính trị trọng tâm theo Thông báo chương trình làm việc với các cơ quan tham mưu, giúp việc Đảng ủy.","Tổ chức phân công nhiệm vụ cụ thể cho các cơ quan, đơn vị liên quan; theo dõi, đôn đốc tiến độ và báo cáo Thường trực, Ban Thường vụ Đảng uỷ định kỳ.",Bản scan đóng dấu / Ký số,,"ĐU-TB-0012-2025 Thông báo chương trình làm việc với các cơ quan tham mưu, giúp việc Đảng ủy.signed.pdf",1343.8
700,THÔNG BÁO,13-TB/ĐU,2025,29/09/2025,"Thông báo kết luận việc thực hiện điều động công tác đối với cán bộ, công chức",Công tác Tổ chức - Đảng viên,"Củng cố tổ chức cơ sở đảng, nâng cao năng lực lãnh đạo, chất lượng sinh hoạt chi bộ và hoàn thành chỉ tiêu phát triển đảng viên mới.","Rà soát nguồn bồi dưỡng quần chúng ưu tú, chuẩn hóa thủ tục thẩm tra lý lịch kết nạp đảng; thực hiện quy trình bổ nhiệm, điều động, xếp loại cán bộ công chức theo đúng phân cấp.",Bản scan đóng dấu / Ký số,,"ĐU-TB-0013-2025 Thông báo kết luận việc thực hiện điều động công tác đối với cán bộ, công chức.signed.pdf",703.7
701,THÔNG BÁO,15-TB/ĐU,2025,01/10/2025,Thông báo kết luận tại buổi làm việc với Chi bộ thôn,Công tác Tổ chức - Đảng viên,"Củng cố tổ chức cơ sở đảng, nâng cao năng lực lãnh đạo, chất lượng sinh hoạt chi bộ và hoàn thành chỉ tiêu phát triển đảng viên mới.","Rà soát nguồn bồi dưỡng quần chúng ưu tú, chuẩn hóa thủ tục thẩm tra lý lịch kết nạp đảng; thực hiện quy trình bổ nhiệm, điều động, xếp loại cán bộ công chức theo đúng phân cấp.",Bản scan đóng dấu / Ký số,,ĐU-TB-0015-2025 Thông báo kết luận tại buổi làm việc với Chi bộ thôn.signed.pdf,947.7
702,THÔNG BÁO,16-TB/ĐU,2025,01/10/2025,"Thông báo kết luận tại buổi làm việc với các Ban tham mưu, giúp việc",Công tác Đảng & Quản lý điều hành,"Lãnh đạo, chỉ đạo và triển khai các nhiệm vụ chính trị trọng tâm theo Thông báo kết luận tại buổi làm việc với các Ban tham mưu, giúp việc.","Tổ chức phân công nhiệm vụ cụ thể cho các cơ quan, đơn vị liên quan; theo dõi, đôn đốc tiến độ và báo cáo Thường trực, Ban Thường vụ Đảng uỷ định kỳ.",Bản scan đóng dấu / Ký số,,"ĐU-TB-0016-2025 Thông báo kết luận tại buổi làm việc với các Ban tham mưu, giúp việc.signed.pdf",973.9
703,THÔNG BÁO,17-TB/ĐU,2025,ngày 30/9/2025,THÔNG BÁO KẾT LUẬN CỦA BAN THƯỜNG VỤ ĐẢNG ỦY về một số nội dung cuộc họp ngày 30/9/2025,Kinh tế - Ngân sách,"Chỉ đạo phát triển kinh tế địa phương, duy trì tốc độ tăng trưởng hai con số, đẩy mạnh thu ngân sách và huy động vốn đầu tư toàn xã hội.","về một số nội dung cuộc họp ngày 30/9/2025 | Ngày 30/9/2025, Ban Thường vụĐảng ủy họp nghe báo cáo và cho ý kiến | một sốnội dung: (1) đánh giá tình hình thực hiện nhiệm vụquý III và nhiệm vụ",Văn bản số (Digital Text đầy đủ),,ĐU-TB-0017-2025 TB-30.9.2025 THỰC HIỆN NHIỆM VỤ QUÝ III.signed.signed.pdf,1049.3
704,THÔNG BÁO,18-TB/ĐU,2025,01/10/2025,TBKL vv thực hiện điều động công chức,Công tác Tổ chức - Đảng viên,"Củng cố tổ chức cơ sở đảng, nâng cao năng lực lãnh đạo, chất lượng sinh hoạt chi bộ và hoàn thành chỉ tiêu phát triển đảng viên mới.","Rà soát nguồn bồi dưỡng quần chúng ưu tú, chuẩn hóa thủ tục thẩm tra lý lịch kết nạp đảng; thực hiện quy trình bổ nhiệm, điều động, xếp loại cán bộ công chức theo đúng phân cấp.",Bản scan đóng dấu / Ký số,,ĐU-TB-0018-2025 TBKL vv thực hiện điều động công chức.signed.pdf,721.0
705,THÔNG BÁO,19-TB/ĐU,2025,02/10/2025,"Thông báo điều chỉnh, bổ sung phân công nhiệm vụ uv BTV",Công tác Đảng & Quản lý điều hành,"Lãnh đạo, chỉ đạo và triển khai các nhiệm vụ chính trị trọng tâm theo Thông báo điều chỉnh, bổ sung phân công nhiệm vụ uv BTV.","Tổ chức phân công nhiệm vụ cụ thể cho các cơ quan, đơn vị liên quan; theo dõi, đôn đốc tiến độ và báo cáo Thường trực, Ban Thường vụ Đảng uỷ định kỳ.",Bản scan đóng dấu / Ký số,,"ĐU-TB-0019-2025 Thông báo điều chỉnh, bổ sung phân công nhiệm vụ uv BTV.signed.signed.pdf",963.3
706,THÔNG BÁO,20-TB/ĐU,2025,ngày 13/10/2025,THÔNG BÁO KẾT LUẬN CỦA THƯỜNG TRỰC ĐẢNG ỦY về một số nội dung cuộc họp ngày 13/10/2025,Tuyên giáo - Dân vận,"Định hướng tư tưởng cán bộ, đảng viên, củng cố khối đại đoàn kết toàn dân và tạo sự đồng thuận xã hội trong thực hiện các nhiệm vụ chính trị.","về một số nội dung cuộc họp ngày 13/10/2025 | Ngày 13/10/2025, Thường trực Đảng ủy họp nghe báo cáo và cho ý kiến công | tác chuẩn bịĐại hội đại biểu MTTQVN và các tổchức chính trị- xã hội xã (Uỷ",Văn bản số (Digital Text đầy đủ),,ĐU-TB-0020-2025 TBKL họp Thường trực ngày 13.10.2025.pdf,1030.4
707,THÔNG BÁO,21-TB/ĐU,2025,Năm 2025,TB ý kiến nhân sự Hội Nông dân xã lần thứ I,Công tác Đảng & Quản lý điều hành,"Lãnh đạo, chỉ đạo và triển khai các nhiệm vụ chính trị trọng tâm theo TB ý kiến nhân sự Hội Nông dân xã lần thứ I.","Tổ chức phân công nhiệm vụ cụ thể cho các cơ quan, đơn vị liên quan; theo dõi, đôn đốc tiến độ và báo cáo Thường trực, Ban Thường vụ Đảng uỷ định kỳ.",Bản scan đóng dấu / Ký số,,ĐU-TB-0021-2025 TB ý kiến nhân sự Hội Nông dân xã lần thứ I.pdf,199.6
708,THÔNG BÁO,22-TB/ĐU,2025,Năm 2025,TBKL cơ cấu nhân sự và công tác tổ chức ĐH MTTQVN xã lần thứ I,Công tác Đảng & Quản lý điều hành,"Lãnh đạo, chỉ đạo và triển khai các nhiệm vụ chính trị trọng tâm theo TBKL cơ cấu nhân sự và công tác tổ chức ĐH MTTQVN xã lần thứ I.","Tổ chức phân công nhiệm vụ cụ thể cho các cơ quan, đơn vị liên quan; theo dõi, đôn đốc tiến độ và báo cáo Thường trực, Ban Thường vụ Đảng uỷ định kỳ.",Bản scan đóng dấu / Ký số,,ĐU-TB-0022-2025 TBKL cơ cấu nhân sự và công tác tổ chức ĐH MTTQVN xã lần thứ I.pdf,232.3
709,THÔNG BÁO,23-TB/ĐU,2025,Năm 2025,TB ý kiến nhân sự Hội Cựu chiến binh xã lần thứ I,Công tác Đảng & Quản lý điều hành,"Lãnh đạo, chỉ đạo và triển khai các nhiệm vụ chính trị trọng tâm theo TB ý kiến nhân sự Hội Cựu chiến binh xã lần thứ I.","Tổ chức phân công nhiệm vụ cụ thể cho các cơ quan, đơn vị liên quan; theo dõi, đôn đốc tiến độ và báo cáo Thường trực, Ban Thường vụ Đảng uỷ định kỳ.",Bản scan đóng dấu / Ký số,,ĐU-TB-0023-2025 TB ý kiến nhân sự Hội Cựu chiến binh xã lần thứ I.pdf,164.7
710,THÔNG BÁO,24-TB/ĐU,2025,Năm 2025,TB ý kiến nhân sự Hội LHPN xã Lần thứ I,Công tác Đảng & Quản lý điều hành,"Lãnh đạo, chỉ đạo và triển khai các nhiệm vụ chính trị trọng tâm theo TB ý kiến nhân sự Hội LHPN xã Lần thứ I.","Tổ chức phân công nhiệm vụ cụ thể cho các cơ quan, đơn vị liên quan; theo dõi, đôn đốc tiến độ và báo cáo Thường trực, Ban Thường vụ Đảng uỷ định kỳ.",Bản scan đóng dấu / Ký số,,ĐU-TB-0024-2025 TB ý kiến nhân sự Hội LHPN xã Lần thứ I.pdf,214.7
711,THÔNG BÁO,25-TB/ĐU,2025,Năm 2025,TB ý kiến nhân sự ĐH MTTQVN xã lần thứ I,Công tác Đảng & Quản lý điều hành,"Lãnh đạo, chỉ đạo và triển khai các nhiệm vụ chính trị trọng tâm theo TB ý kiến nhân sự ĐH MTTQVN xã lần thứ I.","Tổ chức phân công nhiệm vụ cụ thể cho các cơ quan, đơn vị liên quan; theo dõi, đôn đốc tiến độ và báo cáo Thường trực, Ban Thường vụ Đảng uỷ định kỳ.",Bản scan đóng dấu / Ký số,,ĐU-TB-0025-2025 TB ý kiến nhân sự ĐH MTTQVN xã lần thứ I.pdf,622.3
712,THÔNG BÁO,26-TB/ĐU,2025,Năm 2025,TB Ý kiến nhân sự ĐH phụ nữ xã Công Hải lần thứ I,Công tác Đảng & Quản lý điều hành,"Lãnh đạo, chỉ đạo và triển khai các nhiệm vụ chính trị trọng tâm theo TB Ý kiến nhân sự ĐH phụ nữ xã Công Hải lần thứ I.","Tổ chức phân công nhiệm vụ cụ thể cho các cơ quan, đơn vị liên quan; theo dõi, đôn đốc tiến độ và báo cáo Thường trực, Ban Thường vụ Đảng uỷ định kỳ.",Bản scan đóng dấu / Ký số,,ĐU-TB-0026-2025 TB Ý kiến nhân sự ĐH phụ nữ xã Công Hải lần thứ I.pdf,523.3
713,THÔNG BÁO,27-TB/ĐU,2025,Năm 2025,TB ý kiến nhân sự ĐH Hội Nông dân xã lần thứ I,Công tác Đảng & Quản lý điều hành,"Lãnh đạo, chỉ đạo và triển khai các nhiệm vụ chính trị trọng tâm theo TB ý kiến nhân sự ĐH Hội Nông dân xã lần thứ I.","Tổ chức phân công nhiệm vụ cụ thể cho các cơ quan, đơn vị liên quan; theo dõi, đôn đốc tiến độ và báo cáo Thường trực, Ban Thường vụ Đảng uỷ định kỳ.",Bản scan đóng dấu / Ký số,,ĐU-TB-0027-2025 TB ý kiến nhân sự ĐH Hội Nông dân xã lần thứ I.pdf,408.1
714,THÔNG BÁO,28-TB/ĐU,2025,28/10/2025,Thông báo cho ý kiến đại hội phụ nữ xã (1),Tuyên giáo - Dân vận,"Định hướng tư tưởng cán bộ, đảng viên, củng cố khối đại đoàn kết toàn dân và tạo sự đồng thuận xã hội trong thực hiện các nhiệm vụ chính trị.","Tổ chức học tập, quán triệt sâu rộng các nghị quyết của Trung ương và Tỉnh uỷ; tuyên truyền các phong trào thi đua yêu nước, kỷ niệm các ngày lễ lớn và hoạt động Mặt trận, đoàn thể.",Bản scan đóng dấu / Ký số,,ĐU-TB-0028-2025 Thông báo cho ý kiến đại hội phụ nữ xã (1).signed.pdf,768.5
715,THÔNG BÁO,29-TB/ĐU,2025,29/10/2025,Thông báo lễ truy điệu (1),Công tác Đảng & Quản lý điều hành,"Lãnh đạo, chỉ đạo và triển khai các nhiệm vụ chính trị trọng tâm theo Thông báo lễ truy điệu (1).","Tổ chức phân công nhiệm vụ cụ thể cho các cơ quan, đơn vị liên quan; theo dõi, đôn đốc tiến độ và báo cáo Thường trực, Ban Thường vụ Đảng uỷ định kỳ.",Bản scan đóng dấu / Ký số,,ĐU-TB-0029-2025 Thông báo lễ truy điệu.signed (1).pdf,783.3
716,THÔNG BÁO,30-TB/ĐU,2025,ngày 28/10/2025,THÔNG BÁO KẾT LUẬN CỦA BAN THƯỜNG VỤ ĐẢNG ỦY Về một số nội dung cuộc họp ngày 28/10/2025,Kinh tế - Ngân sách,"Chỉ đạo phát triển kinh tế địa phương, duy trì tốc độ tăng trưởng hai con số, đẩy mạnh thu ngân sách và huy động vốn đầu tư toàn xã hội.","Về một số nội dung cuộc họp ngày 28/10/2025 | Ngày 28/10/2025, Ban Thường vụĐảng ủy họp nghe báo cáo và cho ý kiến các | nội dung: (1) Dựthảo Chương trình hành động của Ban Chấp hành Đảng bộxã thực",Văn bản số (Digital Text đầy đủ),,ĐU-TB-0030-2025 TBKL Họp BTV ngày 28.10.2025.pdf,999.8
717,THÔNG BÁO,31-TB/ĐU,2025,Năm 2025,"Thông báo lịch trực phòng, chống bão, lũ cơn bão số 13",Đất đai - Môi trường & PCTT,"Tăng cường hiệu lực quản lý nhà nước về đất đai, trật tự xây dựng, tài nguyên khoáng sản và chủ động ứng phó thiên tai, mưa lũ.","Chỉ đạo kiểm tra xử lý dứt điểm các trường hợp lấn chiếm đất công, khai thác khoáng sản trái phép; xây dựng phương án 4 tại chỗ ứng phó bão lũ bảo đảm tính mạng, tài sản nhân dân.",Bản scan đóng dấu / Ký số,,"ĐU-TB-0031-2025 Thông báo lịch trực phòng, chống bão, lũ cơn bão số 13.pdf",83.7
718,THÔNG BÁO,32-TB/ĐU,2025,07/11/2025,Thông báo của BTV về nội dung họp ngày 04-11,Công tác Đảng & Quản lý điều hành,"Lãnh đạo, chỉ đạo và triển khai các nhiệm vụ chính trị trọng tâm theo Thông báo của BTV về nội dung họp ngày 04-11.","Tổ chức phân công nhiệm vụ cụ thể cho các cơ quan, đơn vị liên quan; theo dõi, đôn đốc tiến độ và báo cáo Thường trực, Ban Thường vụ Đảng uỷ định kỳ.",Bản scan đóng dấu / Ký số,,ĐU-TB-0032-2025 Thông báo của BTV về nội dung họp ngày 04-11.signed.pdf,725.5
719,THÔNG BÁO,33-TB/ĐU,2025,10/11/2025,Thông báo chương trình làm việc với các chi bộ thôn(),Công tác Tổ chức - Đảng viên,"Củng cố tổ chức cơ sở đảng, nâng cao năng lực lãnh đạo, chất lượng sinh hoạt chi bộ và hoàn thành chỉ tiêu phát triển đảng viên mới.","Rà soát nguồn bồi dưỡng quần chúng ưu tú, chuẩn hóa thủ tục thẩm tra lý lịch kết nạp đảng; thực hiện quy trình bổ nhiệm, điều động, xếp loại cán bộ công chức theo đúng phân cấp.",Bản scan đóng dấu / Ký số,,ĐU-TB-0033-2025Thông báo chương trình làm việc với các chi bộ thôn().signed.pdf,722.4
720,THÔNG BÁO,34-TB/ĐU,2025,Năm 2025,TBKL nhân sự Đh Đoàn thanh niên CSHCM xã Công Hải lần thứ I,Công tác Đảng & Quản lý điều hành,"Lãnh đạo, chỉ đạo và triển khai các nhiệm vụ chính trị trọng tâm theo TBKL nhân sự Đh Đoàn thanh niên CSHCM xã Công Hải lần thứ I.","Tổ chức phân công nhiệm vụ cụ thể cho các cơ quan, đơn vị liên quan; theo dõi, đôn đốc tiến độ và báo cáo Thường trực, Ban Thường vụ Đảng uỷ định kỳ.",Bản scan đóng dấu / Ký số,,ĐU-TB-0034-2025 TBKL nhân sự Đh Đoàn thanh niên CSHCM xã Công Hải lần thứ I.pdf,621.2
721,THÔNG BÁO,35-TB/ĐU,2025,14/11/2025,Thông báo Chương trình làm việc với chi bộ thôn,Công tác Tổ chức - Đảng viên,"Củng cố tổ chức cơ sở đảng, nâng cao năng lực lãnh đạo, chất lượng sinh hoạt chi bộ và hoàn thành chỉ tiêu phát triển đảng viên mới.","Rà soát nguồn bồi dưỡng quần chúng ưu tú, chuẩn hóa thủ tục thẩm tra lý lịch kết nạp đảng; thực hiện quy trình bổ nhiệm, điều động, xếp loại cán bộ công chức theo đúng phân cấp.",Bản scan đóng dấu / Ký số,,ĐU-TB-0035-2025Thông báo Chương trình làm việc với chi bộ thôn.signed.pdf,725.5
722,THÔNG BÁO,37-TB/ĐU,2025,ngày 18/11/2025,THÔNG BÁO KẾT LUẬN CỦA THƯỜNG TRỰC ĐẢNG ỦY về một số nội dung cuộc họp ngày 18/11/2025,Kinh tế - Ngân sách,"Chỉ đạo phát triển kinh tế địa phương, duy trì tốc độ tăng trưởng hai con số, đẩy mạnh thu ngân sách và huy động vốn đầu tư toàn xã hội.","về một số nội dung cuộc họp ngày 18/11/2025 | Ngày 18/11/2025, Thường trực Đảng ủy họp nghe báo cáo và cho ý kiến: (1) | vềcơ cấu, thành phần, phân bổsốlượng được giới thiệu ứng cửđại biểu Hội đồng",Văn bản số (Digital Text đầy đủ),,ĐU-TB-0037-2025TBKL - TTĐU tại cuộc họp vào ngày 18.11.2025 (Sửa HC).signed.signed.pdf,1037.9
723,THÔNG BÁO,38-TB/ĐU,2025,21/11/2025,Thông báo Chương trình làm việc với các Chi bộ thôn,Công tác Tổ chức - Đảng viên,"Củng cố tổ chức cơ sở đảng, nâng cao năng lực lãnh đạo, chất lượng sinh hoạt chi bộ và hoàn thành chỉ tiêu phát triển đảng viên mới.","Rà soát nguồn bồi dưỡng quần chúng ưu tú, chuẩn hóa thủ tục thẩm tra lý lịch kết nạp đảng; thực hiện quy trình bổ nhiệm, điều động, xếp loại cán bộ công chức theo đúng phân cấp.",Bản scan đóng dấu / Ký số,,ĐU-TB-0038-2025 Thông báo Chương trình làm việc với các Chi bộ thôn.signed.pdf,733.7
724,THÔNG BÁO,40-TB/ĐU,2025,ngày 07/11/2025,THÔNG BÁO Chương trình làm việc với Chi bộ thôn,Kinh tế - Ngân sách,làm việc: Các chi bộthôn báo cáo tóm tắt tình hình kinh tế- xã,"Thực hiện Kếhoạch số26-KH/ĐU, ngày 07/11/2025 của Ban Thường vụ | Đảng ủy vềtổchức làm việc của Thường trực Đảng uỷvới các chi bộthôn trực | thuộc năm 2025; Đảng ủy xã thông báo Chương trình dựlàm việc với chi bộnhư",Văn bản số (Digital Text đầy đủ),,ĐU-TB-0040-2025 TB LỊCH LÀM VIỆC VỚI CHI BỘ THÔN.signed.signed.pdf,1207.8
725,THÔNG BÁO,41-TB/ĐU,2025,03/12/2025,TBKL họp Thường trực Đảng ủy 02-12-2025,Công tác Đảng & Quản lý điều hành,"Lãnh đạo, chỉ đạo và triển khai các nhiệm vụ chính trị trọng tâm theo TBKL họp Thường trực Đảng ủy 02-12-2025.","Tổ chức phân công nhiệm vụ cụ thể cho các cơ quan, đơn vị liên quan; theo dõi, đôn đốc tiến độ và báo cáo Thường trực, Ban Thường vụ Đảng uỷ định kỳ.",Bản scan đóng dấu / Ký số,,ĐU-TB-0041-2025 TBKL họp Thường trực Đảng ủy 02-12-2025.signed.pdf,741.4
726,THÔNG BÁO,42-TB/ĐU,2025,Năm 2025,TBKL họp BTV ngày 04.12.2025,Công tác Đảng & Quản lý điều hành,"Lãnh đạo, chỉ đạo và triển khai các nhiệm vụ chính trị trọng tâm theo TBKL họp BTV ngày 04.12.2025.","Tổ chức phân công nhiệm vụ cụ thể cho các cơ quan, đơn vị liên quan; theo dõi, đôn đốc tiến độ và báo cáo Thường trực, Ban Thường vụ Đảng uỷ định kỳ.",Bản scan đóng dấu / Ký số,,ĐU-TB-0042-2025 TBKL họp BTV ngày 04.12.2025.pdf,78.5
727,THÔNG BÁO,44-TB/ĐU,2025,10/12/2025,T BKL của BTV làm việc với chi bộ Bình Tiên,Công tác Tổ chức - Đảng viên,"Củng cố tổ chức cơ sở đảng, nâng cao năng lực lãnh đạo, chất lượng sinh hoạt chi bộ và hoàn thành chỉ tiêu phát triển đảng viên mới.","Rà soát nguồn bồi dưỡng quần chúng ưu tú, chuẩn hóa thủ tục thẩm tra lý lịch kết nạp đảng; thực hiện quy trình bổ nhiệm, điều động, xếp loại cán bộ công chức theo đúng phân cấp.",Bản scan đóng dấu / Ký số,,ĐU-TB-0044-2025T BKL của BTV làm việc với chi bộ Bình Tiên.signed.pdf,918.7
728,THÔNG BÁO,45-TB/ĐU,2025,10/12/2025,TBKL làm việc với Thôn Xóm Đèn (1),Công tác Đảng & Quản lý điều hành,"Lãnh đạo, chỉ đạo và triển khai các nhiệm vụ chính trị trọng tâm theo TBKL làm việc với Thôn Xóm Đèn (1).","Tổ chức phân công nhiệm vụ cụ thể cho các cơ quan, đơn vị liên quan; theo dõi, đôn đốc tiến độ và báo cáo Thường trực, Ban Thường vụ Đảng uỷ định kỳ.",Bản scan đóng dấu / Ký số,,ĐU-TB-0045-2025 TBKL làm việc với Thôn Xóm Đèn.signed (1).pdf,943.5
729,THÔNG BÁO,46-TB/ĐU,2025,10/12/2025,"TBKL làm việc với Thôn Giác Lan, Suối Giếng",Công tác Đảng & Quản lý điều hành,"Lãnh đạo, chỉ đạo và triển khai các nhiệm vụ chính trị trọng tâm theo TBKL làm việc với Thôn Giác Lan, Suối Giếng.","Tổ chức phân công nhiệm vụ cụ thể cho các cơ quan, đơn vị liên quan; theo dõi, đôn đốc tiến độ và báo cáo Thường trực, Ban Thường vụ Đảng uỷ định kỳ.",Bản scan đóng dấu / Ký số,,"ĐU-TB-0046-2025TBKL làm việc với Thôn Giác Lan, Suối Giếng.signed.pdf",987.3
730,THÔNG BÁO,47-TB/ĐU,2025,10/12/2025,"TBKL làm việc với Thôn Ka Rôm, Ba Hồ",Công tác Đảng & Quản lý điều hành,"Lãnh đạo, chỉ đạo và triển khai các nhiệm vụ chính trị trọng tâm theo TBKL làm việc với Thôn Ka Rôm, Ba Hồ.","Tổ chức phân công nhiệm vụ cụ thể cho các cơ quan, đơn vị liên quan; theo dõi, đôn đốc tiến độ và báo cáo Thường trực, Ban Thường vụ Đảng uỷ định kỳ.",Bản scan đóng dấu / Ký số,,"ĐU-TB-0047-2025 TBKL làm việc với Thôn Ka Rôm, Ba Hồ.signed.pdf",950.5
731,THÔNG BÁO,48-TB/ĐU,2025,10/12/2025,TBKL làm việc với Thôn Suối Vang,Công tác Đảng & Quản lý điều hành,"Lãnh đạo, chỉ đạo và triển khai các nhiệm vụ chính trị trọng tâm theo TBKL làm việc với Thôn Suối Vang.","Tổ chức phân công nhiệm vụ cụ thể cho các cơ quan, đơn vị liên quan; theo dõi, đôn đốc tiến độ và báo cáo Thường trực, Ban Thường vụ Đảng uỷ định kỳ.",Bản scan đóng dấu / Ký số,,ĐU-TB-0048-2025TBKL làm việc với Thôn Suối Vang.signed.pdf,959.4
732,THÔNG BÁO,49-TB/ĐU,2025,10/12/2025,TBKL làm việc với Thôn Hiệp Kiết,Công tác Đảng & Quản lý điều hành,"Lãnh đạo, chỉ đạo và triển khai các nhiệm vụ chính trị trọng tâm theo TBKL làm việc với Thôn Hiệp Kiết.","Tổ chức phân công nhiệm vụ cụ thể cho các cơ quan, đơn vị liên quan; theo dõi, đôn đốc tiến độ và báo cáo Thường trực, Ban Thường vụ Đảng uỷ định kỳ.",Bản scan đóng dấu / Ký số,,ĐU-TB-0049-2025TBKL làm việc với Thôn Hiệp Kiết.signed.pdf,950.1
733,THÔNG BÁO,50-TB/ĐU,2025,11/12/2025,TBKL của BTV làm việc với chi bộ thôn Động Thông,Công tác Tổ chức - Đảng viên,"Củng cố tổ chức cơ sở đảng, nâng cao năng lực lãnh đạo, chất lượng sinh hoạt chi bộ và hoàn thành chỉ tiêu phát triển đảng viên mới.","Rà soát nguồn bồi dưỡng quần chúng ưu tú, chuẩn hóa thủ tục thẩm tra lý lịch kết nạp đảng; thực hiện quy trình bổ nhiệm, điều động, xếp loại cán bộ công chức theo đúng phân cấp.",Bản scan đóng dấu / Ký số,,ĐU-TB-0050-2025TBKL của BTV làm việc với chi bộ thôn Động Thông.signed.pdf,949.1
734,THÔNG BÁO,51-TB/ĐU,2025,11/12/2025,TBKL của BTV làm việc với chi bộ thôn Tập lá,Công tác Tổ chức - Đảng viên,"Củng cố tổ chức cơ sở đảng, nâng cao năng lực lãnh đạo, chất lượng sinh hoạt chi bộ và hoàn thành chỉ tiêu phát triển đảng viên mới.","Rà soát nguồn bồi dưỡng quần chúng ưu tú, chuẩn hóa thủ tục thẩm tra lý lịch kết nạp đảng; thực hiện quy trình bổ nhiệm, điều động, xếp loại cán bộ công chức theo đúng phân cấp.",Bản scan đóng dấu / Ký số,,ĐU-TB-0051-2025TBKL của BTV làm việc với chi bộ thôn Tập lá.signed.pdf,1036.8
735,THÔNG BÁO,52-TB/ĐU,2025,11/12/2025,TBKL của BTV làm việc với chi bộ thôn Ma Trai,Công tác Tổ chức - Đảng viên,"Củng cố tổ chức cơ sở đảng, nâng cao năng lực lãnh đạo, chất lượng sinh hoạt chi bộ và hoàn thành chỉ tiêu phát triển đảng viên mới.","Rà soát nguồn bồi dưỡng quần chúng ưu tú, chuẩn hóa thủ tục thẩm tra lý lịch kết nạp đảng; thực hiện quy trình bổ nhiệm, điều động, xếp loại cán bộ công chức theo đúng phân cấp.",Bản scan đóng dấu / Ký số,,ĐU-TB-0052-2025TBKL của BTV làm việc với chi bộ thôn Ma Trai.signed.pdf,975.0
736,THÔNG BÁO,53-TB/ĐU,2025,16/12/2025,Thông báo kết luận họp BTV ngày 13-12 (1),Công tác Đảng & Quản lý điều hành,"Lãnh đạo, chỉ đạo và triển khai các nhiệm vụ chính trị trọng tâm theo Thông báo kết luận họp BTV ngày 13-12 (1).","Tổ chức phân công nhiệm vụ cụ thể cho các cơ quan, đơn vị liên quan; theo dõi, đôn đốc tiến độ và báo cáo Thường trực, Ban Thường vụ Đảng uỷ định kỳ.",Bản scan đóng dấu / Ký số,,ĐU-TB-0053-2025Thông báo kết luận họp BTV ngày 13-12.signed (1).pdf,820.5
737,THÔNG BÁO,55-TB/ĐU,2025,ngày 19/12/2025,THÔNG BÁO KẾT LUẬN CỦA BAN THƯỜNG VỤ ĐẢNG ỦY về một số nội dung cuộc họp ngày 19/12/2025,Kinh tế - Ngân sách,"Chỉ đạo phát triển kinh tế địa phương, duy trì tốc độ tăng trưởng hai con số, đẩy mạnh thu ngân sách và huy động vốn đầu tư toàn xã hội.","về một số nội dung cuộc họp ngày 19/12/2025 | Ngày 19/12/2025, Ban Thường vụĐảng ủy họp nghe báo cáo và cho ý kiến | một sốnội dung theo Chương trình công tác. Sau khi nghe đại diện lãnh đạo Đảng",Văn bản số (Digital Text đầy đủ),,ĐU-TB-0055-2025 TBKL-BTV-19.12.2025.signed.signed.pdf,1015.6
738,THÔNG BÁO,56-TB/ĐU,2025,29/12/2025,Thông báo kết luận của BTV họp ngày 26.12.2025,Công tác Đảng & Quản lý điều hành,"Lãnh đạo, chỉ đạo và triển khai các nhiệm vụ chính trị trọng tâm theo Thông báo kết luận của BTV họp ngày 26.12.2025.","Tổ chức phân công nhiệm vụ cụ thể cho các cơ quan, đơn vị liên quan; theo dõi, đôn đốc tiến độ và báo cáo Thường trực, Ban Thường vụ Đảng uỷ định kỳ.",Bản scan đóng dấu / Ký số,,ĐU-TB-0056-2025Thông báo kết luận của BTV họp ngày 26.12.2025.signed.pdf,764.9
739,THÔNG BÁO,57-TB/ĐU,2025,Năm 2025,"thông báo kết quả đánh giá, xếp loại tập thể, cá nhân diện BTV quản lý năm 2025",Công tác Đảng & Quản lý điều hành,"Lãnh đạo, chỉ đạo và triển khai các nhiệm vụ chính trị trọng tâm theo thông báo kết quả đánh giá, xếp loại tập thể, cá nhân diện BTV quản lý năm 2025.","Tổ chức phân công nhiệm vụ cụ thể cho các cơ quan, đơn vị liên quan; theo dõi, đôn đốc tiến độ và báo cáo Thường trực, Ban Thường vụ Đảng uỷ định kỳ.",Bản scan đóng dấu / Ký số,,"ĐU-TB-0057-2025 thông báo kết quả đánh giá, xếp loại tập thể, cá nhân diện BTV quản lý năm 2025.pdf",1262.5
740,THÔNG BÁO,58-TB/ĐU,2025,Ngày 01/01/2026,"THÔNG BÁO Lịch trực cơ quan dịp nghỉ tết Dương lịch 2026 Đểđảm bảo tình hình an ninh trật tự, bảo vệtài sản cơ quan dịp nghỉtết Dương lịch 2026; Thường trực Đảng ủy thông báo phân công lịch trực cơ quan như sau: Thời gian trực Trực cơ quan",Quốc phòng - An ninh - Nội chính,"Bảo đảm an ninh chính trị, trật tự an toàn xã hội, xây dựng xã không ma túy và hoàn thành chỉ tiêu tuyển quân quốc phòng.","Lịch trực cơ quan dịp nghỉ tết Dương lịch 2026 | Đểđảm bảo tình hình an ninh trật tự, bảo vệtài sản cơ quan dịp nghỉtết Dương | lịch 2026; Thường trực Đảng ủy thông báo phân công lịch trực cơ quan như sau:",Văn bản số (Digital Text đầy đủ),,ĐU-TB-0058-2025 thông báo TRỰC TẾT DƯƠNG LỊCH 2026doc.signed.signed.pdf,1175.5
741,THÔNG BÁO,59-TB/ĐU,2026,05/01/2026,Thông báo kết luận họp 31.12.2025,Công tác Đảng & Quản lý điều hành,"Lãnh đạo, chỉ đạo và triển khai các nhiệm vụ chính trị trọng tâm theo Thông báo kết luận họp 31.12.2025.","Tổ chức phân công nhiệm vụ cụ thể cho các cơ quan, đơn vị liên quan; theo dõi, đôn đốc tiến độ và báo cáo Thường trực, Ban Thường vụ Đảng uỷ định kỳ.",Bản scan đóng dấu / Ký số,,ĐU-TB-0059-2026 Thông báo kết luận họp 31.12.2025.signed.pdf,790.9
742,THÔNG BÁO,60-TB/ĐU,2026,08/01/2026,thông báo kết luận giám sát đv Đảng bộ UBND xã,Kiểm tra - Giám sát Đảng,"Giữ vững kỷ cương, kỷ luật Đảng, phòng ngừa vi phạm và chủ động phát hiện dấu hiệu vi phạm ngay từ cơ sở chi bộ thôn/trường học.","Ban hành và tổ chức thực hiện kế hoạch kiểm tra, giám sát chuyên đề; giám sát thường xuyên người đứng đầu và đảng viên; giải quyết kịp thời đơn thư khiếu nại, tố cáo.",Bản scan đóng dấu / Ký số,,ĐU-TB-0060-2026 thông báo kết luận giám sát đv Đảng bộ UBND xã.signed.pdf,936.8
743,THÔNG BÁO,61-TB/ĐU,2026,09/01/2026,Thông báo uỷ quyền giải quyết công việc cơ quan,Công tác Đảng & Quản lý điều hành,"Lãnh đạo, chỉ đạo và triển khai các nhiệm vụ chính trị trọng tâm theo Thông báo uỷ quyền giải quyết công việc cơ quan.","Tổ chức phân công nhiệm vụ cụ thể cho các cơ quan, đơn vị liên quan; theo dõi, đôn đốc tiến độ và báo cáo Thường trực, Ban Thường vụ Đảng uỷ định kỳ.",Bản scan đóng dấu / Ký số,,ĐU-TB-0061-2026 Thông báo uỷ quyền giải quyết công việc cơ quan.signed.pdf,701.4
744,THÔNG BÁO,62-TB/ĐU,2026,Năm 2026,"Triệu tập cán bộ, công chức khối Đảng tham gia tập huấn an toàn thông tin, an ninh mạng",Chuyển đổi số & CCHC,"Đẩy mạnh ứng dụng công nghệ thông tin, bảo đảm an toàn thông tin mạng và số hóa toàn diện quy trình xử lý công việc trong hệ thống chính trị xã.","Triển khai xử lý hồ sơ trên hệ thống E-Office, đưa ứng dụng Sổ tay đảng viên điện tử vào sinh hoạt chi bộ, đẩy mạnh dịch vụ công trực tuyến và chỉ đạo Đề án 06.",Bản scan đóng dấu / Ký số,,"ĐU-TB-0062-2026 Triệu tập cán bộ, công chức khối Đảng tham gia tập huấn an toàn thông tin, an ninh mạng.pdf",76.8
745,THÔNG BÁO,63-TB/ĐU,2026,26/01/2026,Thông báo KL của Thường trực Đảng uỷ về một số nội dung họp 20.01.2026,Công tác Đảng & Quản lý điều hành,"Lãnh đạo, chỉ đạo và triển khai các nhiệm vụ chính trị trọng tâm theo Thông báo KL của Thường trực Đảng uỷ về một số nội dung họp 20.01.2026.","Tổ chức phân công nhiệm vụ cụ thể cho các cơ quan, đơn vị liên quan; theo dõi, đôn đốc tiến độ và báo cáo Thường trực, Ban Thường vụ Đảng uỷ định kỳ.",Bản scan đóng dấu / Ký số,,ĐU-TB-0063-2026 Thông báo KL của Thường trực Đảng uỷ về một số nội dung họp 20.01.2026.signed.pdf,887.5
746,THÔNG BÁO,65-TB/ĐU,2026,27/01/2026,Thông báo kết luận họp TT 27.01.2026,Công tác Đảng & Quản lý điều hành,"Lãnh đạo, chỉ đạo và triển khai các nhiệm vụ chính trị trọng tâm theo Thông báo kết luận họp TT 27.01.2026.","Tổ chức phân công nhiệm vụ cụ thể cho các cơ quan, đơn vị liên quan; theo dõi, đôn đốc tiến độ và báo cáo Thường trực, Ban Thường vụ Đảng uỷ định kỳ.",Bản scan đóng dấu / Ký số,,ĐU-TB-0065-2026 Thông báo kết luận họp TT 27.01.2026.signed.pdf,821.9
747,THÔNG BÁO,66-TB/ĐU,2026,03/02/2026,Thông báo kết luận họp BTV ngày 29.01.2026,Công tác Đảng & Quản lý điều hành,"Lãnh đạo, chỉ đạo và triển khai các nhiệm vụ chính trị trọng tâm theo Thông báo kết luận họp BTV ngày 29.01.2026.","Tổ chức phân công nhiệm vụ cụ thể cho các cơ quan, đơn vị liên quan; theo dõi, đôn đốc tiến độ và báo cáo Thường trực, Ban Thường vụ Đảng uỷ định kỳ.",Bản scan đóng dấu / Ký số,,ĐU-TB-0066-2026 Thông báo kết luận họp BTV ngày 29.01.2026.signed.pdf,795.2
748,THÔNG BÁO,67-TB/ĐU,2026,06/02/2026,Thông báo kết luận BTV Đảng uỷ về nội dung họp ngày 04.02.2026,Công tác Đảng & Quản lý điều hành,"Lãnh đạo, chỉ đạo và triển khai các nhiệm vụ chính trị trọng tâm theo Thông báo kết luận BTV Đảng uỷ về nội dung họp ngày 04.02.2026.","Tổ chức phân công nhiệm vụ cụ thể cho các cơ quan, đơn vị liên quan; theo dõi, đôn đốc tiến độ và báo cáo Thường trực, Ban Thường vụ Đảng uỷ định kỳ.",Bản scan đóng dấu / Ký số,,ĐU-TB-0067-2026 Thông báo kết luận BTV Đảng uỷ về nội dung họp ngày 04.02.2026.signed.pdf,822.0
749,THÔNG BÁO,69-TB/ĐU,2026,26/02/2026,Thông báo kết luận kiểm tra công tác ban hành quy chế làm việc và chương trình công tác,Kiểm tra - Giám sát Đảng,"Giữ vững kỷ cương, kỷ luật Đảng, phòng ngừa vi phạm và chủ động phát hiện dấu hiệu vi phạm ngay từ cơ sở chi bộ thôn/trường học.","Ban hành và tổ chức thực hiện kế hoạch kiểm tra, giám sát chuyên đề; giám sát thường xuyên người đứng đầu và đảng viên; giải quyết kịp thời đơn thư khiếu nại, tố cáo.",Bản scan đóng dấu / Ký số,,ĐU-TB-0069-2026 Thông báo kết luận kiểm tra công tác ban hành quy chế làm việc và chương trình công tác.signed.pdf,913.5
750,THÔNG BÁO,70-TB/ĐU,2026,10/02/2026,TBKL của Thường trực về nội dung họp ngày 09.02,Công tác Đảng & Quản lý điều hành,"Lãnh đạo, chỉ đạo và triển khai các nhiệm vụ chính trị trọng tâm theo TBKL của Thường trực về nội dung họp ngày 09.02.","Tổ chức phân công nhiệm vụ cụ thể cho các cơ quan, đơn vị liên quan; theo dõi, đôn đốc tiến độ và báo cáo Thường trực, Ban Thường vụ Đảng uỷ định kỳ.",Bản scan đóng dấu / Ký số,,ĐU-TB-0070-2026 TBKL của Thường trực về nội dung họp ngày 09.02.signed.pdf,829.2
751,THÔNG BÁO,72-TB/ĐU,2026,13/03/2026,"TB điều chỉnh, bổ sung phân công nhiệm vụ UV BTV Đảng uỷ xã",Công tác Đảng & Quản lý điều hành,"Lãnh đạo, chỉ đạo và triển khai các nhiệm vụ chính trị trọng tâm theo TB điều chỉnh, bổ sung phân công nhiệm vụ UV BTV Đảng uỷ xã.","Tổ chức phân công nhiệm vụ cụ thể cho các cơ quan, đơn vị liên quan; theo dõi, đôn đốc tiến độ và báo cáo Thường trực, Ban Thường vụ Đảng uỷ định kỳ.",Bản scan đóng dấu / Ký số,,"ĐU-TB-0072-2026 TB điều chỉnh, bổ sung phân công nhiệm vụ UV BTV Đảng uỷ xã.signed.pdf",766.0
752,THÔNG BÁO,72-TB/ĐU,2026,12/02/2026,Thông báo Lịch trực Tết Nguyên Đán Bính Ngọ năm 2026,Quốc phòng - An ninh - Nội chính,"Bảo đảm an ninh chính trị, trật tự an toàn xã hội, xây dựng xã không ma túy và hoàn thành chỉ tiêu tuyển quân quốc phòng.","Chỉ đạo Công an và Quân sự xã trực ban sẵn sàng chiến đấu, mở các đợt cao điểm tấn công trấn áp tội phạm, tuần tra vũ trang và bảo vệ tuyệt đối an toàn các ngày lễ, Tết.",Bản scan đóng dấu / Ký số,,ĐU-TB-0072-2026 Thông báo Lịch trực Tết Nguyên Đán Bính Ngọ năm 2026.signed.pdf,744.3
753,THÔNG BÁO,73-TB/ĐU,2026,25/02/2026,TBKL của BTV về nội dung họp ngày 23.02.2026,Công tác Đảng & Quản lý điều hành,"Lãnh đạo, chỉ đạo và triển khai các nhiệm vụ chính trị trọng tâm theo TBKL của BTV về nội dung họp ngày 23.02.2026.","Tổ chức phân công nhiệm vụ cụ thể cho các cơ quan, đơn vị liên quan; theo dõi, đôn đốc tiến độ và báo cáo Thường trực, Ban Thường vụ Đảng uỷ định kỳ.",Bản scan đóng dấu / Ký số,,ĐU-TB-0073-2026 TBKL của BTV về nội dung họp ngày 23.02.2026.signed.pdf,1022.8
754,THÔNG BÁO,74-TB/ĐU,2026,04/03/2026,"TBKL của BTV cho ý kiến sắp xếp, kiện toàn Hội Quần chúng",Công tác Đảng & Quản lý điều hành,"Lãnh đạo, chỉ đạo và triển khai các nhiệm vụ chính trị trọng tâm theo TBKL của BTV cho ý kiến sắp xếp, kiện toàn Hội Quần chúng.","Tổ chức phân công nhiệm vụ cụ thể cho các cơ quan, đơn vị liên quan; theo dõi, đôn đốc tiến độ và báo cáo Thường trực, Ban Thường vụ Đảng uỷ định kỳ.",Bản scan đóng dấu / Ký số,,"ĐU-TB-0074-2026 TBKL của BTV cho ý kiến sắp xếp, kiện toàn Hội Quần chúng.signed.pdf",732.1
755,THÔNG BÁO,75-TB/ĐU,2026,12/03/2026,"TBKL của BTV Đảng uỷ về sắp xếp, kiện toàn Hội Quần chúng",Công tác Đảng & Quản lý điều hành,"Lãnh đạo, chỉ đạo và triển khai các nhiệm vụ chính trị trọng tâm theo TBKL của BTV Đảng uỷ về sắp xếp, kiện toàn Hội Quần chúng.","Tổ chức phân công nhiệm vụ cụ thể cho các cơ quan, đơn vị liên quan; theo dõi, đôn đốc tiến độ và báo cáo Thường trực, Ban Thường vụ Đảng uỷ định kỳ.",Bản scan đóng dấu / Ký số,,"ĐU-TB-0075-2026 TBKL của BTV Đảng uỷ về sắp xếp, kiện toàn Hội Quần chúng.signed.pdf",915.3
756,THÔNG BÁO,79-TB/ĐU,2026,23/03/2026,TBKL của BTV Đảng ủy về nội dung họp ngày 19.3,Công tác Đảng & Quản lý điều hành,"Lãnh đạo, chỉ đạo và triển khai các nhiệm vụ chính trị trọng tâm theo TBKL của BTV Đảng ủy về nội dung họp ngày 19.3.","Tổ chức phân công nhiệm vụ cụ thể cho các cơ quan, đơn vị liên quan; theo dõi, đôn đốc tiến độ và báo cáo Thường trực, Ban Thường vụ Đảng uỷ định kỳ.",Bản scan đóng dấu / Ký số,,ĐU-TB-0079-2026 TBKL của BTV Đảng ủy về nội dung họp ngày 19.3.signed.pdf,511.4
757,THÔNG BÁO,80-TB/ĐU,2026,24/03/2026,TBKL của BTV Đảng ủy xã về một số nội dung cuộc họp ngày 24.3.2026,Công tác Đảng & Quản lý điều hành,"Lãnh đạo, chỉ đạo và triển khai các nhiệm vụ chính trị trọng tâm theo TBKL của BTV Đảng ủy xã về một số nội dung cuộc họp ngày 24.3.2026.","Tổ chức phân công nhiệm vụ cụ thể cho các cơ quan, đơn vị liên quan; theo dõi, đôn đốc tiến độ và báo cáo Thường trực, Ban Thường vụ Đảng uỷ định kỳ.",Bản scan đóng dấu / Ký số,,ĐU-TB-0080-2026 TBKL của BTV Đảng ủy xã về một số nội dung cuộc họp ngày 24.3.2026.signed.pdf,376.8
758,THÔNG BÁO,81-TB/ĐU,2026,24/03/2026,TB KQ xếp loại chất lượng sinh hoạt chi bộ tháng 01,Công tác Tổ chức - Đảng viên,"Củng cố tổ chức cơ sở đảng, nâng cao năng lực lãnh đạo, chất lượng sinh hoạt chi bộ và hoàn thành chỉ tiêu phát triển đảng viên mới.","Rà soát nguồn bồi dưỡng quần chúng ưu tú, chuẩn hóa thủ tục thẩm tra lý lịch kết nạp đảng; thực hiện quy trình bổ nhiệm, điều động, xếp loại cán bộ công chức theo đúng phân cấp.",Bản scan đóng dấu / Ký số,,ĐU-TB-0081-2026 TB KQ xếp loại chất lượng sinh hoạt chi bộ tháng 01.signed.pdf,421.2
759,THÔNG BÁO,82-TB/ĐU,2026,24/03/2026,TB KQ xếp loại chất lượng sinh hoạt tháng 02,Công tác Đảng & Quản lý điều hành,"Lãnh đạo, chỉ đạo và triển khai các nhiệm vụ chính trị trọng tâm theo TB KQ xếp loại chất lượng sinh hoạt tháng 02.","Tổ chức phân công nhiệm vụ cụ thể cho các cơ quan, đơn vị liên quan; theo dõi, đôn đốc tiến độ và báo cáo Thường trực, Ban Thường vụ Đảng uỷ định kỳ.",Bản scan đóng dấu / Ký số,,ĐU-TB-0082-2026 TB KQ xếp loại chất lượng sinh hoạt tháng 02.signed.pdf,420.2
760,THÔNG BÁO,83-TB/ĐU,2026,24/03/2026,TB KQ xếp loại chất lượng tháng 3,Công tác Đảng & Quản lý điều hành,"Lãnh đạo, chỉ đạo và triển khai các nhiệm vụ chính trị trọng tâm theo TB KQ xếp loại chất lượng tháng 3.","Tổ chức phân công nhiệm vụ cụ thể cho các cơ quan, đơn vị liên quan; theo dõi, đôn đốc tiến độ và báo cáo Thường trực, Ban Thường vụ Đảng uỷ định kỳ.",Bản scan đóng dấu / Ký số,,ĐU-TB-0083-2026 TB KQ xếp loại chất lượng tháng 3.signed.pdf,422.5
761,THÔNG BÁO,84-TB/ĐU,2026,24/03/2026,TB KQ xếp loại quý I,Công tác Đảng & Quản lý điều hành,"Lãnh đạo, chỉ đạo và triển khai các nhiệm vụ chính trị trọng tâm theo TB KQ xếp loại quý I.","Tổ chức phân công nhiệm vụ cụ thể cho các cơ quan, đơn vị liên quan; theo dõi, đôn đốc tiến độ và báo cáo Thường trực, Ban Thường vụ Đảng uỷ định kỳ.",Bản scan đóng dấu / Ký số,,ĐU-TB-0084-2026 TB KQ xếp loại quý I.signed.pdf,420.7
762,THÔNG BÁO,87-TB/ĐU,2026,06/04/2026,TBKL BTV Họp ngày 30.3.2026,Công tác Đảng & Quản lý điều hành,"Lãnh đạo, chỉ đạo và triển khai các nhiệm vụ chính trị trọng tâm theo TBKL BTV Họp ngày 30.3.2026.","Tổ chức phân công nhiệm vụ cụ thể cho các cơ quan, đơn vị liên quan; theo dõi, đôn đốc tiến độ và báo cáo Thường trực, Ban Thường vụ Đảng uỷ định kỳ.",Bản scan đóng dấu / Ký số,,ĐU-TB-0087-2026 TBKL  BTV Họp ngày 30.3.2026.signed.pdf,397.6
763,TỜ TRÌNH,1-TTr/ĐU,2025,25/09/2025,Tờ trình tặng huy hiệu đảng đợt 07-11-2025,Công tác Đảng & Quản lý điều hành,"Lãnh đạo, chỉ đạo và triển khai các nhiệm vụ chính trị trọng tâm theo Tờ trình tặng huy hiệu đảng đợt 07-11-2025.","Tổ chức phân công nhiệm vụ cụ thể cho các cơ quan, đơn vị liên quan; theo dõi, đôn đốc tiến độ và báo cáo Thường trực, Ban Thường vụ Đảng uỷ định kỳ.",Bản scan đóng dấu / Ký số,,ĐU-TTr-0001-2025 Tờ trình tặng huy hiệu đảng đợt 07-11-2025.signed.pdf,867.8
764,TỜ TRÌNH,6-TTr/ĐU,2025,Năm 2025,"Tờ trình cho ý kiến đánh giá, xếp loại Đảng bộ xã Công Hải năm 2025",Công tác Đảng & Quản lý điều hành,"Lãnh đạo, chỉ đạo và triển khai các nhiệm vụ chính trị trọng tâm theo Tờ trình cho ý kiến đánh giá, xếp loại Đảng bộ xã Công Hải năm 2025.","Tổ chức phân công nhiệm vụ cụ thể cho các cơ quan, đơn vị liên quan; theo dõi, đôn đốc tiến độ và báo cáo Thường trực, Ban Thường vụ Đảng uỷ định kỳ.",Bản scan đóng dấu / Ký số,,"ĐU-TTr-0006-2025 Tờ trình cho ý kiến đánh giá, xếp loại Đảng bộ xã Công Hải năm 2025.pdf",64.9
765,TỜ TRÌNH,7-TTr/ĐU,2025,15/12/2025,"Tờ trình vv đánh giá xếp loại tập thể, cá nhân diện BTV tỉnh ủy quản lý",Công tác Đảng & Quản lý điều hành,"Lãnh đạo, chỉ đạo và triển khai các nhiệm vụ chính trị trọng tâm theo Tờ trình vv đánh giá xếp loại tập thể, cá nhân diện BTV tỉnh ủy quản lý.","Tổ chức phân công nhiệm vụ cụ thể cho các cơ quan, đơn vị liên quan; theo dõi, đôn đốc tiến độ và báo cáo Thường trực, Ban Thường vụ Đảng uỷ định kỳ.",Bản scan đóng dấu / Ký số,,"ĐU-TTr-0007-2025 Tờ trình vv đánh giá xếp loại tập thể, cá nhân diện BTV tỉnh ủy quản lý.signed.pdf",729.4
766,TỜ TRÌNH,8-TTr/ĐU,2025,Năm 2025,Tờ trình tặng Huy hiệu Đảng đợt 03.02.2025,Công tác Đảng & Quản lý điều hành,"Lãnh đạo, chỉ đạo và triển khai các nhiệm vụ chính trị trọng tâm theo Tờ trình tặng Huy hiệu Đảng đợt 03.02.2025.","Tổ chức phân công nhiệm vụ cụ thể cho các cơ quan, đơn vị liên quan; theo dõi, đôn đốc tiến độ và báo cáo Thường trực, Ban Thường vụ Đảng uỷ định kỳ.",Bản scan đóng dấu / Ký số,,ĐU-TTr-0008-2025 Tờ trình tặng Huy hiệu Đảng đợt 03.02.2025.pdf,683.5
767,TỜ TRÌNH,9-TTr/ĐU,2025,Năm 2025,Tờ Trình chuẩn y kết quả bầu bổ sung UV UBKT xã,Công tác Đảng & Quản lý điều hành,"Lãnh đạo, chỉ đạo và triển khai các nhiệm vụ chính trị trọng tâm theo Tờ Trình chuẩn y kết quả bầu bổ sung UV UBKT xã.","Tổ chức phân công nhiệm vụ cụ thể cho các cơ quan, đơn vị liên quan; theo dõi, đôn đốc tiến độ và báo cáo Thường trực, Ban Thường vụ Đảng uỷ định kỳ.",Bản scan đóng dấu / Ký số,,ĐU-TTr-0009-2025 Tờ Trình chuẩn y kết quả bầu bổ sung UV UBKT xã.pdf,2501.1
768,TỜ TRÌNH,10-TTr/ĐU,2025,Năm 2025,"Tờ trình về việc đề nghị nâng lương cho cán bộ, công chức ( Vũ Thị Thuỳ Trang)",Công tác Đảng & Quản lý điều hành,"Lãnh đạo, chỉ đạo và triển khai các nhiệm vụ chính trị trọng tâm theo Tờ trình về việc đề nghị nâng lương cho cán bộ, công chức ( Vũ Thị Thuỳ Trang).","Tổ chức phân công nhiệm vụ cụ thể cho các cơ quan, đơn vị liên quan; theo dõi, đôn đốc tiến độ và báo cáo Thường trực, Ban Thường vụ Đảng uỷ định kỳ.",Bản scan đóng dấu / Ký số,,"ĐU-TTr-0010-2025Tờ trình về việc đề nghị nâng lương cho cán bộ, công chức ( Vũ Thị Thuỳ Trang).pdf",132.8
769,TỜ TRÌNH,11-TTr/ĐU,2025,05/01/2026,"Tờ trình cho ý kiến phê duyệt 10 nv trọng tâm, 3 nv đột phá",Công tác Đảng & Quản lý điều hành,"Lãnh đạo, chỉ đạo và triển khai các nhiệm vụ chính trị trọng tâm theo Tờ trình cho ý kiến phê duyệt 10 nv trọng tâm, 3 nv đột phá.","Tổ chức phân công nhiệm vụ cụ thể cho các cơ quan, đơn vị liên quan; theo dõi, đôn đốc tiến độ và báo cáo Thường trực, Ban Thường vụ Đảng uỷ định kỳ.",Bản scan đóng dấu / Ký số,,"ĐU-TTr-0011-2025 Tờ trình cho ý kiến phê duyệt 10 nv trọng tâm, 3 nv đột phá.signed.pdf",677.9
770,TỜ TRÌNH,12-TTr/ĐU,2026,15/01/2026,"Tờ trình của BTV cho ý kiến chỉ định tham gia BCH, BTV Đảng uỷ xã nhiệm kỳ 2025-2030.",Công tác Đảng & Quản lý điều hành,"Lãnh đạo, chỉ đạo và triển khai các nhiệm vụ chính trị trọng tâm theo Tờ trình của BTV cho ý kiến chỉ định tham gia BCH, BTV Đảng uỷ xã nhiệm kỳ 2025-2030..","Tổ chức phân công nhiệm vụ cụ thể cho các cơ quan, đơn vị liên quan; theo dõi, đôn đốc tiến độ và báo cáo Thường trực, Ban Thường vụ Đảng uỷ định kỳ.",Bản scan đóng dấu / Ký số,,"ĐU-TTr-0012-2026 Tờ trình của BTV cho ý kiến chỉ định tham gia BCH, BTV Đảng uỷ xã nhiệm kỳ 2025-2030..pdf",640.5
771,TỜ TRÌNH,13-TTr/ĐU,2026,ngày 19/12/2025,"TỜ TRÌNH Cho ý kiến phê duyệt Đề án đổi mới, nâng cao chất lượng, hiệu quả hoạt Động của xã Công Hải giai đoạn 2026 – 2030",Kinh tế - Ngân sách,"Chỉ đạo phát triển kinh tế địa phương, duy trì tốc độ tăng trưởng hai con số, đẩy mạnh thu ngân sách và huy động vốn đầu tư toàn xã hội.","đổi mới, nâng cao chất lượng, hiệu quả hoạt Động của xã Công Hải | Thực hiện Thông báo số82-TB/TU, ngày 19/12/2025 của Ban Thường vụTỉnh | ủy vềxây dựng nhiệm vụtrọng tâm, đột phá năm 2026 và Xây dựng Đềán đổi mới,",Văn bản số (Digital Text đầy đủ),,ĐU-TTr-0013-2026 TRÌNH PHÊ DUYỆT  ĐA ĐỔI MỚI NÂNG CAO CHẤT LƯỢNG HOẠT ĐỘNG XÃ CÔNG HẢI.signed.signed.pdf,1264.1
772,ĐỀ ÁN,01-ĐA/ĐU,2025,15/11/2025,"ĐỀ ÁN Dự kiến cơ cấu, số lượng, thành phần phân bổ đại biểu Hội đồng nhân dân xã Công Hải khóa XIII, nhiệm kỳ 2026 - 2031",Bầu cử Quốc hội & HĐND,"Chuẩn bị nhân sự, xác định cơ cấu, thành phần và số lượng phân bổ đại biểu HĐND xã Công Hải khóa XIII nhiệm kỳ 2026-2031 sau sắp xếp đơn vị hành chính.","Phân bổ số lượng người được giới thiệu ứng cử đại biểu HĐND xã; bảo đảm tỷ lệ đại biểu chuyên trách, đại biểu nữ, trẻ tuổi, người dân tộc thiểu số Raglai và đại biểu ngoài Đảng.",Văn bản số (Digital Text / Bóc tách chuyên sâu),🌟 [Đề án trọng tâm - Đã phân tích],A32.65-ĐU-ĐA-0001-2025.pdf,1543.1
773,ĐỀ ÁN,02-ĐA/ĐU,2026,27/03/2026,"ĐỀ ÁN Đổi mới, nâng cao chất lượng hiệu quả, hoạt động của xã Công Hải giai đoạn 2026 – 2030",Công tác Đảng & Hệ thống chính trị,"Khắc phục các điểm nghẽn trong vận hành mô hình chính quyền địa phương 2 cấp; nâng cao tính chủ động, hiệu lực, hiệu quả hoạt động của hệ thống chính trị cơ sở.",Thiết lập 04 nhóm thước đo cốt lõi: (1) Thước đo về sự hài lòng của người dân; (2) Thước đo về năng lực thực thi; (3) Thước đo về sự phát triển; (4) Thước đo về sức mạnh hệ thống chính trị ở cơ sở; siết chặt kỷ luật kỷ cương công vụ.,Văn bản số (Digital Text / Bóc tách chuyên sâu),🌟 [Đề án trọng tâm - Đã phân tích],A32.65-ĐU-ĐA-0002-2026.pdf,1673.2
774,ĐỀ ÁN,03-ĐA/ĐU,2026,26/06/2026,ĐỀ ÁN Kết thúc hoạt động chi bộ thôn (cũ) và thành lập chi bộ thôn mới trực thuộc Đảng ủy xã Công Hải,Công tác Tổ chức - Đảng viên,"Sắp xếp 13 thôn hiện nay để thành lập 08 thôn mới (giảm 05 thôn, tương ứng 38,46%) và kiện toàn các tổ chức đảng đồng bộ với địa bàn thôn mới từ ngày 30/6/2026.","Giữ nguyên 3 thôn (Bình Tiên, Ma Trai, Suối Vang); sáp nhập 10 thôn thành 5 thôn mới (Phước Chiến, Động Thông, Hiệp Kiết, Kà Rôm, Suối Giếng); chuyển giao 168 đảng viên về 8 chi bộ thôn mới.",Văn bản số (Digital Text / Bóc tách chuyên sâu),🌟 [Đề án trọng tâm - Đã phân tích],A32.65-ĐU-ĐA-0003-2026.pdf,1637.3
775,ĐỀ ÁN,04-ĐA/ĐU,2026,26/06/2026,ĐỀ ÁN Nhân sự Cấp uỷ chi bộ thôn mới trực thuộc Đảng ủy xã Công Hải,Công tác Tổ chức - Đảng viên,"Chuẩn hoá tiêu chuẩn, định biên số lượng và quy trình kiện toàn cấp uỷ, bí thư, phó bí thư tại 08 chi bộ thôn mới sau sáp nhập.","Quy định tiêu chuẩn cấp uỷ viên (tốt nghiệp THPT trở lên, không quá 65 tuổi, có kỹ năng số); phân bổ định biên cấp uỷ từ 03 đến 07 đồng chí theo quy mô đảng viên của từng chi bộ; quy trình 3 bước chỉ định nhân sự.",Văn bản số (Digital Text / Bóc tách chuyên sâu),🌟 [Đề án trọng tâm - Đã phân tích],A32.65-ĐU-ĐA-0004-2026.pdf,633.8
776,ĐỀ ÁN,05-ĐA/ĐU,2026,01/08/2026,ĐỀ ÁN Sắp xếp tổ chức đảng ở các cơ sở giáo dục công lập trực thuộc Đảng uỷ xã Công Hải,Công tác Tổ chức - Đảng viên,Sắp xếp 06 cơ sở giáo dục công lập và 06 chi bộ trường học hiện nay thành 03 trường và 03 chi bộ trường học mới (giảm 50% số trường) từ năm học 2026 - 2027.,"Thành lập Chi bộ Trường Mầm non Công Hải, Chi bộ Trường Tiểu học Công Hải, Chi bộ Trường THCS Hùng Vương; chuyển giao tổ chức đảng, đảng viên giáo viên và tài sản đồng bộ.",Văn bản số (Digital Text / Bóc tách chuyên sâu),🌟 [Đề án trọng tâm - Đã phân tích],A32.65-ĐU-ĐA-0005-2026.pdf,4908.5
777,ĐỀ ÁN,06-ĐA/ĐU,2026,30/09/2026,"ĐỀ ÁN Kết thúc hoạt động của đảng bộ các cơ quan đảng, đảng bộ UBND xã; thành lập, sắp xếp các tổ chức đảng trực thuộc Đảng bộ xã Công Hải",Công tác Tổ chức - Đảng viên,"Thực hiện Quy định số 208-QĐ/TW của Ban Chấp hành Trung ương; kết thúc 02 Đảng bộ bộ phận trung gian để Đảng uỷ xã trực tiếp lãnh đạo toàn diện các chi bộ cơ quan, đơn vị, trường học và thôn.","Kết thúc Đảng bộ các cơ quan đảng và Đảng bộ UBND xã từ 30/9/2026; thành lập mới 10 chi bộ cơ quan, chuyển giao 02 chi bộ LLVT (Công an, Quân sự) thành chi bộ trực thuộc; nâng tổng số chi bộ trực thuộc Đảng bộ xã lên 23 chi bộ.",Văn bản số (Digital Text / Bóc tách chuyên sâu),🌟 [Đề án trọng tâm - Đã phân tích],A32.65-ĐU-ĐA-0006-2026.pdf,3991.0
